track_id,stable,broad_type,name,frame_id,frame_num,node_id,pixel_r,pixel_c,node_type,confidence
1,False,bifurcation,p0006_00000002_f0015_5,f0015,15,3,139.0,393.0,bifurcation,0.8732
1,False,bifurcation,p0006_00000002_f0018_5,f0018,18,4,136.0,402.0,bifurcation,0.9737
2,False,bifurcation,p0006_00000002_f0016_5,f0016,16,1,127.0,375.0,bifurcation,0.9325
3,False,artifact,p0006_00000002_f0017_5,f0017,17,2,127.0,384.0,short_branch_artifact,0.5575
4,False,artifact,p0006_00000002_f0019_5,f0019,19,12,164.0,342.0,short_branch_artifact,0.6174
5,False,artifact,p0006_00000002_f0019_5,f0019,19,16,172.0,449.0,short_branch_artifact,0.6025
6,False,artifact,p0006_00000002_f0020_5,f0020,20,12,177.0,239.0,short_branch_artifact,0.57
7,True,artifact,p0006_00000002_f0020_5,f0020,20,16,181.0,372.0,short_branch_artifact,0.596
7,True,artifact,p0006_00000002_f0023_5,f0023,23,13,193.0,375.0,short_branch_artifact,0.45
7,True,artifact,p0006_00000002_f0025_5,f0025,25,34,184.0,388.0,short_branch_artifact,0.4584
8,False,artifact,p0006_00000002_f0020_5,f0020,20,22,187.0,233.0,short_branch_artifact,0.599
9,False,bifurcation,p0006_00000002_f0020_5,f0020,20,25,196.0,462.0,bifurcation,0.9065
10,False,artifact,p0006_00000002_f0021_5,f0021,21,11,183.0,259.0,short_branch_artifact,0.5902
10,False,artifact,p0006_00000002_f0022_5,f0022,22,14,186.0,265.0,short_branch_artifact,0.6122
11,False,artifact,p0006_00000002_f0021_5,f0021,21,21,227.0,489.0,short_branch_artifact,0.6102
11,False,artifact,p0006_00000002_f0024_5,f0024,24,29,219.0,499.0,short_branch_artifact,0.6072
12,False,bifurcation,p0006_00000002_f0021_5,f0021,21,16,195.0,392.0,bifurcation,0.9568
13,True,artifact,p0006_00000002_f0022_5,f0022,22,15,188.0,392.0,short_branch_artifact,0.5598
13,True,artifact,p0006_00000002_f0023_5,f0023,23,11,184.0,389.0,short_branch_artifact,0.5802
13,True,artifact,p0006_00000002_f0024_5,f0024,24,14,178.0,378.0,short_branch_artifact,0.5868
13,True,artifact,p0006_00000002_f0025_5,f0025,25,29,177.0,361.0,short_branch_artifact,0.5806
13,True,artifact,p0006_00000002_f0026_5,f0026,26,29,179.0,355.0,short_branch_artifact,0.5986
13,True,artifact,p0006_00000002_f0027_5,f0027,27,37,170.0,349.0,short_branch_artifact,0.5965
13,True,artifact,p0006_00000002_f0028_5,f0028,28,37,162.0,344.0,short_branch_artifact,0.642
13,True,artifact,p0006_00000002_f0030_5,f0030,30,25,150.0,332.0,short_branch_artifact,0.5623
14,True,artifact,p0006_00000002_f0022_5,f0022,22,24,201.0,406.0,short_branch_artifact,0.6293
14,True,artifact,p0006_00000002_f0023_5,f0023,23,16,197.0,410.0,short_branch_artifact,0.6019
14,True,artifact,p0006_00000002_f0026_5,f0026,26,35,197.0,410.0,short_branch_artifact,0.5525
14,True,artifact,p0006_00000002_f0027_5,f0027,27,43,184.0,408.0,short_branch_artifact,0.6022
15,True,artifact,p0006_00000002_f0022_5,f0022,22,29,212.0,403.0,short_branch_artifact,0.5831
15,True,artifact,p0006_00000002_f0023_5,f0023,23,20,205.0,406.0,short_branch_artifact,0.5867
15,True,artifact,p0006_00000002_f0024_5,f0024,24,21,200.0,400.0,short_branch_artifact,0.5446
15,True,artifact,p0006_00000002_f0025_5,f0025,25,41,199.0,390.0,short_branch_artifact,0.5092
15,True,artifact,p0006_00000002_f0027_5,f0027,27,49,192.0,403.0,short_branch_artifact,0.6238
15,True,artifact,p0006_00000002_f0030_5,f0030,30,51,191.0,394.0,short_branch_artifact,0.5603
15,True,artifact,p0006_00000002_f0032_5,f0032,32,23,189.0,402.0,short_branch_artifact,0.4599
15,True,artifact,p0006_00000002_f0034_5,f0034,34,19,188.0,413.0,short_branch_artifact,0.5518
15,True,artifact,p0006_00000002_f0036_5,f0036,36,22,187.0,411.0,short_branch_artifact,0.4774
15,True,artifact,p0006_00000002_f0037_5,f0037,37,29,184.0,414.0,short_branch_artifact,0.5373
15,True,artifact,p0006_00000002_f0038_5,f0038,38,41,171.0,410.0,short_branch_artifact,0.5352
15,True,artifact,p0006_00000002_f0039_5,f0039,39,37,165.0,406.0,short_branch_artifact,0.5485
15,True,artifact,p0006_00000002_f0040_5,f0040,40,42,158.0,399.0,short_branch_artifact,0.6128
15,True,artifact,p0006_00000002_f0041_5,f0041,41,41,164.0,401.0,short_branch_artifact,0.589
16,False,artifact,p0006_00000002_f0022_5,f0022,22,31,216.0,261.0,short_branch_artifact,0.5877
17,True,artifact,p0006_00000002_f0022_5,f0022,22,34,223.0,411.0,short_branch_artifact,0.5733
17,True,artifact,p0006_00000002_f0023_5,f0023,23,24,220.0,417.0,short_branch_artifact,0.5111
17,True,artifact,p0006_00000002_f0024_5,f0024,24,32,230.0,420.0,short_branch_artifact,0.562
18,False,artifact,p0006_00000002_f0022_5,f0022,22,42,247.0,509.0,short_branch_artifact,0.5657
19,False,artifact,p0006_00000002_f0022_5,f0022,22,67,345.0,540.0,short_branch_artifact,0.6155
20,False,artifact,p0006_00000002_f0022_5,f0022,22,72,367.0,555.0,short_branch_artifact,0.6182
21,False,bifurcation,p0006_00000002_f0022_5,f0022,22,19,198.0,373.0,bifurcation,0.7663
22,False,bifurcation,p0006_00000002_f0022_5,f0022,22,50,280.0,513.0,bifurcation,1.0
22,False,bifurcation,p0006_00000002_f0023_5,f0023,23,40,270.0,503.0,bifurcation,1.0
23,True,artifact,p0006_00000002_f0023_5,f0023,23,22,214.0,475.0,short_branch_artifact,0.45
23,True,artifact,p0006_00000002_f0025_5,f0025,25,52,218.0,473.0,short_branch_artifact,0.6163
23,True,artifact,p0006_00000002_f0026_5,f0026,26,43,204.0,467.0,short_branch_artifact,0.5248
23,True,artifact,p0006_00000002_f0027_5,f0027,27,65,217.0,472.0,short_branch_artifact,0.5896
23,True,artifact,p0006_00000002_f0028_5,f0028,28,67,216.0,477.0,short_branch_artifact,0.6123
24,False,artifact,p0006_00000002_f0023_5,f0023,23,29,244.0,421.0,short_branch_artifact,0.5661
24,False,artifact,p0006_00000002_f0024_5,f0024,24,41,243.0,422.0,short_branch_artifact,0.5987
25,False,uncertain,p0006_00000002_f0023_5,f0023,23,30,244.0,506.0,uncertain_high_order_branch,0.683
26,True,artifact,p0006_00000002_f0024_5,f0024,24,17,191.0,469.0,short_branch_artifact,0.5127
26,True,artifact,p0006_00000002_f0025_5,f0025,25,31,179.0,463.0,short_branch_artifact,0.5155
26,True,artifact,p0006_00000002_f0029_5,f0029,29,50,178.0,455.0,short_branch_artifact,0.5728
26,True,artifact,p0006_00000002_f0030_5,f0030,30,46,185.0,457.0,short_branch_artifact,0.5671
26,True,artifact,p0006_00000002_f0032_5,f0032,32,20,182.0,459.0,short_branch_artifact,0.5114
27,False,artifact,p0006_00000002_f0024_5,f0024,24,26,208.0,501.0,short_branch_artifact,0.6178
28,False,artifact,p0006_00000002_f0024_5,f0024,24,30,227.0,509.0,short_branch_artifact,0.631
29,False,artifact,p0006_00000002_f0024_5,f0024,24,33,229.0,498.0,short_branch_artifact,0.5953
30,False,artifact,p0006_00000002_f0024_5,f0024,24,35,236.0,450.0,short_branch_artifact,0.5833
31,False,artifact,p0006_00000002_f0024_5,f0024,24,42,247.0,449.0,short_branch_artifact,0.6035
32,False,artifact,p0006_00000002_f0024_5,f0024,24,49,266.0,509.0,short_branch_artifact,0.6352
32,False,artifact,p0006_00000002_f0025_5,f0025,25,74,267.0,505.0,short_branch_artifact,0.6358
33,True,artifact,p0006_00000002_f0024_5,f0024,24,78,464.0,656.0,short_branch_artifact,0.6275
33,True,artifact,p0006_00000002_f0025_5,f0025,25,124,450.0,646.0,short_branch_artifact,0.6309
33,True,artifact,p0006_00000002_f0028_5,f0028,28,160,436.0,641.0,short_branch_artifact,0.6313
33,True,artifact,p0006_00000002_f0030_5,f0030,30,152,434.0,648.0,short_branch_artifact,0.629
33,True,artifact,p0006_00000002_f0032_5,f0032,32,122,426.0,645.0,short_branch_artifact,0.6172
34,False,bifurcation,p0006_00000002_f0024_5,f0024,24,37,238.0,539.0,bifurcation,1.0
35,False,bifurcation,p0006_00000002_f0024_5,f0024,24,56,301.0,527.0,bifurcation,1.0
36,False,crossing_or_overlap,p0006_00000002_f0024_5,f0024,24,59,320.0,546.0,crossing_or_overlap,0.7604
37,True,artifact,p0006_00000002_f0025_5,f0025,25,20,149.0,367.0,short_branch_artifact,0.4655
37,True,artifact,p0006_00000002_f0026_5,f0026,26,14,143.0,374.0,short_branch_artifact,0.5608
37,True,artifact,p0006_00000002_f0027_5,f0027,27,4,134.0,363.0,short_branch_artifact,0.5668
37,True,artifact,p0006_00000002_f0028_5,f0028,28,16,136.0,367.0,short_branch_artifact,0.5271
37,True,artifact,p0006_00000002_f0029_5,f0029,29,21,142.0,367.0,short_branch_artifact,0.4594
38,False,artifact,p0006_00000002_f0025_5,f0025,25,28,173.0,472.0,short_branch_artifact,0.45
38,False,artifact,p0006_00000002_f0026_5,f0026,26,23,166.0,472.0,short_branch_artifact,0.45
39,True,artifact,p0006_00000002_f0025_5,f0025,25,33,186.0,453.0,short_branch_artifact,0.4727
39,True,artifact,p0006_00000002_f0026_5,f0026,26,37,196.0,443.0,short_branch_artifact,0.5559
39,True,artifact,p0006_00000002_f0027_5,f0027,27,47,189.0,453.0,short_branch_artifact,0.5776
39,True,artifact,p0006_00000002_f0028_5,f0028,28,51,188.0,442.0,short_branch_artifact,0.5302
39,True,artifact,p0006_00000002_f0029_5,f0029,29,58,188.0,448.0,short_branch_artifact,0.5796
40,False,artifact,p0006_00000002_f0025_5,f0025,25,36,191.0,356.0,short_branch_artifact,0.5986
40,False,artifact,p0006_00000002_f0027_5,f0027,27,55,200.0,343.0,short_branch_artifact,0.6279
41,True,artifact,p0006_00000002_f0025_5,f0025,25,71,255.0,565.0,short_branch_artifact,0.5877
41,True,artifact,p0006_00000002_f0026_5,f0026,26,66,252.0,568.0,short_branch_artifact,0.6091
41,True,artifact,p0006_00000002_f0030_5,f0030,30,70,247.0,578.0,short_branch_artifact,0.5738
42,False,artifact,p0006_00000002_f0025_5,f0025,25,77,274.0,514.0,short_branch_artifact,0.6141
42,False,artifact,p0006_00000002_f0029_5,f0029,29,101,275.0,527.0,short_branch_artifact,0.6024
43,True,artifact,p0006_00000002_f0025_5,f0025,25,79,276.0,505.0,short_branch_artifact,0.6142
43,True,artifact,p0006_00000002_f0026_5,f0026,26,77,284.0,504.0,short_branch_artifact,0.6262
43,True,artifact,p0006_00000002_f0029_5,f0029,29,105,282.0,514.0,short_branch_artifact,0.5965
43,True,artifact,p0006_00000002_f0031_5,f0031,31,67,270.0,514.0,short_branch_artifact,0.5662
43,True,artifact,p0006_00000002_f0032_5,f0032,32,57,275.0,514.0,short_branch_artifact,0.5911
43,True,artifact,p0006_00000002_f0033_5,f0033,33,65,283.0,498.0,short_branch_artifact,0.6383
43,True,artifact,p0006_00000002_f0034_5,f0034,34,65,283.0,496.0,short_branch_artifact,0.5788
43,True,artifact,p0006_00000002_f0035_5,f0035,35,70,275.0,508.0,short_branch_artifact,0.6051
43,True,artifact,p0006_00000002_f0037_5,f0037,37,70,277.0,515.0,short_branch_artifact,0.6024
43,True,artifact,p0006_00000002_f0038_5,f0038,38,110,278.0,514.0,short_branch_artifact,0.6118
43,True,artifact,p0006_00000002_f0041_5,f0041,41,93,273.0,515.0,short_branch_artifact,0.6277
43,True,artifact,p0006_00000002_f0043_5,f0043,43,58,265.0,511.0,short_branch_artifact,0.5913
43,True,artifact,p0006_00000002_f0045_5,f0045,45,58,263.0,514.0,short_branch_artifact,0.5816
43,True,artifact,p0006_00000002_f0046_5,f0046,46,50,255.0,521.0,short_branch_artifact,0.5957
44,False,artifact,p0006_00000002_f0025_5,f0025,25,86,293.0,517.0,short_branch_artifact,0.5974
44,False,artifact,p0006_00000002_f0026_5,f0026,26,80,291.0,509.0,short_branch_artifact,0.6239
45,True,artifact,p0006_00000002_f0025_5,f0025,25,96,313.0,534.0,short_branch_artifact,0.6188
45,True,artifact,p0006_00000002_f0028_5,f0028,28,103,298.0,534.0,short_branch_artifact,0.6216
45,True,artifact,p0006_00000002_f0031_5,f0031,31,79,300.0,530.0,short_branch_artifact,0.5869
45,True,artifact,p0006_00000002_f0035_5,f0035,35,87,298.0,539.0,short_branch_artifact,0.6243
45,True,artifact,p0006_00000002_f0038_5,f0038,38,121,295.0,526.0,short_branch_artifact,0.5882
45,True,artifact,p0006_00000002_f0040_5,f0040,40,114,279.0,532.0,short_branch_artifact,0.622
45,True,artifact,p0006_00000002_f0041_5,f0041,41,99,284.0,540.0,short_branch_artifact,0.5755
46,True,artifact,p0006_00000002_f0025_5,f0025,25,97,322.0,542.0,short_branch_artifact,0.6199
46,True,artifact,p0006_00000002_f0028_5,f0028,28,116,336.0,550.0,short_branch_artifact,0.6287
46,True,artifact,p0006_00000002_f0032_5,f0032,32,79,326.0,539.0,short_branch_artifact,0.6023
46,True,artifact,p0006_00000002_f0033_5,f0033,33,84,326.0,537.0,short_branch_artifact,0.6283
46,True,artifact,p0006_00000002_f0034_5,f0034,34,91,328.0,547.0,short_branch_artifact,0.6254
47,True,artifact,p0006_00000002_f0025_5,f0025,25,125,454.0,645.0,short_branch_artifact,0.6316
47,True,artifact,p0006_00000002_f0028_5,f0028,28,161,442.0,638.0,short_branch_artifact,0.6223
47,True,artifact,p0006_00000002_f0030_5,f0030,30,153,438.0,648.0,short_branch_artifact,0.6427
47,True,artifact,p0006_00000002_f0032_5,f0032,32,125,430.0,654.0,short_branch_artifact,0.6002
47,True,artifact,p0006_00000002_f0033_5,f0033,33,143,434.0,651.0,short_branch_artifact,0.6228
48,False,bifurcation,p0006_00000002_f0025_5,f0025,25,25,162.0,435.0,bifurcation,0.8688
49,False,bifurcation,p0006_00000002_f0025_5,f0025,25,27,165.0,392.0,bifurcation,1.0
50,False,bifurcation,p0006_00000002_f0025_5,f0025,25,47,211.0,409.0,bifurcation,0.7546
51,False,bifurcation,p0006_00000002_f0025_5,f0025,25,56,223.0,338.0,bifurcation,0.974
52,True,bifurcation,p0006_00000002_f0025_5,f0025,25,75,272.0,402.0,bifurcation,1.0
52,True,bifurcation,p0006_00000002_f0026_5,f0026,26,69,262.0,403.0,bifurcation,1.0
52,True,bifurcation,p0006_00000002_f0027_5,f0027,27,82,256.0,398.0,bifurcation,0.9642
52,True,bifurcation,p0006_00000002_f0028_5,f0028,28,75,250.0,383.0,bifurcation,1.0
53,False,crossing_or_overlap,p0006_00000002_f0025_5,f0025,25,22,153.0,353.0,crossing_or_overlap,0.7961
53,False,crossing_or_overlap,p0006_00000002_f0027_5,f0027,27,21,155.0,368.0,crossing_or_overlap,0.7502
54,False,crossing_or_overlap,p0006_00000002_f0025_5,f0025,25,84,286.0,503.0,crossing_or_overlap,0.8458
55,False,uncertain,p0006_00000002_f0025_5,f0025,25,21,150.0,439.0,uncertain_high_order_branch,0.7173
56,False,uncertain,p0006_00000002_f0025_5,f0025,25,44,205.0,441.0,uncertain_high_order_branch,0.5843
57,True,artifact,p0006_00000002_f0026_5,f0026,26,13,138.0,427.0,short_branch_artifact,0.543
57,True,artifact,p0006_00000002_f0027_5,f0027,27,5,128.0,416.0,short_branch_artifact,0.5339
57,True,artifact,p0006_00000002_f0028_5,f0028,28,3,116.0,409.0,short_branch_artifact,0.5007
58,True,artifact,p0006_00000002_f0026_5,f0026,26,17,154.0,427.0,short_branch_artifact,0.5236
58,True,artifact,p0006_00000002_f0027_5,f0027,27,19,146.0,416.0,short_branch_artifact,0.4985
58,True,artifact,p0006_00000002_f0028_5,f0028,28,13,135.0,404.0,short_branch_artifact,0.4799
59,True,artifact,p0006_00000002_f0026_5,f0026,26,18,159.0,365.0,short_branch_artifact,0.5026
59,True,artifact,p0006_00000002_f0027_5,f0027,27,18,150.0,355.0,short_branch_artifact,0.5032
59,True,artifact,p0006_00000002_f0030_5,f0030,30,33,155.0,365.0,short_branch_artifact,0.5182
60,True,artifact,p0006_00000002_f0026_5,f0026,26,20,159.0,384.0,short_branch_artifact,0.6051
60,True,artifact,p0006_00000002_f0028_5,f0028,28,43,170.0,386.0,short_branch_artifact,0.6128
60,True,artifact,p0006_00000002_f0029_5,f0029,29,49,176.0,392.0,short_branch_artifact,0.6053
60,True,artifact,p0006_00000002_f0031_5,f0031,31,25,175.0,380.0,short_branch_artifact,0.515
60,True,artifact,p0006_00000002_f0032_5,f0032,32,13,168.0,381.0,short_branch_artifact,0.5763
60,True,artifact,p0006_00000002_f0034_5,f0034,34,12,181.0,383.0,short_branch_artifact,0.45
60,True,artifact,p0006_00000002_f0035_5,f0035,35,10,178.0,383.0,short_branch_artifact,0.45
60,True,artifact,p0006_00000002_f0037_5,f0037,37,18,163.0,377.0,short_branch_artifact,0.5568
61,False,artifact,p0006_00000002_f0026_5,f0026,26,40,200.0,467.0,short_branch_artifact,0.6122
61,False,artifact,p0006_00000002_f0029_5,f0029,29,70,202.0,469.0,short_branch_artifact,0.5938
62,False,artifact,p0006_00000002_f0026_5,f0026,26,44,204.0,443.0,short_branch_artifact,0.5623
62,False,artifact,p0006_00000002_f0028_5,f0028,28,58,197.0,433.0,short_branch_artifact,0.5459
63,False,artifact,p0006_00000002_f0026_5,f0026,26,45,204.0,451.0,short_branch_artifact,0.6267
63,False,artifact,p0006_00000002_f0030_5,f0030,30,52,202.0,446.0,short_branch_artifact,0.5898
64,False,artifact,p0006_00000002_f0026_5,f0026,26,78,285.0,490.0,short_branch_artifact,0.6354
65,True,artifact,p0006_00000002_f0026_5,f0026,26,104,338.0,559.0,short_branch_artifact,0.613
65,True,artifact,p0006_00000002_f0027_5,f0027,27,124,353.0,561.0,short_branch_artifact,0.6025
65,True,artifact,p0006_00000002_f0028_5,f0028,28,117,341.0,557.0,short_branch_artifact,0.6314
65,True,artifact,p0006_00000002_f0030_5,f0030,30,117,343.0,562.0,short_branch_artifact,0.6392
65,True,artifact,p0006_00000002_f0033_5,f0033,33,96,346.0,549.0,short_branch_artifact,0.6263
65,True,artifact,p0006_00000002_f0034_5,f0034,34,105,350.0,561.0,short_branch_artifact,0.643
66,False,artifact,p0006_00000002_f0026_5,f0026,26,114,369.0,403.0,short_branch_artifact,0.6418
66,False,artifact,p0006_00000002_f0027_5,f0027,27,132,367.0,402.0,short_branch_artifact,0.6398
67,False,artifact,p0006_00000002_f0026_5,f0026,26,124,386.0,527.0,short_branch_artifact,0.6207
68,False,crossing_or_overlap,p0006_00000002_f0026_5,f0026,26,27,178.0,459.0,crossing_or_overlap,0.7985
69,True,crossing_or_overlap,p0006_00000002_f0026_5,f0026,26,60,243.0,497.0,crossing_or_overlap,0.6564
69,True,crossing_or_overlap,p0006_00000002_f0028_5,f0028,28,77,253.0,487.0,crossing_or_overlap,0.8208
69,True,crossing_or_overlap,p0006_00000002_f0029_5,f0029,29,88,249.0,497.0,crossing_or_overlap,0.7319
69,True,crossing_or_overlap,p0006_00000002_f0030_5,f0030,30,72,253.0,501.0,crossing_or_overlap,0.7608
70,True,crossing_or_overlap,p0006_00000002_f0026_5,f0026,26,82,297.0,528.0,crossing_or_overlap,0.8018
70,True,crossing_or_overlap,p0006_00000002_f0028_5,f0028,28,93,286.0,538.0,crossing_or_overlap,0.754
70,True,crossing_or_overlap,p0006_00000002_f0029_5,f0029,29,107,288.0,530.0,crossing_or_overlap,0.7524
71,False,crossing_or_overlap,p0006_00000002_f0026_5,f0026,26,93,309.0,469.0,crossing_or_overlap,0.9081
72,False,crossing_or_overlap,p0006_00000002_f0026_5,f0026,26,94,311.0,524.0,crossing_or_overlap,0.7721
73,True,crossing_or_overlap,p0006_00000002_f0026_5,f0026,26,139,459.0,643.0,crossing_or_overlap,0.7216
73,True,crossing_or_overlap,p0006_00000002_f0027_5,f0027,27,166,447.0,637.0,crossing_or_overlap,0.6972
73,True,crossing_or_overlap,p0006_00000002_f0029_5,f0029,29,187,443.0,642.0,crossing_or_overlap,0.7829
74,True,artifact,p0006_00000002_f0027_5,f0027,27,12,140.0,224.0,short_branch_artifact,0.6001
74,True,artifact,p0006_00000002_f0029_5,f0029,29,12,129.0,219.0,short_branch_artifact,0.6155
74,True,artifact,p0006_00000002_f0030_5,f0030,30,15,135.0,220.0,short_branch_artifact,0.5976
75,True,artifact,p0006_00000002_f0027_5,f0027,27,16,145.0,445.0,short_branch_artifact,0.5172
75,True,artifact,p0006_00000002_f0028_5,f0028,28,17,138.0,445.0,short_branch_artifact,0.4996
75,True,artifact,p0006_00000002_f0029_5,f0029,29,25,142.0,461.0,short_branch_artifact,0.5928
75,True,artifact,p0006_00000002_f0030_5,f0030,30,14,139.0,460.0,short_branch_artifact,0.5538
76,True,artifact,p0006_00000002_f0027_5,f0027,27,24,149.0,437.0,short_branch_artifact,0.5088
76,True,artifact,p0006_00000002_f0028_5,f0028,28,26,147.0,435.0,short_branch_artifact,0.5758
76,True,artifact,p0006_00000002_f0029_5,f0029,29,27,144.0,441.0,short_branch_artifact,0.5834
76,True,artifact,p0006_00000002_f0030_5,f0030,30,30,151.0,433.0,short_branch_artifact,0.5479
77,False,artifact,p0006_00000002_f0027_5,f0027,27,40,189.0,338.0,short_branch_artifact,0.637
78,False,artifact,p0006_00000002_f0027_5,f0027,27,69,233.0,554.0,short_branch_artifact,0.5937
78,False,artifact,p0006_00000002_f0028_5,f0028,28,72,230.0,559.0,short_branch_artifact,0.5769
79,False,artifact,p0006_00000002_f0027_5,f0027,27,136,371.0,399.0,short_branch_artifact,0.6334
80,False,artifact,p0006_00000002_f0027_5,f0027,27,151,399.0,394.0,short_branch_artifact,0.648
81,False,bifurcation,p0006_00000002_f0027_5,f0027,27,138,376.0,572.0,bifurcation,1.0
82,False,bifurcation,p0006_00000002_f0027_5,f0027,27,156,413.0,627.0,bifurcation,1.0
82,False,bifurcation,p0006_00000002_f0031_5,f0031,31,121,421.0,643.0,bifurcation,1.0
83,False,crossing_or_overlap,p0006_00000002_f0027_5,f0027,27,27,159.0,454.0,crossing_or_overlap,0.6442
83,False,crossing_or_overlap,p0006_00000002_f0031_5,f0031,31,26,173.0,459.0,crossing_or_overlap,0.62
84,True,crossing_or_overlap,p0006_00000002_f0027_5,f0027,27,88,269.0,492.0,crossing_or_overlap,0.7885
84,True,crossing_or_overlap,p0006_00000002_f0029_5,f0029,29,96,269.0,510.0,crossing_or_overlap,0.8582
84,True,crossing_or_overlap,p0006_00000002_f0033_5,f0033,33,56,271.0,510.0,crossing_or_overlap,0.7475
85,True,crossing_or_overlap,p0006_00000002_f0027_5,f0027,27,98,289.0,465.0,crossing_or_overlap,0.8686
85,True,crossing_or_overlap,p0006_00000002_f0028_5,f0028,28,88,278.0,452.0,crossing_or_overlap,0.8547
85,True,crossing_or_overlap,p0006_00000002_f0029_5,f0029,29,99,275.0,450.0,crossing_or_overlap,0.8759
86,False,artifact,p0006_00000002_f0028_5,f0028,28,2,112.0,395.0,short_branch_artifact,0.5252
87,True,artifact,p0006_00000002_f0028_5,f0028,28,4,122.0,342.0,short_branch_artifact,0.5406
87,True,artifact,p0006_00000002_f0029_5,f0029,29,8,125.0,343.0,short_branch_artifact,0.5349
87,True,artifact,p0006_00000002_f0030_5,f0030,30,16,139.0,337.0,short_branch_artifact,0.5513
88,False,artifact,p0006_00000002_f0028_5,f0028,28,7,124.0,403.0,short_branch_artifact,0.4715
89,False,artifact,p0006_00000002_f0028_5,f0028,28,104,301.0,541.0,short_branch_artifact,0.6173
90,False,artifact,p0006_00000002_f0028_5,f0028,28,119,342.0,550.0,short_branch_artifact,0.6365
91,False,artifact,p0006_00000002_f0028_5,f0028,28,124,355.0,516.0,short_branch_artifact,0.6422
91,False,artifact,p0006_00000002_f0029_5,f0029,29,141,352.0,522.0,short_branch_artifact,0.6395
92,False,artifact,p0006_00000002_f0028_5,f0028,28,129,360.0,382.0,short_branch_artifact,0.6392
92,False,artifact,p0006_00000002_f0029_5,f0029,29,149,362.0,385.0,short_branch_artifact,0.6436
93,False,artifact,p0006_00000002_f0028_5,f0028,28,134,367.0,572.0,short_branch_artifact,0.6162
94,False,artifact,p0006_00000002_f0028_5,f0028,28,135,368.0,378.0,short_branch_artifact,0.6394
94,False,artifact,p0006_00000002_f0029_5,f0029,29,153,370.0,379.0,short_branch_artifact,0.6319
95,True,artifact,p0006_00000002_f0028_5,f0028,28,138,372.0,572.0,short_branch_artifact,0.6171
95,True,artifact,p0006_00000002_f0029_5,f0029,29,159,373.0,573.0,short_branch_artifact,0.6361
95,True,artifact,p0006_00000002_f0030_5,f0030,30,134,377.0,580.0,short_branch_artifact,0.634
95,True,artifact,p0006_00000002_f0033_5,f0033,33,111,368.0,592.0,short_branch_artifact,0.6286
96,True,artifact,p0006_00000002_f0028_5,f0028,28,152,404.0,630.0,short_branch_artifact,0.6378
96,True,artifact,p0006_00000002_f0029_5,f0029,29,175,406.0,632.0,short_branch_artifact,0.6285
96,True,artifact,p0006_00000002_f0030_5,f0030,30,147,415.0,640.0,short_branch_artifact,0.6128
97,True,artifact,p0006_00000002_f0028_5,f0028,28,153,411.0,632.0,short_branch_artifact,0.6028
97,True,artifact,p0006_00000002_f0029_5,f0029,29,178,412.0,634.0,short_branch_artifact,0.6071
97,True,artifact,p0006_00000002_f0030_5,f0030,30,144,409.0,638.0,short_branch_artifact,0.6275
98,False,bifurcation,p0006_00000002_f0028_5,f0028,28,9,127.0,316.0,bifurcation,0.9076
98,False,bifurcation,p0006_00000002_f0029_5,f0029,29,15,131.0,303.0,bifurcation,0.9348
99,True,bifurcation,p0006_00000002_f0028_5,f0028,28,52,186.0,387.0,bifurcation,0.9954
99,True,bifurcation,p0006_00000002_f0029_5,f0029,29,64,193.0,393.0,bifurcation,0.9509
99,True,bifurcation,p0006_00000002_f0030_5,f0030,30,58,207.0,396.0,bifurcation,1.0
100,False,uncertain,p0006_00000002_f0028_5,f0028,28,18,145.0,354.0,uncertain_high_order_branch,0.6507
101,False,uncertain,p0006_00000002_f0028_5,f0028,28,50,179.0,444.0,uncertain_high_order_branch,0.6748
102,False,artifact,p0006_00000002_f0029_5,f0029,29,69,200.0,538.0,short_branch_artifact,0.5854
103,True,artifact,p0006_00000002_f0029_5,f0029,29,84,231.0,495.0,short_branch_artifact,0.5916
103,True,artifact,p0006_00000002_f0032_5,f0032,32,44,231.0,491.0,short_branch_artifact,0.5609
103,True,artifact,p0006_00000002_f0033_5,f0033,33,30,221.0,494.0,short_branch_artifact,0.4804
103,True,artifact,p0006_00000002_f0036_5,f0036,36,42,229.0,489.0,short_branch_artifact,0.491
103,True,artifact,p0006_00000002_f0037_5,f0037,37,51,226.0,497.0,short_branch_artifact,0.5797
103,True,artifact,p0006_00000002_f0038_5,f0038,38,73,214.0,491.0,short_branch_artifact,0.5951
103,True,artifact,p0006_00000002_f0039_5,f0039,39,63,207.0,488.0,short_branch_artifact,0.5893
103,True,artifact,p0006_00000002_f0040_5,f0040,40,72,209.0,490.0,short_branch_artifact,0.5115
104,False,artifact,p0006_00000002_f0029_5,f0029,29,92,263.0,387.0,short_branch_artifact,0.6141
105,True,artifact,p0006_00000002_f0029_5,f0029,29,94,265.0,589.0,short_branch_artifact,0.6073
105,True,artifact,p0006_00000002_f0030_5,f0030,30,77,266.0,586.0,short_branch_artifact,0.6297
105,True,artifact,p0006_00000002_f0031_5,f0031,31,64,262.0,584.0,short_branch_artifact,0.5795
105,True,artifact,p0006_00000002_f0032_5,f0032,32,55,271.0,578.0,short_branch_artifact,0.5699
106,False,artifact,p0006_00000002_f0029_5,f0029,29,132,336.0,467.0,short_branch_artifact,0.6259
107,False,artifact,p0006_00000002_f0029_5,f0029,29,156,369.0,515.0,short_branch_artifact,0.6395
108,True,artifact,p0006_00000002_f0029_5,f0029,29,171,399.0,589.0,short_branch_artifact,0.6211
108,True,artifact,p0006_00000002_f0030_5,f0030,30,141,406.0,596.0,short_branch_artifact,0.6314
108,True,artifact,p0006_00000002_f0031_5,f0031,31,109,391.0,589.0,short_branch_artifact,0.6257
108,True,artifact,p0006_00000002_f0034_5,f0034,34,140,405.0,584.0,short_branch_artifact,0.6303
108,True,artifact,p0006_00000002_f0036_5,f0036,36,104,392.0,579.0,short_branch_artifact,0.6329
108,True,artifact,p0006_00000002_f0040_5,f0040,40,183,390.0,592.0,short_branch_artifact,0.609
108,True,artifact,p0006_00000002_f0044_5,f0044,44,115,385.0,595.0,short_branch_artifact,0.6057
109,False,artifact,p0006_00000002_f0029_5,f0029,29,206,537.0,622.0,short_branch_artifact,0.6383
110,False,artifact,p0006_00000002_f0029_5,f0029,29,210,552.0,611.0,short_branch_artifact,0.636
111,False,bifurcation,p0006_00000002_f0029_5,f0029,29,2,111.0,405.0,bifurcation,0.8974
112,False,bifurcation,p0006_00000002_f0029_5,f0029,29,22,139.0,419.0,bifurcation,0.8757
113,False,crossing_or_overlap,p0006_00000002_f0029_5,f0029,29,113,300.0,540.0,crossing_or_overlap,0.7874
114,False,uncertain,p0006_00000002_f0029_5,f0029,29,38,158.0,484.0,uncertain_high_order_branch,0.6121
115,True,artifact,p0006_00000002_f0030_5,f0030,30,75,254.0,510.0,short_branch_artifact,0.5699
115,True,artifact,p0006_00000002_f0031_5,f0031,31,60,248.0,503.0,short_branch_artifact,0.5716
115,True,artifact,p0006_00000002_f0032_5,f0032,32,47,241.0,487.0,short_branch_artifact,0.6079
115,True,artifact,p0006_00000002_f0033_5,f0033,33,51,257.0,489.0,short_branch_artifact,0.6436
115,True,artifact,p0006_00000002_f0034_5,f0034,34,59,268.0,499.0,short_branch_artifact,0.6145
115,True,artifact,p0006_00000002_f0035_5,f0035,35,63,267.0,491.0,short_branch_artifact,0.6046
116,False,artifact,p0006_00000002_f0030_5,f0030,30,82,266.0,599.0,short_branch_artifact,0.5872
117,False,artifact,p0006_00000002_f0030_5,f0030,30,88,276.0,460.0,short_branch_artifact,0.6026
118,False,bifurcation,p0006_00000002_f0030_5,f0030,30,57,203.0,539.0,bifurcation,1.0
119,False,bifurcation,p0006_00000002_f0030_5,f0030,30,81,267.0,397.0,bifurcation,1.0
120,False,bifurcation,p0006_00000002_f0030_5,f0030,30,100,303.0,544.0,bifurcation,1.0
121,False,uncertain,p0006_00000002_f0030_5,f0030,30,6,124.0,426.0,uncertain_high_order_branch,0.6839
122,False,uncertain,p0006_00000002_f0030_5,f0030,30,32,157.0,450.0,uncertain_complex_junction,0.6165
122,False,uncertain,p0006_00000002_f0031_5,f0031,31,21,159.0,463.0,uncertain_high_order_branch,0.6185
123,False,artifact,p0006_00000002_f0031_5,f0031,31,32,184.0,475.0,short_branch_artifact,0.5864
124,False,artifact,p0006_00000002_f0031_5,f0031,31,46,219.0,543.0,short_branch_artifact,0.6086
125,True,artifact,p0006_00000002_f0031_5,f0031,31,45,221.0,413.0,short_branch_artifact,0.5874
125,True,artifact,p0006_00000002_f0033_5,f0033,33,33,227.0,420.0,short_branch_artifact,0.5587
125,True,artifact,p0006_00000002_f0034_5,f0034,34,32,212.0,428.0,short_branch_artifact,0.4653
125,True,artifact,p0006_00000002_f0035_5,f0035,35,25,206.0,431.0,short_branch_artifact,0.4772
125,True,artifact,p0006_00000002_f0037_5,f0037,37,40,201.0,437.0,short_branch_artifact,0.5846
126,False,artifact,p0006_00000002_f0031_5,f0031,31,49,222.0,447.0,short_branch_artifact,0.6099
127,True,artifact,p0006_00000002_f0031_5,f0031,31,51,224.0,441.0,short_branch_artifact,0.6406
127,True,artifact,p0006_00000002_f0032_5,f0032,32,41,231.0,429.0,short_branch_artifact,0.5943
127,True,artifact,p0006_00000002_f0033_5,f0033,33,39,236.0,414.0,short_branch_artifact,0.6179
127,True,artifact,p0006_00000002_f0035_5,f0035,35,44,242.0,425.0,short_branch_artifact,0.6352
127,True,artifact,p0006_00000002_f0038_5,f0038,38,91,242.0,412.0,short_branch_artifact,0.6255
128,True,artifact,p0006_00000002_f0031_5,f0031,31,125,429.0,609.0,short_branch_artifact,0.6187
128,True,artifact,p0006_00000002_f0032_5,f0032,32,117,422.0,608.0,short_branch_artifact,0.6274
128,True,artifact,p0006_00000002_f0035_5,f0035,35,163,430.0,619.0,short_branch_artifact,0.6367
128,True,artifact,p0006_00000002_f0036_5,f0036,36,118,427.0,619.0,short_branch_artifact,0.6138
129,False,bifurcation,p0006_00000002_f0031_5,f0031,31,16,152.0,351.0,bifurcation,0.9987
130,True,bifurcation,p0006_00000002_f0031_5,f0031,31,70,285.0,411.0,bifurcation,1.0
130,True,bifurcation,p0006_00000002_f0032_5,f0032,32,65,297.0,424.0,bifurcation,1.0
130,True,bifurcation,p0006_00000002_f0033_5,f0033,33,73,303.0,440.0,bifurcation,1.0
130,True,bifurcation,p0006_00000002_f0034_5,f0034,34,80,306.0,441.0,bifurcation,0.9947
131,False,crossing_or_overlap,p0006_00000002_f0031_5,f0031,31,74,293.0,470.0,crossing_or_overlap,0.8317
132,False,crossing_or_overlap,p0006_00000002_f0031_5,f0031,31,112,396.0,409.0,crossing_or_overlap,0.8897
133,False,uncertain,p0006_00000002_f0031_5,f0031,31,126,438.0,652.0,uncertain_complex_junction,0.75
134,False,artifact,p0006_00000002_f0032_5,f0032,32,9,161.0,249.0,short_branch_artifact,0.6047
134,False,artifact,p0006_00000002_f0036_5,f0036,36,10,162.0,254.0,short_branch_artifact,0.6135
135,True,artifact,p0006_00000002_f0032_5,f0032,32,30,208.0,398.0,short_branch_artifact,0.5515
135,True,artifact,p0006_00000002_f0033_5,f0033,33,26,209.0,400.0,short_branch_artifact,0.5161
135,True,artifact,p0006_00000002_f0034_5,f0034,34,25,195.0,409.0,short_branch_artifact,0.5649
136,True,artifact,p0006_00000002_f0032_5,f0032,32,33,217.0,513.0,short_branch_artifact,0.5111
136,True,artifact,p0006_00000002_f0033_5,f0033,33,29,215.0,499.0,short_branch_artifact,0.5864
136,True,artifact,p0006_00000002_f0034_5,f0034,34,30,208.0,488.0,short_branch_artifact,0.45
136,True,artifact,p0006_00000002_f0035_5,f0035,35,21,198.0,481.0,short_branch_artifact,0.45
136,True,artifact,p0006_00000002_f0037_5,f0037,37,39,201.0,476.0,short_branch_artifact,0.6062
136,True,artifact,p0006_00000002_f0039_5,f0039,39,57,200.0,477.0,short_branch_artifact,0.5536
137,True,artifact,p0006_00000002_f0032_5,f0032,32,53,263.0,489.0,short_branch_artifact,0.5679
137,True,artifact,p0006_00000002_f0033_5,f0033,33,49,255.0,503.0,short_branch_artifact,0.6144
137,True,artifact,p0006_00000002_f0034_5,f0034,34,54,259.0,520.0,short_branch_artifact,0.6054
138,False,artifact,p0006_00000002_f0032_5,f0032,32,80,326.0,535.0,short_branch_artifact,0.6256
138,False,artifact,p0006_00000002_f0033_5,f0033,33,83,324.0,523.0,short_branch_artifact,0.6031
139,False,artifact,p0006_00000002_f0032_5,f0032,32,91,349.0,618.0,short_branch_artifact,0.6075
139,False,artifact,p0006_00000002_f0033_5,f0033,33,108,364.0,625.0,short_branch_artifact,0.6083
140,False,artifact,p0006_00000002_f0032_5,f0032,32,108,397.0,426.0,short_branch_artifact,0.6384
140,False,artifact,p0006_00000002_f0033_5,f0033,33,133,413.0,430.0,short_branch_artifact,0.6409
141,True,artifact,p0006_00000002_f0032_5,f0032,32,132,447.0,657.0,short_branch_artifact,0.6274
141,True,artifact,p0006_00000002_f0034_5,f0034,34,165,454.0,670.0,short_branch_artifact,0.6268
141,True,artifact,p0006_00000002_f0035_5,f0035,35,170,444.0,672.0,short_branch_artifact,0.6345
142,True,artifact,p0006_00000002_f0032_5,f0032,32,136,457.0,655.0,short_branch_artifact,0.6176
142,True,artifact,p0006_00000002_f0034_5,f0034,34,166,455.0,666.0,short_branch_artifact,0.6139
142,True,artifact,p0006_00000002_f0038_5,f0038,38,196,445.0,653.0,short_branch_artifact,0.6289
142,True,artifact,p0006_00000002_f0039_5,f0039,39,191,434.0,645.0,short_branch_artifact,0.6248
142,True,artifact,p0006_00000002_f0041_5,f0041,41,165,432.0,645.0,short_branch_artifact,0.6219
143,False,bifurcation,p0006_00000002_f0032_5,f0032,32,52,262.0,503.0,bifurcation,0.8775
144,False,bifurcation,p0006_00000002_f0032_5,f0032,32,54,269.0,529.0,bifurcation,1.0
144,False,bifurcation,p0006_00000002_f0034_5,f0034,34,64,279.0,523.0,bifurcation,1.0
145,False,bifurcation,p0006_00000002_f0032_5,f0032,32,68,303.0,521.0,bifurcation,0.9354
146,False,uncertain,p0006_00000002_f0032_5,f0032,32,24,191.0,481.0,uncertain_high_order_branch,0.6165
147,True,artifact,p0006_00000002_f0033_5,f0033,33,9,170.0,268.0,short_branch_artifact,0.6138
147,True,artifact,p0006_00000002_f0034_5,f0034,34,8,175.0,274.0,short_branch_artifact,0.6009
147,True,artifact,p0006_00000002_f0035_5,f0035,35,7,177.0,265.0,short_branch_artifact,0.5963
148,True,artifact,p0006_00000002_f0033_5,f0033,33,41,241.0,443.0,short_branch_artifact,0.5859
148,True,artifact,p0006_00000002_f0034_5,f0034,34,42,239.0,433.0,short_branch_artifact,0.522
148,True,artifact,p0006_00000002_f0035_5,f0035,35,37,232.0,433.0,short_branch_artifact,0.5098
148,True,artifact,p0006_00000002_f0036_5,f0036,36,41,226.0,431.0,short_branch_artifact,0.5899
149,True,artifact,p0006_00000002_f0033_5,f0033,33,66,286.0,588.0,short_branch_artifact,0.5565
149,True,artifact,p0006_00000002_f0035_5,f0035,35,78,286.0,587.0,short_branch_artifact,0.5532
149,True,artifact,p0006_00000002_f0037_5,f0037,37,69,272.0,592.0,short_branch_artifact,0.6009
150,False,artifact,p0006_00000002_f0033_5,f0033,33,101,350.0,579.0,short_branch_artifact,0.6181
151,False,artifact,p0006_00000002_f0033_5,f0033,33,103,356.0,576.0,short_branch_artifact,0.6272
152,False,artifact,p0006_00000002_f0033_5,f0033,33,105,361.0,632.0,short_branch_artifact,0.5983
152,False,artifact,p0006_00000002_f0036_5,f0036,36,87,364.0,642.0,short_branch_artifact,0.5954
153,False,artifact,p0006_00000002_f0033_5,f0033,33,118,380.0,640.0,short_branch_artifact,0.6158
153,False,artifact,p0006_00000002_f0034_5,f0034,34,129,384.0,641.0,short_branch_artifact,0.6272
154,True,artifact,p0006_00000002_f0033_5,f0033,33,128,404.0,602.0,short_branch_artifact,0.619
154,True,artifact,p0006_00000002_f0037_5,f0037,37,134,407.0,603.0,short_branch_artifact,0.6372
154,True,artifact,p0006_00000002_f0038_5,f0038,38,169,396.0,603.0,short_branch_artifact,0.6431
154,True,artifact,p0006_00000002_f0039_5,f0039,39,165,393.0,606.0,short_branch_artifact,0.624
154,True,artifact,p0006_00000002_f0042_5,f0042,42,148,394.0,600.0,short_branch_artifact,0.6459
155,False,artifact,p0006_00000002_f0033_5,f0033,33,141,434.0,432.0,short_branch_artifact,0.6315
155,False,artifact,p0006_00000002_f0034_5,f0034,34,158,440.0,430.0,short_branch_artifact,0.6445
156,False,artifact,p0006_00000002_f0033_5,f0033,33,176,535.0,654.0,short_branch_artifact,0.6387
156,False,artifact,p0006_00000002_f0035_5,f0035,35,191,518.0,652.0,short_branch_artifact,0.6377
157,True,artifact,p0006_00000002_f0033_5,f0033,33,178,544.0,646.0,short_branch_artifact,0.6383
157,True,artifact,p0006_00000002_f0036_5,f0036,36,151,536.0,643.0,short_branch_artifact,0.6279
157,True,artifact,p0006_00000002_f0037_5,f0037,37,167,525.0,635.0,short_branch_artifact,0.6456
157,True,artifact,p0006_00000002_f0040_5,f0040,40,225,511.0,637.0,short_branch_artifact,0.6242
158,False,artifact,p0006_00000002_f0033_5,f0033,33,179,547.0,649.0,short_branch_artifact,0.6479
159,True,bifurcation,p0006_00000002_f0033_5,f0033,33,12,181.0,400.0,bifurcation,1.0
159,True,bifurcation,p0006_00000002_f0034_5,f0034,34,10,172.0,400.0,bifurcation,1.0
159,True,bifurcation,p0006_00000002_f0036_5,f0036,36,11,165.0,385.0,bifurcation,1.0
160,False,bifurcation,p0006_00000002_f0033_5,f0033,33,46,249.0,390.0,bifurcation,1.0
161,False,bifurcation,p0006_00000002_f0033_5,f0033,33,122,386.0,589.0,bifurcation,0.9618
161,False,bifurcation,p0006_00000002_f0034_5,f0034,34,132,391.0,588.0,bifurcation,1.0
162,False,bifurcation,p0006_00000002_f0033_5,f0033,33,147,437.0,618.0,bifurcation,1.0
163,False,bifurcation,p0006_00000002_f0033_5,f0033,33,171,521.0,655.0,bifurcation,1.0
164,False,crossing_or_overlap,p0006_00000002_f0033_5,f0033,33,58,276.0,496.0,crossing_or_overlap,0.7658
165,False,crossing_or_overlap,p0006_00000002_f0033_5,f0033,33,61,279.0,509.0,crossing_or_overlap,0.6662
166,False,crossing_or_overlap,p0006_00000002_f0033_5,f0033,33,92,341.0,505.0,crossing_or_overlap,0.9053
166,False,crossing_or_overlap,p0006_00000002_f0034_5,f0034,34,110,354.0,505.0,crossing_or_overlap,0.8558
167,False,uncertain,p0006_00000002_f0033_5,f0033,33,154,452.0,665.0,uncertain_complex_junction,0.75
168,False,uncertain,p0006_00000002_f0033_5,f0033,33,175,538.0,649.0,uncertain_complex_junction,0.75
169,True,artifact,p0006_00000002_f0034_5,f0034,34,14,184.0,59.0,short_branch_artifact,0.627
169,True,artifact,p0006_00000002_f0035_5,f0035,35,12,181.0,59.0,short_branch_artifact,0.6362
169,True,artifact,p0006_00000002_f0036_5,f0036,36,17,178.0,43.0,short_branch_artifact,0.6487
170,False,artifact,p0006_00000002_f0034_5,f0034,34,20,191.0,264.0,short_branch_artifact,0.6289
171,False,artifact,p0006_00000002_f0034_5,f0034,34,27,201.0,37.0,short_branch_artifact,0.642
172,False,artifact,p0006_00000002_f0034_5,f0034,34,35,215.0,408.0,short_branch_artifact,0.517
172,False,artifact,p0006_00000002_f0035_5,f0035,35,24,209.0,405.0,short_branch_artifact,0.4581
173,False,artifact,p0006_00000002_f0034_5,f0034,34,40,231.0,274.0,short_branch_artifact,0.6386
174,False,artifact,p0006_00000002_f0034_5,f0034,34,41,233.0,519.0,short_branch_artifact,0.5164
175,False,artifact,p0006_00000002_f0034_5,f0034,34,45,242.0,535.0,short_branch_artifact,0.5829
175,False,artifact,p0006_00000002_f0035_5,f0035,35,42,241.0,529.0,short_branch_artifact,0.5308
176,False,artifact,p0006_00000002_f0034_5,f0034,34,44,244.0,444.0,short_branch_artifact,0.5756
176,False,artifact,p0006_00000002_f0035_5,f0035,35,40,238.0,444.0,short_branch_artifact,0.585
177,False,artifact,p0006_00000002_f0034_5,f0034,34,51,256.0,536.0,short_branch_artifact,0.5677
178,True,artifact,p0006_00000002_f0034_5,f0034,34,61,268.0,517.0,short_branch_artifact,0.5987
178,True,artifact,p0006_00000002_f0035_5,f0035,35,64,267.0,511.0,short_branch_artifact,0.5661
178,True,artifact,p0006_00000002_f0037_5,f0037,37,68,269.0,508.0,short_branch_artifact,0.628
178,True,artifact,p0006_00000002_f0038_5,f0038,38,101,267.0,508.0,short_branch_artifact,0.6258
178,True,artifact,p0006_00000002_f0040_5,f0040,40,104,262.0,525.0,short_branch_artifact,0.5862
178,True,artifact,p0006_00000002_f0041_5,f0041,41,91,269.0,521.0,short_branch_artifact,0.5932
178,True,artifact,p0006_00000002_f0042_5,f0042,42,101,275.0,530.0,short_branch_artifact,0.5549
179,True,artifact,p0006_00000002_f0034_5,f0034,34,89,328.0,555.0,short_branch_artifact,0.5454
179,True,artifact,p0006_00000002_f0036_5,f0036,36,75,334.0,557.0,short_branch_artifact,0.619
179,True,artifact,p0006_00000002_f0039_5,f0039,39,134,338.0,567.0,short_branch_artifact,0.6001
179,True,artifact,p0006_00000002_f0040_5,f0040,40,142,333.0,560.0,short_branch_artifact,0.6173
179,True,artifact,p0006_00000002_f0041_5,f0041,41,116,330.0,557.0,short_branch_artifact,0.6095
179,True,artifact,p0006_00000002_f0045_5,f0045,45,106,342.0,553.0,short_branch_artifact,0.625
179,True,artifact,p0006_00000002_f0046_5,f0046,46,92,329.0,549.0,short_branch_artifact,0.5999
179,True,artifact,p0006_00000002_f0047_5,f0047,47,85,339.0,555.0,short_branch_artifact,0.6472
179,True,artifact,p0006_00000002_f0048_5,f0048,48,81,330.0,563.0,short_branch_artifact,0.6308
180,False,artifact,p0006_00000002_f0034_5,f0034,34,92,329.0,503.0,short_branch_artifact,0.6114
180,False,artifact,p0006_00000002_f0035_5,f0035,35,101,321.0,507.0,short_branch_artifact,0.6268
181,False,artifact,p0006_00000002_f0034_5,f0034,34,99,339.0,626.0,short_branch_artifact,0.5334
182,False,artifact,p0006_00000002_f0034_5,f0034,34,115,358.0,556.0,short_branch_artifact,0.6219
183,True,artifact,p0006_00000002_f0034_5,f0034,34,135,394.0,650.0,short_branch_artifact,0.6239
183,True,artifact,p0006_00000002_f0037_5,f0037,37,137,404.0,639.0,short_branch_artifact,0.639
183,True,artifact,p0006_00000002_f0038_5,f0038,38,173,400.0,637.0,short_branch_artifact,0.6219
183,True,artifact,p0006_00000002_f0040_5,f0040,40,180,387.0,633.0,short_branch_artifact,0.6346
183,True,artifact,p0006_00000002_f0041_5,f0041,41,146,395.0,636.0,short_branch_artifact,0.6211
183,True,artifact,p0006_00000002_f0042_5,f0042,42,149,397.0,637.0,short_branch_artifact,0.6219
184,False,artifact,p0006_00000002_f0034_5,f0034,34,169,464.0,661.0,short_branch_artifact,0.6158
185,False,bifurcation,p0006_00000002_f0034_5,f0034,34,55,260.0,559.0,bifurcation,0.9352
186,False,bifurcation,p0006_00000002_f0034_5,f0034,34,118,367.0,628.0,bifurcation,1.0
187,False,crossing_or_overlap,p0006_00000002_f0034_5,f0034,34,85,316.0,551.0,crossing_or_overlap,0.6602
188,False,crossing_or_overlap,p0006_00000002_f0034_5,f0034,34,96,339.0,530.0,crossing_or_overlap,0.8997
188,False,crossing_or_overlap,p0006_00000002_f0035_5,f0035,35,105,327.0,522.0,crossing_or_overlap,0.9011
189,False,crossing_or_overlap,p0006_00000002_f0034_5,f0034,34,143,410.0,437.0,crossing_or_overlap,0.8676
190,False,artifact,p0006_00000002_f0035_5,f0035,35,55,257.0,413.0,short_branch_artifact,0.6273
190,False,artifact,p0006_00000002_f0037_5,f0037,37,60,255.0,411.0,short_branch_artifact,0.6185
191,False,artifact,p0006_00000002_f0035_5,f0035,35,58,270.0,397.0,short_branch_artifact,0.5842
192,False,artifact,p0006_00000002_f0035_5,f0035,35,72,279.0,489.0,short_branch_artifact,0.5603
193,False,artifact,p0006_00000002_f0035_5,f0035,35,76,284.0,489.0,short_branch_artifact,0.5892
194,False,artifact,p0006_00000002_f0035_5,f0035,35,88,298.0,433.0,short_branch_artifact,0.623
195,True,artifact,p0006_00000002_f0035_5,f0035,35,91,303.0,540.0,short_branch_artifact,0.6228
195,True,artifact,p0006_00000002_f0036_5,f0036,36,64,304.0,547.0,short_branch_artifact,0.6157
195,True,artifact,p0006_00000002_f0038_5,f0038,38,120,298.0,535.0,short_branch_artifact,0.6045
195,True,artifact,p0006_00000002_f0039_5,f0039,39,108,299.0,548.0,short_branch_artifact,0.5377
196,False,artifact,p0006_00000002_f0035_5,f0035,35,95,310.0,487.0,short_branch_artifact,0.6163
197,False,artifact,p0006_00000002_f0035_5,f0035,35,154,422.0,514.0,short_branch_artifact,0.6231
198,False,bifurcation,p0006_00000002_f0035_5,f0035,35,48,245.0,482.0,bifurcation,0.8902
199,False,bifurcation,p0006_00000002_f0035_5,f0035,35,100,319.0,538.0,bifurcation,0.9316
200,False,bifurcation,p0006_00000002_f0035_5,f0035,35,142,400.0,432.0,bifurcation,0.9816
201,False,crossing_or_overlap,p0006_00000002_f0035_5,f0035,35,13,187.0,412.0,crossing_or_overlap,0.7037
202,False,crossing_or_overlap,p0006_00000002_f0035_5,f0035,35,108,334.0,553.0,crossing_or_overlap,0.7959
203,False,crossing_or_overlap,p0006_00000002_f0035_5,f0035,35,116,346.0,548.0,crossing_or_overlap,0.9121
204,True,crossing_or_overlap,p0006_00000002_f0035_5,f0035,35,167,440.0,664.0,crossing_or_overlap,0.7259
204,True,crossing_or_overlap,p0006_00000002_f0036_5,f0036,36,126,442.0,665.0,crossing_or_overlap,0.7933
204,True,crossing_or_overlap,p0006_00000002_f0037_5,f0037,37,145,435.0,652.0,crossing_or_overlap,0.7659
204,True,crossing_or_overlap,p0006_00000002_f0040_5,f0040,40,196,421.0,646.0,crossing_or_overlap,0.8468
205,False,uncertain,p0006_00000002_f0035_5,f0035,35,36,227.0,513.0,uncertain_high_order_branch,0.6742
205,False,uncertain,p0006_00000002_f0036_5,f0036,36,35,216.0,504.0,uncertain_high_order_branch,0.6154
206,False,uncertain,p0006_00000002_f0035_5,f0035,35,51,255.0,504.0,uncertain_complex_junction,0.649
207,False,uncertain,p0006_00000002_f0035_5,f0035,35,113,346.0,493.0,uncertain_complex_junction,0.7262
208,False,artifact,p0006_00000002_f0036_5,f0036,36,18,176.0,477.0,short_branch_artifact,0.4876
209,False,artifact,p0006_00000002_f0036_5,f0036,36,27,195.0,389.0,short_branch_artifact,0.4789
210,False,artifact,p0006_00000002_f0036_5,f0036,36,29,195.0,509.0,short_branch_artifact,0.6063
211,True,artifact,p0006_00000002_f0036_5,f0036,36,45,229.0,559.0,short_branch_artifact,0.5887
211,True,artifact,p0006_00000002_f0037_5,f0037,37,55,239.0,572.0,short_branch_artifact,0.5983
211,True,artifact,p0006_00000002_f0038_5,f0038,38,83,232.0,570.0,short_branch_artifact,0.6052
211,True,artifact,p0006_00000002_f0041_5,f0041,41,67,225.0,572.0,short_branch_artifact,0.5701
211,True,artifact,p0006_00000002_f0042_5,f0042,42,78,232.0,575.0,short_branch_artifact,0.6067
212,False,artifact,p0006_00000002_f0036_5,f0036,36,91,374.0,493.0,short_branch_artifact,0.6135
213,False,artifact,p0006_00000002_f0036_5,f0036,36,100,389.0,573.0,short_branch_artifact,0.6261
214,False,artifact,p0006_00000002_f0036_5,f0036,36,101,391.0,425.0,short_branch_artifact,0.6435
215,False,bifurcation,p0006_00000002_f0036_5,f0036,36,44,229.0,466.0,bifurcation,0.8731
216,False,bifurcation,p0006_00000002_f0036_5,f0036,36,55,255.0,523.0,bifurcation,0.9631
217,False,bifurcation,p0006_00000002_f0036_5,f0036,36,60,287.0,422.0,bifurcation,0.9406
218,False,bifurcation,p0006_00000002_f0036_5,f0036,36,71,327.0,629.0,bifurcation,0.9455
219,False,bifurcation,p0006_00000002_f0036_5,f0036,36,115,424.0,605.0,bifurcation,1.0
219,False,bifurcation,p0006_00000002_f0038_5,f0038,38,181,412.0,601.0,bifurcation,1.0
220,False,bifurcation,p0006_00000002_f0036_5,f0036,36,133,466.0,660.0,bifurcation,1.0
221,True,artifact,p0006_00000002_f0037_5,f0037,37,12,140.0,375.0,short_branch_artifact,0.5445
221,True,artifact,p0006_00000002_f0038_5,f0038,38,27,147.0,375.0,short_branch_artifact,0.5238
221,True,artifact,p0006_00000002_f0039_5,f0039,39,20,143.0,367.0,short_branch_artifact,0.5341
221,True,artifact,p0006_00000002_f0041_5,f0041,41,19,132.0,371.0,short_branch_artifact,0.529
222,True,artifact,p0006_00000002_f0037_5,f0037,37,14,146.0,442.0,short_branch_artifact,0.5826
222,True,artifact,p0006_00000002_f0039_5,f0039,39,25,149.0,452.0,short_branch_artifact,0.556
222,True,artifact,p0006_00000002_f0042_5,f0042,42,32,149.0,451.0,short_branch_artifact,0.5613
222,True,artifact,p0006_00000002_f0043_5,f0043,43,13,145.0,456.0,short_branch_artifact,0.6376
223,True,artifact,p0006_00000002_f0037_5,f0037,37,16,156.0,369.0,short_branch_artifact,0.5208
223,True,artifact,p0006_00000002_f0038_5,f0038,38,36,162.0,360.0,short_branch_artifact,0.6048
223,True,artifact,p0006_00000002_f0039_5,f0039,39,31,156.0,354.0,short_branch_artifact,0.5819
223,True,artifact,p0006_00000002_f0040_5,f0040,40,37,151.0,345.0,short_branch_artifact,0.6184
224,True,artifact,p0006_00000002_f0037_5,f0037,37,17,156.0,395.0,short_branch_artifact,0.5542
224,True,artifact,p0006_00000002_f0038_5,f0038,38,25,143.0,392.0,short_branch_artifact,0.5601
224,True,artifact,p0006_00000002_f0039_5,f0039,39,16,137.0,387.0,short_branch_artifact,0.5347
225,True,artifact,p0006_00000002_f0037_5,f0037,37,20,166.0,461.0,short_branch_artifact,0.4728
225,True,artifact,p0006_00000002_f0038_5,f0038,38,30,153.0,473.0,short_branch_artifact,0.45
225,True,artifact,p0006_00000002_f0039_5,f0039,39,21,142.0,466.0,short_branch_artifact,0.45
225,True,artifact,p0006_00000002_f0042_5,f0042,42,31,147.0,473.0,short_branch_artifact,0.5775
226,True,artifact,p0006_00000002_f0037_5,f0037,37,30,185.0,450.0,short_branch_artifact,0.534
226,True,artifact,p0006_00000002_f0038_5,f0038,38,43,172.0,451.0,short_branch_artifact,0.5479
226,True,artifact,p0006_00000002_f0039_5,f0039,39,41,172.0,440.0,short_branch_artifact,0.6328
226,True,artifact,p0006_00000002_f0040_5,f0040,40,44,160.0,437.0,short_branch_artifact,0.6321
226,True,artifact,p0006_00000002_f0041_5,f0041,41,44,169.0,425.0,short_branch_artifact,0.5733
227,True,artifact,p0006_00000002_f0037_5,f0037,37,31,186.0,438.0,short_branch_artifact,0.6353
227,True,artifact,p0006_00000002_f0039_5,f0039,39,48,184.0,439.0,short_branch_artifact,0.6065
227,True,artifact,p0006_00000002_f0040_5,f0040,40,59,184.0,435.0,short_branch_artifact,0.5463
227,True,artifact,p0006_00000002_f0041_5,f0041,41,52,180.0,422.0,short_branch_artifact,0.5497
228,True,artifact,p0006_00000002_f0037_5,f0037,37,33,197.0,452.0,short_branch_artifact,0.6149
228,True,artifact,p0006_00000002_f0038_5,f0038,38,62,195.0,457.0,short_branch_artifact,0.4988
228,True,artifact,p0006_00000002_f0041_5,f0041,41,53,180.0,461.0,short_branch_artifact,0.6181
228,True,artifact,p0006_00000002_f0044_5,f0044,44,15,175.0,461.0,short_branch_artifact,0.5464
228,True,artifact,p0006_00000002_f0048_5,f0048,48,27,176.0,462.0,short_branch_artifact,0.5058
228,True,artifact,p0006_00000002_f0049_5,f0049,49,48,188.0,453.0,short_branch_artifact,0.6129
228,True,artifact,p0006_00000002_f0050_5,f0050,50,33,178.0,439.0,short_branch_artifact,0.4838
229,False,artifact,p0006_00000002_f0037_5,f0037,37,41,202.0,447.0,short_branch_artifact,0.6141
229,False,artifact,p0006_00000002_f0038_5,f0038,38,72,212.0,458.0,short_branch_artifact,0.5046
230,True,artifact,p0006_00000002_f0037_5,f0037,37,63,266.0,598.0,short_branch_artifact,0.6174
230,True,artifact,p0006_00000002_f0041_5,f0041,41,82,250.0,598.0,short_branch_artifact,0.6139
230,True,artifact,p0006_00000002_f0042_5,f0042,42,89,256.0,602.0,short_branch_artifact,0.622
230,True,artifact,p0006_00000002_f0043_5,f0043,43,61,272.0,605.0,short_branch_artifact,0.6382
230,True,artifact,p0006_00000002_f0044_5,f0044,44,69,289.0,608.0,short_branch_artifact,0.6242
230,True,artifact,p0006_00000002_f0045_5,f0045,45,77,299.0,607.0,short_branch_artifact,0.6468
231,True,artifact,p0006_00000002_f0037_5,f0037,37,72,276.0,527.0,short_branch_artifact,0.5901
231,True,artifact,p0006_00000002_f0038_5,f0038,38,107,273.0,536.0,short_branch_artifact,0.6066
231,True,artifact,p0006_00000002_f0040_5,f0040,40,98,260.0,529.0,short_branch_artifact,0.6229
231,True,artifact,p0006_00000002_f0043_5,f0043,43,54,258.0,515.0,short_branch_artifact,0.611
231,True,artifact,p0006_00000002_f0045_5,f0045,45,61,270.0,512.0,short_branch_artifact,0.5691
231,True,artifact,p0006_00000002_f0046_5,f0046,46,56,265.0,520.0,short_branch_artifact,0.5995
231,True,artifact,p0006_00000002_f0047_5,f0047,47,52,264.0,511.0,short_branch_artifact,0.5441
231,True,artifact,p0006_00000002_f0049_5,f0049,49,96,264.0,516.0,short_branch_artifact,0.5846
232,False,artifact,p0006_00000002_f0037_5,f0037,37,110,361.0,533.0,short_branch_artifact,0.6326
233,False,artifact,p0006_00000002_f0037_5,f0037,37,114,365.0,412.0,short_branch_artifact,0.6362
233,False,artifact,p0006_00000002_f0038_5,f0038,38,147,355.0,416.0,short_branch_artifact,0.6271
234,True,artifact,p0006_00000002_f0037_5,f0037,37,170,538.0,629.0,short_branch_artifact,0.6414
234,True,artifact,p0006_00000002_f0038_5,f0038,38,221,545.0,621.0,short_branch_artifact,0.6262
234,True,artifact,p0006_00000002_f0039_5,f0039,39,219,538.0,620.0,short_branch_artifact,0.6466
234,True,artifact,p0006_00000002_f0040_5,f0040,40,235,530.0,619.0,short_branch_artifact,0.6366
235,False,bifurcation,p0006_00000002_f0037_5,f0037,37,15,145.0,458.0,bifurcation,0.8693
236,False,bifurcation,p0006_00000002_f0037_5,f0037,37,37,198.0,413.0,bifurcation,0.9701
236,False,bifurcation,p0006_00000002_f0038_5,f0038,38,56,185.0,413.0,bifurcation,0.9384
237,False,bifurcation,p0006_00000002_f0037_5,f0037,37,127,384.0,506.0,bifurcation,1.0
238,False,crossing_or_overlap,p0006_00000002_f0037_5,f0037,37,24,179.0,365.0,crossing_or_overlap,0.8819
239,False,crossing_or_overlap,p0006_00000002_f0037_5,f0037,37,74,286.0,526.0,crossing_or_overlap,0.7019
240,False,crossing_or_overlap,p0006_00000002_f0037_5,f0037,37,83,292.0,474.0,crossing_or_overlap,0.8789
240,False,crossing_or_overlap,p0006_00000002_f0038_5,f0038,38,119,294.0,478.0,crossing_or_overlap,0.865
241,False,artifact,p0006_00000002_f0038_5,f0038,38,44,171.0,359.0,short_branch_artifact,0.635
242,False,artifact,p0006_00000002_f0038_5,f0038,38,69,203.0,360.0,short_branch_artifact,0.6325
243,False,artifact,p0006_00000002_f0038_5,f0038,38,108,280.0,549.0,short_branch_artifact,0.5734
243,False,artifact,p0006_00000002_f0040_5,f0040,40,110,271.0,541.0,short_branch_artifact,0.5893
244,False,artifact,p0006_00000002_f0038_5,f0038,38,153,363.0,408.0,short_branch_artifact,0.6413
244,False,artifact,p0006_00000002_f0042_5,f0042,42,138,366.0,407.0,short_branch_artifact,0.6431
245,True,artifact,p0006_00000002_f0038_5,f0038,38,159,372.0,587.0,short_branch_artifact,0.6225
245,True,artifact,p0006_00000002_f0039_5,f0039,39,151,360.0,578.0,short_branch_artifact,0.6108
245,True,artifact,p0006_00000002_f0040_5,f0040,40,148,344.0,572.0,short_branch_artifact,0.5891
245,True,artifact,p0006_00000002_f0044_5,f0044,44,93,337.0,575.0,short_branch_artifact,0.5872
245,True,artifact,p0006_00000002_f0046_5,f0046,46,97,333.0,563.0,short_branch_artifact,0.6419
245,True,artifact,p0006_00000002_f0047_5,f0047,47,78,332.0,557.0,short_branch_artifact,0.6031
245,True,artifact,p0006_00000002_f0048_5,f0048,48,78,327.0,557.0,short_branch_artifact,0.6158
245,True,artifact,p0006_00000002_f0049_5,f0049,49,142,321.0,555.0,short_branch_artifact,0.6205
246,False,artifact,p0006_00000002_f0038_5,f0038,38,167,395.0,404.0,short_branch_artifact,0.6477
246,False,artifact,p0006_00000002_f0042_5,f0042,42,147,398.0,392.0,short_branch_artifact,0.6321
247,True,artifact,p0006_00000002_f0038_5,f0038,38,177,404.0,638.0,short_branch_artifact,0.6243
247,True,artifact,p0006_00000002_f0040_5,f0040,40,184,392.0,635.0,short_branch_artifact,0.6118
247,True,artifact,p0006_00000002_f0041_5,f0041,41,143,390.0,635.0,short_branch_artifact,0.633
247,True,artifact,p0006_00000002_f0042_5,f0042,42,151,401.0,640.0,short_branch_artifact,0.6149
247,True,artifact,p0006_00000002_f0043_5,f0043,43,127,411.0,649.0,short_branch_artifact,0.6344
247,True,artifact,p0006_00000002_f0044_5,f0044,44,132,416.0,647.0,short_branch_artifact,0.6177
247,True,artifact,p0006_00000002_f0047_5,f0047,47,132,424.0,650.0,short_branch_artifact,0.6064
247,True,artifact,p0006_00000002_f0049_5,f0049,49,214,433.0,643.0,short_branch_artifact,0.6227
248,True,artifact,p0006_00000002_f0038_5,f0038,38,193,441.0,650.0,short_branch_artifact,0.6209
248,True,artifact,p0006_00000002_f0039_5,f0039,39,188,427.0,646.0,short_branch_artifact,0.6193
248,True,artifact,p0006_00000002_f0041_5,f0041,41,164,428.0,647.0,short_branch_artifact,0.6298
248,True,artifact,p0006_00000002_f0042_5,f0042,42,164,427.0,648.0,short_branch_artifact,0.6246
248,True,artifact,p0006_00000002_f0043_5,f0043,43,133,418.0,656.0,short_branch_artifact,0.6486
248,True,artifact,p0006_00000002_f0044_5,f0044,44,133,418.0,651.0,short_branch_artifact,0.6138
248,True,artifact,p0006_00000002_f0045_5,f0045,45,140,428.0,657.0,short_branch_artifact,0.6388
248,True,artifact,p0006_00000002_f0046_5,f0046,46,154,432.0,656.0,short_branch_artifact,0.6023
248,True,artifact,p0006_00000002_f0048_5,f0048,48,128,436.0,658.0,short_branch_artifact,0.6184
248,True,artifact,p0006_00000002_f0049_5,f0049,49,220,440.0,642.0,short_branch_artifact,0.6301
248,True,artifact,p0006_00000002_f0051_5,f0051,51,177,445.0,637.0,short_branch_artifact,0.6354
248,True,artifact,p0006_00000002_f0052_5,f0052,52,176,445.0,636.0,short_branch_artifact,0.642
249,False,bifurcation,p0006_00000002_f0038_5,f0038,38,9,124.0,347.0,bifurcation,0.7894
250,True,bifurcation,p0006_00000002_f0038_5,f0038,38,23,138.0,430.0,bifurcation,0.8854
250,True,bifurcation,p0006_00000002_f0039_5,f0039,39,13,131.0,420.0,bifurcation,0.8797
250,True,bifurcation,p0006_00000002_f0041_5,f0041,41,16,127.0,416.0,bifurcation,0.9434
250,True,bifurcation,p0006_00000002_f0042_5,f0042,42,27,139.0,429.0,bifurcation,0.9259
251,False,bifurcation,p0006_00000002_f0038_5,f0038,38,180,411.0,509.0,bifurcation,1.0
251,False,bifurcation,p0006_00000002_f0039_5,f0039,39,175,411.0,514.0,bifurcation,1.0
252,False,crossing_or_overlap,p0006_00000002_f0038_5,f0038,38,24,139.0,452.0,crossing_or_overlap,0.7623
252,False,crossing_or_overlap,p0006_00000002_f0039_5,f0039,39,14,132.0,444.0,crossing_or_overlap,0.8164
253,False,crossing_or_overlap,p0006_00000002_f0038_5,f0038,38,33,162.0,460.0,crossing_or_overlap,0.7229
254,False,crossing_or_overlap,p0006_00000002_f0038_5,f0038,38,54,188.0,454.0,crossing_or_overlap,0.6869
255,False,crossing_or_overlap,p0006_00000002_f0038_5,f0038,38,64,208.0,338.0,crossing_or_overlap,0.7262
256,False,uncertain,p0006_00000002_f0038_5,f0038,38,19,125.0,433.0,uncertain_high_order_branch,0.7547
256,False,uncertain,p0006_00000002_f0039_5,f0039,39,8,115.0,420.0,uncertain_high_order_branch,0.573
257,False,uncertain,p0006_00000002_f0038_5,f0038,38,17,136.0,374.0,uncertain_high_order_branch,0.6161
258,False,uncertain,p0006_00000002_f0038_5,f0038,38,31,158.0,385.0,uncertain_high_order_branch,0.6945
259,False,uncertain,p0006_00000002_f0038_5,f0038,38,50,184.0,467.0,uncertain_complex_junction,0.5663
260,False,artifact,p0006_00000002_f0039_5,f0039,39,9,119.0,370.0,short_branch_artifact,0.5913
260,False,artifact,p0006_00000002_f0040_5,f0040,40,14,123.0,362.0,short_branch_artifact,0.486
261,True,artifact,p0006_00000002_f0039_5,f0039,39,12,135.0,359.0,short_branch_artifact,0.4582
261,True,artifact,p0006_00000002_f0040_5,f0040,40,22,137.0,354.0,short_branch_artifact,0.5303
261,True,artifact,p0006_00000002_f0043_5,f0043,43,11,143.0,359.0,short_branch_artifact,0.5641
262,True,artifact,p0006_00000002_f0039_5,f0039,39,42,173.0,455.0,short_branch_artifact,0.539
262,True,artifact,p0006_00000002_f0040_5,f0040,40,52,173.0,444.0,short_branch_artifact,0.49
262,True,artifact,p0006_00000002_f0043_5,f0043,43,16,161.0,456.0,short_branch_artifact,0.5556
263,True,artifact,p0006_00000002_f0039_5,f0039,39,46,179.0,406.0,short_branch_artifact,0.5833
263,True,artifact,p0006_00000002_f0040_5,f0040,40,49,170.0,394.0,short_branch_artifact,0.6203
263,True,artifact,p0006_00000002_f0041_5,f0041,41,40,165.0,396.0,short_branch_artifact,0.6162
263,True,artifact,p0006_00000002_f0043_5,f0043,43,18,166.0,386.0,short_branch_artifact,0.5733
264,False,artifact,p0006_00000002_f0039_5,f0039,39,60,200.0,547.0,short_branch_artifact,0.6264
264,False,artifact,p0006_00000002_f0042_5,f0042,42,58,191.0,538.0,short_branch_artifact,0.5846
265,False,artifact,p0006_00000002_f0039_5,f0039,39,66,214.0,482.0,short_branch_artifact,0.6119
265,False,artifact,p0006_00000002_f0040_5,f0040,40,76,214.0,483.0,short_branch_artifact,0.5953
266,True,artifact,p0006_00000002_f0039_5,f0039,39,93,276.0,469.0,short_branch_artifact,0.5561
266,True,artifact,p0006_00000002_f0040_5,f0040,40,105,265.0,455.0,short_branch_artifact,0.5643
266,True,artifact,p0006_00000002_f0042_5,f0042,42,86,253.0,456.0,short_branch_artifact,0.5262
266,True,artifact,p0006_00000002_f0046_5,f0046,46,40,244.0,449.0,short_branch_artifact,0.5913
266,True,artifact,p0006_00000002_f0047_5,f0047,47,34,236.0,442.0,short_branch_artifact,0.5769
266,True,artifact,p0006_00000002_f0049_5,f0049,49,73,224.0,451.0,short_branch_artifact,0.4908
266,True,artifact,p0006_00000002_f0052_5,f0052,52,56,225.0,442.0,short_branch_artifact,0.6134
267,False,artifact,p0006_00000002_f0039_5,f0039,39,127,328.0,489.0,short_branch_artifact,0.5758
268,False,bifurcation,p0006_00000002_f0039_5,f0039,39,36,166.0,350.0,bifurcation,1.0
269,False,bifurcation,p0006_00000002_f0039_5,f0039,39,79,240.0,408.0,bifurcation,1.0
270,False,bifurcation,p0006_00000002_f0039_5,f0039,39,83,260.0,496.0,bifurcation,1.0
271,False,bifurcation,p0006_00000002_f0039_5,f0039,39,117,310.0,607.0,bifurcation,1.0
272,False,bifurcation,p0006_00000002_f0039_5,f0039,39,164,394.0,399.0,bifurcation,1.0
273,False,crossing_or_overlap,p0006_00000002_f0039_5,f0039,39,69,223.0,566.0,crossing_or_overlap,0.6624
274,False,crossing_or_overlap,p0006_00000002_f0039_5,f0039,39,147,355.0,411.0,crossing_or_overlap,0.8258
275,False,crossing_or_overlap,p0006_00000002_f0039_5,f0039,39,169,398.0,632.0,crossing_or_overlap,0.8646
276,False,crossing_or_overlap,p0006_00000002_f0039_5,f0039,39,209,512.0,562.0,crossing_or_overlap,0.9349
277,True,artifact,p0006_00000002_f0040_5,f0040,40,2,107.0,345.0,short_branch_artifact,0.5303
277,True,artifact,p0006_00000002_f0041_5,f0041,41,11,115.0,346.0,short_branch_artifact,0.5505
277,True,artifact,p0006_00000002_f0042_5,f0042,42,18,128.0,339.0,short_branch_artifact,0.5843
278,False,artifact,p0006_00000002_f0040_5,f0040,40,10,114.0,429.0,short_branch_artifact,0.584
279,False,artifact,p0006_00000002_f0040_5,f0040,40,15,120.0,418.0,short_branch_artifact,0.5766
279,False,artifact,p0006_00000002_f0042_5,f0042,42,4,108.0,412.0,short_branch_artifact,0.5292
280,True,artifact,p0006_00000002_f0040_5,f0040,40,60,185.0,423.0,short_branch_artifact,0.4789
280,True,artifact,p0006_00000002_f0041_5,f0041,41,50,179.0,412.0,short_branch_artifact,0.583
280,True,artifact,p0006_00000002_f0044_5,f0044,44,20,182.0,406.0,short_branch_artifact,0.5129
280,True,artifact,p0006_00000002_f0045_5,f0045,45,11,177.0,406.0,short_branch_artifact,0.567
280,True,artifact,p0006_00000002_f0046_5,f0046,46,16,187.0,411.0,short_branch_artifact,0.5597
280,True,artifact,p0006_00000002_f0047_5,f0047,47,11,186.0,415.0,short_branch_artifact,0.5767
280,True,artifact,p0006_00000002_f0048_5,f0048,48,32,186.0,405.0,short_branch_artifact,0.4948
280,True,artifact,p0006_00000002_f0049_5,f0049,49,51,195.0,410.0,short_branch_artifact,0.5693
280,True,artifact,p0006_00000002_f0050_5,f0050,50,40,183.0,407.0,short_branch_artifact,0.5613
280,True,artifact,p0006_00000002_f0051_5,f0051,51,38,178.0,421.0,short_branch_artifact,0.6412
280,True,artifact,p0006_00000002_f0052_5,f0052,52,35,182.0,414.0,short_branch_artifact,0.6179
281,False,artifact,p0006_00000002_f0040_5,f0040,40,107,266.0,459.0,short_branch_artifact,0.5675
282,False,artifact,p0006_00000002_f0040_5,f0040,40,115,282.0,390.0,short_branch_artifact,0.6454
283,False,artifact,p0006_00000002_f0040_5,f0040,40,128,316.0,470.0,short_branch_artifact,0.5627
284,True,artifact,p0006_00000002_f0040_5,f0040,40,147,342.0,519.0,short_branch_artifact,0.6358
284,True,artifact,p0006_00000002_f0042_5,f0042,42,130,346.0,528.0,short_branch_artifact,0.6327
284,True,artifact,p0006_00000002_f0043_5,f0043,43,105,359.0,536.0,short_branch_artifact,0.6453
285,False,artifact,p0006_00000002_f0040_5,f0040,40,149,343.0,392.0,short_branch_artifact,0.6328
286,False,artifact,p0006_00000002_f0040_5,f0040,40,158,352.0,388.0,short_branch_artifact,0.6435
286,False,artifact,p0006_00000002_f0041_5,f0041,41,127,350.0,394.0,short_branch_artifact,0.6374
287,True,artifact,p0006_00000002_f0040_5,f0040,40,160,354.0,575.0,short_branch_artifact,0.5894
287,True,artifact,p0006_00000002_f0041_5,f0041,41,132,355.0,578.0,short_branch_artifact,0.6118
287,True,artifact,p0006_00000002_f0045_5,f0045,45,118,363.0,591.0,short_branch_artifact,0.6089
287,True,artifact,p0006_00000002_f0046_5,f0046,46,117,361.0,587.0,short_branch_artifact,0.6253
288,False,artifact,p0006_00000002_f0040_5,f0040,40,175,379.0,593.0,short_branch_artifact,0.6354
288,False,artifact,p0006_00000002_f0043_5,f0043,43,116,380.0,590.0,short_branch_artifact,0.6136
289,False,artifact,p0006_00000002_f0040_5,f0040,40,187,400.0,496.0,short_branch_artifact,0.622
290,False,artifact,p0006_00000002_f0040_5,f0040,40,219,486.0,547.0,short_branch_artifact,0.6443
291,False,artifact,p0006_00000002_f0040_5,f0040,40,221,492.0,547.0,short_branch_artifact,0.6296
292,False,artifact,p0006_00000002_f0040_5,f0040,40,240,565.0,606.0,short_branch_artifact,0.6448
293,False,bifurcation,p0006_00000002_f0040_5,f0040,40,11,114.0,306.0,bifurcation,0.8879
294,False,bifurcation,p0006_00000002_f0040_5,f0040,40,12,118.0,398.0,bifurcation,0.9314
295,False,bifurcation,p0006_00000002_f0040_5,f0040,40,75,213.0,559.0,bifurcation,1.0
296,True,bifurcation,p0006_00000002_f0040_5,f0040,40,85,235.0,389.0,bifurcation,0.9428
296,True,bifurcation,p0006_00000002_f0041_5,f0041,41,78,244.0,393.0,bifurcation,0.998
296,True,bifurcation,p0006_00000002_f0042_5,f0042,42,88,256.0,401.0,bifurcation,1.0
297,False,bifurcation,p0006_00000002_f0040_5,f0040,40,120,290.0,628.0,bifurcation,1.0
298,False,crossing_or_overlap,p0006_00000002_f0040_5,f0040,40,86,240.0,488.0,crossing_or_overlap,0.8253
298,False,crossing_or_overlap,p0006_00000002_f0041_5,f0041,41,71,236.0,498.0,crossing_or_overlap,0.6404
299,False,crossing_or_overlap,p0006_00000002_f0040_5,f0040,40,93,246.0,511.0,crossing_or_overlap,0.9014
300,False,uncertain,p0006_00000002_f0040_5,f0040,40,1,100.0,398.0,uncertain_high_order_branch,0.6065
300,False,uncertain,p0006_00000002_f0041_5,f0041,41,2,103.0,409.0,uncertain_high_order_branch,0.678
301,False,uncertain,p0006_00000002_f0040_5,f0040,40,69,203.0,481.0,uncertain_high_order_branch,0.6248
301,False,uncertain,p0006_00000002_f0042_5,f0042,42,65,209.0,474.0,uncertain_complex_junction,0.6943
302,False,artifact,p0006_00000002_f0041_5,f0041,41,22,131.0,439.0,short_branch_artifact,0.5625
303,False,artifact,p0006_00000002_f0041_5,f0041,41,34,150.0,490.0,short_branch_artifact,0.6026
303,False,artifact,p0006_00000002_f0043_5,f0043,43,15,158.0,480.0,short_branch_artifact,0.5588
304,False,artifact,p0006_00000002_f0041_5,f0041,41,42,164.0,415.0,short_branch_artifact,0.609
305,False,artifact,p0006_00000002_f0041_5,f0041,41,49,178.0,397.0,short_branch_artifact,0.6048
305,False,artifact,p0006_00000002_f0042_5,f0042,42,48,178.0,400.0,short_branch_artifact,0.5591
306,False,artifact,p0006_00000002_f0041_5,f0041,41,54,180.0,528.0,short_branch_artifact,0.6089
307,True,artifact,p0006_00000002_f0041_5,f0041,41,72,237.0,455.0,short_branch_artifact,0.6345
307,True,artifact,p0006_00000002_f0042_5,f0042,42,77,231.0,468.0,short_branch_artifact,0.5894
307,True,artifact,p0006_00000002_f0043_5,f0043,43,42,223.0,467.0,short_branch_artifact,0.5997
308,True,artifact,p0006_00000002_f0041_5,f0041,41,77,242.0,504.0,short_branch_artifact,0.5819
308,True,artifact,p0006_00000002_f0043_5,f0043,43,45,231.0,496.0,short_branch_artifact,0.5712
308,True,artifact,p0006_00000002_f0044_5,f0044,44,42,231.0,488.0,short_branch_artifact,0.6116
309,False,artifact,p0006_00000002_f0041_5,f0041,41,79,246.0,499.0,short_branch_artifact,0.613
309,False,artifact,p0006_00000002_f0044_5,f0044,44,49,245.0,484.0,short_branch_artifact,0.6124
310,True,artifact,p0006_00000002_f0041_5,f0041,41,80,246.0,506.0,short_branch_artifact,0.5472
310,True,artifact,p0006_00000002_f0042_5,f0042,42,85,247.0,505.0,short_branch_artifact,0.6233
310,True,artifact,p0006_00000002_f0044_5,f0044,44,54,249.0,504.0,short_branch_artifact,0.6129
310,True,artifact,p0006_00000002_f0045_5,f0045,45,48,251.0,506.0,short_branch_artifact,0.6032
310,True,artifact,p0006_00000002_f0046_5,f0046,46,42,246.0,521.0,short_branch_artifact,0.5952
311,True,artifact,p0006_00000002_f0041_5,f0041,41,81,250.0,500.0,short_branch_artifact,0.6101
311,True,artifact,p0006_00000002_f0044_5,f0044,44,51,247.0,495.0,short_branch_artifact,0.5134
311,True,artifact,p0006_00000002_f0045_5,f0045,45,51,254.0,496.0,short_branch_artifact,0.6305
312,True,artifact,p0006_00000002_f0041_5,f0041,41,83,253.0,589.0,short_branch_artifact,0.6294
312,True,artifact,p0006_00000002_f0042_5,f0042,42,91,260.0,589.0,short_branch_artifact,0.6212
312,True,artifact,p0006_00000002_f0043_5,f0043,43,53,260.0,593.0,short_branch_artifact,0.6226
312,True,artifact,p0006_00000002_f0044_5,f0044,44,59,262.0,582.0,short_branch_artifact,0.561
313,True,artifact,p0006_00000002_f0041_5,f0041,41,153,410.0,595.0,short_branch_artifact,0.6204
313,True,artifact,p0006_00000002_f0042_5,f0042,42,162,419.0,603.0,short_branch_artifact,0.6444
313,True,artifact,p0006_00000002_f0044_5,f0044,44,127,413.0,611.0,short_branch_artifact,0.6215
313,True,artifact,p0006_00000002_f0045_5,f0045,45,138,425.0,615.0,short_branch_artifact,0.5902
313,True,artifact,p0006_00000002_f0046_5,f0046,46,159,440.0,609.0,short_branch_artifact,0.6073
313,True,artifact,p0006_00000002_f0047_5,f0047,47,131,424.0,617.0,short_branch_artifact,0.6341
313,True,artifact,p0006_00000002_f0048_5,f0048,48,122,417.0,618.0,short_branch_artifact,0.5961
314,False,bifurcation,p0006_00000002_f0041_5,f0041,41,142,386.0,594.0,bifurcation,1.0
315,False,crossing_or_overlap,p0006_00000002_f0041_5,f0041,41,89,265.0,513.0,crossing_or_overlap,0.7225
316,False,uncertain,p0006_00000002_f0041_5,f0041,41,17,128.0,454.0,uncertain_high_order_branch,0.7088
317,False,artifact,p0006_00000002_f0042_5,f0042,42,21,133.0,326.0,short_branch_artifact,0.4581
318,False,artifact,p0006_00000002_f0042_5,f0042,42,59,192.0,399.0,short_branch_artifact,0.6341
318,False,artifact,p0006_00000002_f0044_5,f0044,44,22,188.0,388.0,short_branch_artifact,0.5502
319,True,artifact,p0006_00000002_f0042_5,f0042,42,80,234.0,461.0,short_branch_artifact,0.5537
319,True,artifact,p0006_00000002_f0045_5,f0045,45,37,236.0,444.0,short_branch_artifact,0.5853
319,True,artifact,p0006_00000002_f0046_5,f0046,46,37,239.0,435.0,short_branch_artifact,0.4867
319,True,artifact,p0006_00000002_f0047_5,f0047,47,32,233.0,430.0,short_branch_artifact,0.5179
320,False,artifact,p0006_00000002_f0042_5,f0042,42,83,240.0,464.0,short_branch_artifact,0.5313
321,False,bifurcation,p0006_00000002_f0042_5,f0042,42,107,287.0,541.0,bifurcation,0.9783
322,False,crossing_or_overlap,p0006_00000002_f0042_5,f0042,42,29,151.0,363.0,crossing_or_overlap,0.7896
323,False,uncertain,p0006_00000002_f0042_5,f0042,42,33,150.0,482.0,uncertain_high_order_branch,0.5694
324,False,uncertain,p0006_00000002_f0042_5,f0042,42,94,266.0,517.0,uncertain_high_order_branch,0.7525
325,True,artifact,p0006_00000002_f0043_5,f0043,43,21,170.0,489.0,short_branch_artifact,0.5763
325,True,artifact,p0006_00000002_f0044_5,f0044,44,18,180.0,479.0,short_branch_artifact,0.5652
325,True,artifact,p0006_00000002_f0045_5,f0045,45,20,194.0,477.0,short_branch_artifact,0.4742
325,True,artifact,p0006_00000002_f0047_5,f0047,47,21,199.0,479.0,short_branch_artifact,0.45
325,True,artifact,p0006_00000002_f0048_5,f0048,48,39,191.0,492.0,short_branch_artifact,0.5592
325,True,artifact,p0006_00000002_f0049_5,f0049,49,44,182.0,484.0,short_branch_artifact,0.5105
325,True,artifact,p0006_00000002_f0051_5,f0051,51,43,186.0,492.0,short_branch_artifact,0.605
325,True,artifact,p0006_00000002_f0052_5,f0052,52,34,177.0,480.0,short_branch_artifact,0.6285
326,False,artifact,p0006_00000002_f0043_5,f0043,43,20,174.0,372.0,short_branch_artifact,0.5678
327,False,artifact,p0006_00000002_f0043_5,f0043,43,23,176.0,499.0,short_branch_artifact,0.5881
328,True,artifact,p0006_00000002_f0043_5,f0043,43,38,210.0,415.0,short_branch_artifact,0.6025
328,True,artifact,p0006_00000002_f0044_5,f0044,44,32,216.0,429.0,short_branch_artifact,0.5864
328,True,artifact,p0006_00000002_f0045_5,f0045,45,31,225.0,421.0,short_branch_artifact,0.4849
328,True,artifact,p0006_00000002_f0048_5,f0048,48,47,223.0,427.0,short_branch_artifact,0.5912
328,True,artifact,p0006_00000002_f0052_5,f0052,52,47,208.0,429.0,short_branch_artifact,0.5503
329,True,artifact,p0006_00000002_f0043_5,f0043,43,39,211.0,545.0,short_branch_artifact,0.6149
329,True,artifact,p0006_00000002_f0044_5,f0044,44,41,227.0,543.0,short_branch_artifact,0.583
329,True,artifact,p0006_00000002_f0048_5,f0048,48,49,223.0,541.0,short_branch_artifact,0.6256
329,True,artifact,p0006_00000002_f0049_5,f0049,49,68,213.0,536.0,short_branch_artifact,0.615
330,False,artifact,p0006_00000002_f0043_5,f0043,43,64,276.0,415.0,short_branch_artifact,0.5998
331,False,artifact,p0006_00000002_f0043_5,f0043,43,62,276.0,596.0,short_branch_artifact,0.6243
331,False,artifact,p0006_00000002_f0045_5,f0045,45,71,284.0,592.0,short_branch_artifact,0.5822
332,False,artifact,p0006_00000002_f0043_5,f0043,43,107,364.0,500.0,short_branch_artifact,0.6046
333,False,artifact,p0006_00000002_f0043_5,f0043,43,117,382.0,417.0,short_branch_artifact,0.6296
334,False,artifact,p0006_00000002_f0043_5,f0043,43,118,384.0,414.0,short_branch_artifact,0.6315
335,False,artifact,p0006_00000002_f0043_5,f0043,43,169,584.0,552.0,short_branch_artifact,0.6415
336,False,bifurcation,p0006_00000002_f0043_5,f0043,43,98,346.0,572.0,bifurcation,1.0
337,False,bifurcation,p0006_00000002_f0043_5,f0043,43,128,410.0,604.0,bifurcation,1.0
338,False,bifurcation,p0006_00000002_f0043_5,f0043,43,144,434.0,655.0,bifurcation,1.0
339,True,crossing_or_overlap,p0006_00000002_f0043_5,f0043,43,73,292.0,532.0,crossing_or_overlap,0.6641
339,True,crossing_or_overlap,p0006_00000002_f0047_5,f0047,47,65,296.0,536.0,crossing_or_overlap,0.6561
339,True,crossing_or_overlap,p0006_00000002_f0048_5,f0048,48,75,310.0,547.0,crossing_or_overlap,0.6352
340,False,uncertain,p0006_00000002_f0043_5,f0043,43,22,173.0,477.0,uncertain_complex_junction,0.7041
341,True,artifact,p0006_00000002_f0044_5,f0044,44,13,166.0,58.0,short_branch_artifact,0.6275
341,True,artifact,p0006_00000002_f0045_5,f0045,45,15,180.0,59.0,short_branch_artifact,0.6321
341,True,artifact,p0006_00000002_f0046_5,f0046,46,20,189.0,56.0,short_branch_artifact,0.6393
341,True,artifact,p0006_00000002_f0047_5,f0047,47,12,186.0,55.0,short_branch_artifact,0.6336
341,True,artifact,p0006_00000002_f0048_5,f0048,48,31,180.0,41.0,short_branch_artifact,0.6421
342,True,artifact,p0006_00000002_f0044_5,f0044,44,24,198.0,401.0,short_branch_artifact,0.5344
342,True,artifact,p0006_00000002_f0045_5,f0045,45,25,203.0,402.0,short_branch_artifact,0.4949
342,True,artifact,p0006_00000002_f0046_5,f0046,46,29,212.0,409.0,short_branch_artifact,0.4839
342,True,artifact,p0006_00000002_f0047_5,f0047,47,19,204.0,405.0,short_branch_artifact,0.45
343,False,artifact,p0006_00000002_f0044_5,f0044,44,33,212.0,523.0,short_branch_artifact,0.6142
344,True,artifact,p0006_00000002_f0044_5,f0044,44,47,234.0,482.0,short_branch_artifact,0.6338
344,True,artifact,p0006_00000002_f0048_5,f0048,48,52,227.0,467.0,short_branch_artifact,0.6143
344,True,artifact,p0006_00000002_f0049_5,f0049,49,71,217.0,473.0,short_branch_artifact,0.5813
345,False,artifact,p0006_00000002_f0044_5,f0044,44,67,284.0,486.0,short_branch_artifact,0.5141
346,False,artifact,p0006_00000002_f0044_5,f0044,44,72,294.0,601.0,short_branch_artifact,0.5922
346,False,artifact,p0006_00000002_f0045_5,f0045,45,76,291.0,593.0,short_branch_artifact,0.5983
347,True,artifact,p0006_00000002_f0044_5,f0044,44,86,318.0,540.0,short_branch_artifact,0.618
347,True,artifact,p0006_00000002_f0046_5,f0046,46,77,304.0,540.0,short_branch_artifact,0.6008
347,True,artifact,p0006_00000002_f0048_5,f0048,48,72,302.0,536.0,short_branch_artifact,0.5704
347,True,artifact,p0006_00000002_f0049_5,f0049,49,132,306.0,519.0,short_branch_artifact,0.6461
348,True,artifact,p0006_00000002_f0044_5,f0044,44,159,472.0,529.0,short_branch_artifact,0.6395
348,True,artifact,p0006_00000002_f0046_5,f0046,46,172,457.0,520.0,short_branch_artifact,0.6088
348,True,artifact,p0006_00000002_f0048_5,f0048,48,147,468.0,516.0,short_branch_artifact,0.6429
349,True,artifact,p0006_00000002_f0044_5,f0044,44,169,510.0,577.0,short_branch_artifact,0.626
349,True,artifact,p0006_00000002_f0048_5,f0048,48,167,511.0,566.0,short_branch_artifact,0.6442
349,True,artifact,p0006_00000002_f0051_5,f0051,51,206,520.0,564.0,short_branch_artifact,0.622
350,False,bifurcation,p0006_00000002_f0044_5,f0044,44,9,160.0,382.0,bifurcation,0.9806
351,False,bifurcation,p0006_00000002_f0044_5,f0044,44,36,217.0,379.0,bifurcation,0.9926
352,False,bifurcation,p0006_00000002_f0044_5,f0044,44,66,282.0,428.0,bifurcation,0.9867
352,False,bifurcation,p0006_00000002_f0048_5,f0048,48,69,283.0,419.0,bifurcation,0.9135
353,False,bifurcation,p0006_00000002_f0044_5,f0044,44,109,367.0,583.0,bifurcation,1.0
354,True,bifurcation,p0006_00000002_f0044_5,f0044,44,179,579.0,549.0,bifurcation,1.0
354,True,bifurcation,p0006_00000002_f0046_5,f0046,46,207,594.0,545.0,bifurcation,1.0
354,True,bifurcation,p0006_00000002_f0047_5,f0047,47,187,591.0,546.0,bifurcation,1.0
354,True,bifurcation,p0006_00000002_f0048_5,f0048,48,189,591.0,561.0,bifurcation,0.9742
355,False,crossing_or_overlap,p0006_00000002_f0044_5,f0044,44,117,389.0,430.0,crossing_or_overlap,0.8021
355,False,crossing_or_overlap,p0006_00000002_f0045_5,f0045,45,131,401.0,439.0,crossing_or_overlap,0.8251
356,False,crossing_or_overlap,p0006_00000002_f0044_5,f0044,44,148,441.0,660.0,crossing_or_overlap,0.8052
356,False,crossing_or_overlap,p0006_00000002_f0045_5,f0045,45,156,446.0,669.0,crossing_or_overlap,0.908
357,False,artifact,p0006_00000002_f0045_5,f0045,45,6,165.0,268.0,short_branch_artifact,0.6072
357,False,artifact,p0006_00000002_f0046_5,f0046,46,9,172.0,276.0,short_branch_artifact,0.6087
358,True,artifact,p0006_00000002_f0045_5,f0045,45,16,184.0,261.0,short_branch_artifact,0.6436
358,True,artifact,p0006_00000002_f0046_5,f0046,46,21,189.0,268.0,short_branch_artifact,0.6257
358,True,artifact,p0006_00000002_f0047_5,f0047,47,5,177.0,263.0,short_branch_artifact,0.5905
359,True,artifact,p0006_00000002_f0045_5,f0045,45,24,199.0,421.0,short_branch_artifact,0.4858
359,True,artifact,p0006_00000002_f0046_5,f0046,46,30,210.0,432.0,short_branch_artifact,0.4666
359,True,artifact,p0006_00000002_f0047_5,f0047,47,24,205.0,428.0,short_branch_artifact,0.4639
359,True,artifact,p0006_00000002_f0049_5,f0049,49,49,191.0,437.0,short_branch_artifact,0.6292
359,True,artifact,p0006_00000002_f0050_5,f0050,50,38,178.0,427.0,short_branch_artifact,0.6059
359,True,artifact,p0006_00000002_f0051_5,f0051,51,33,170.0,422.0,short_branch_artifact,0.606
359,True,artifact,p0006_00000002_f0052_5,f0052,52,38,183.0,424.0,short_branch_artifact,0.5527
360,True,artifact,p0006_00000002_f0045_5,f0045,45,29,210.0,502.0,short_branch_artifact,0.5575
360,True,artifact,p0006_00000002_f0046_5,f0046,46,28,206.0,488.0,short_branch_artifact,0.4626
360,True,artifact,p0006_00000002_f0047_5,f0047,47,25,215.0,503.0,short_branch_artifact,0.5345
361,True,artifact,p0006_00000002_f0045_5,f0045,45,53,257.0,403.0,short_branch_artifact,0.635
361,True,artifact,p0006_00000002_f0046_5,f0046,46,57,264.0,412.0,short_branch_artifact,0.6446
361,True,artifact,p0006_00000002_f0047_5,f0047,47,46,259.0,413.0,short_branch_artifact,0.6342
361,True,artifact,p0006_00000002_f0050_5,f0050,50,74,245.0,404.0,short_branch_artifact,0.6337
361,True,artifact,p0006_00000002_f0051_5,f0051,51,76,252.0,399.0,short_branch_artifact,0.6229
361,True,artifact,p0006_00000002_f0052_5,f0052,52,67,248.0,382.0,short_branch_artifact,0.6279
362,True,artifact,p0006_00000002_f0045_5,f0045,45,64,273.0,501.0,short_branch_artifact,0.5754
362,True,artifact,p0006_00000002_f0049_5,f0049,49,110,283.0,495.0,short_branch_artifact,0.6261
362,True,artifact,p0006_00000002_f0050_5,f0050,50,95,285.0,489.0,short_branch_artifact,0.6261
362,True,artifact,p0006_00000002_f0051_5,f0051,51,87,274.0,481.0,short_branch_artifact,0.6277
363,False,artifact,p0006_00000002_f0045_5,f0045,45,78,299.0,440.0,short_branch_artifact,0.6153
363,False,artifact,p0006_00000002_f0047_5,f0047,47,67,296.0,431.0,short_branch_artifact,0.6092
364,False,artifact,p0006_00000002_f0045_5,f0045,45,79,300.0,598.0,short_branch_artifact,0.5811
364,False,artifact,p0006_00000002_f0047_5,f0047,47,64,297.0,595.0,short_branch_artifact,0.5995
365,False,artifact,p0006_00000002_f0045_5,f0045,45,81,302.0,609.0,short_branch_artifact,0.6307
366,False,artifact,p0006_00000002_f0045_5,f0045,45,83,303.0,601.0,short_branch_artifact,0.5713
367,True,artifact,p0006_00000002_f0045_5,f0045,45,84,305.0,611.0,short_branch_artifact,0.6156
367,True,artifact,p0006_00000002_f0049_5,f0049,49,136,308.0,622.0,short_branch_artifact,0.6433
367,True,artifact,p0006_00000002_f0050_5,f0050,50,112,310.0,624.0,short_branch_artifact,0.5692
368,False,artifact,p0006_00000002_f0045_5,f0045,45,86,306.0,603.0,short_branch_artifact,0.5298
369,False,artifact,p0006_00000002_f0045_5,f0045,45,87,309.0,605.0,short_branch_artifact,0.5262
369,False,artifact,p0006_00000002_f0046_5,f0046,46,88,322.0,613.0,short_branch_artifact,0.6014
370,False,artifact,p0006_00000002_f0045_5,f0045,45,139,427.0,435.0,short_branch_artifact,0.6332
370,False,artifact,p0006_00000002_f0046_5,f0046,46,158,442.0,430.0,short_branch_artifact,0.6357
371,False,artifact,p0006_00000002_f0045_5,f0045,45,142,429.0,624.0,short_branch_artifact,0.5971
371,False,artifact,p0006_00000002_f0046_5,f0046,46,162,442.0,621.0,short_branch_artifact,0.6042
372,False,artifact,p0006_00000002_f0045_5,f0045,45,162,453.0,669.0,short_branch_artifact,0.639
372,False,artifact,p0006_00000002_f0046_5,f0046,46,160,444.0,675.0,short_branch_artifact,0.5787
373,False,artifact,p0006_00000002_f0045_5,f0045,45,166,461.0,628.0,short_branch_artifact,0.6239
374,False,artifact,p0006_00000002_f0045_5,f0045,45,167,462.0,623.0,short_branch_artifact,0.6313
375,True,artifact,p0006_00000002_f0045_5,f0045,45,170,468.0,627.0,short_branch_artifact,0.6185
375,True,artifact,p0006_00000002_f0046_5,f0046,46,180,476.0,624.0,short_branch_artifact,0.6422
375,True,artifact,p0006_00000002_f0047_5,f0047,47,167,485.0,635.0,short_branch_artifact,0.6452
376,True,artifact,p0006_00000002_f0045_5,f0045,45,173,481.0,650.0,short_branch_artifact,0.6433
376,True,artifact,p0006_00000002_f0047_5,f0047,47,170,486.0,642.0,short_branch_artifact,0.6408
376,True,artifact,p0006_00000002_f0048_5,f0048,48,152,477.0,645.0,short_branch_artifact,0.6311
376,True,artifact,p0006_00000002_f0050_5,f0050,50,206,468.0,638.0,short_branch_artifact,0.6344
376,True,artifact,p0006_00000002_f0052_5,f0052,52,185,466.0,635.0,short_branch_artifact,0.6328
377,False,crossing_or_overlap,p0006_00000002_f0045_5,f0045,45,46,248.0,391.0,crossing_or_overlap,0.853
378,False,crossing_or_overlap,p0006_00000002_f0045_5,f0045,45,74,292.0,604.0,crossing_or_overlap,0.7693
378,False,crossing_or_overlap,p0006_00000002_f0047_5,f0047,47,69,304.0,601.0,crossing_or_overlap,0.6649
379,False,uncertain,p0006_00000002_f0045_5,f0045,45,88,311.0,610.0,uncertain_high_order_branch,0.6746
380,False,artifact,p0006_00000002_f0046_5,f0046,46,48,252.0,533.0,short_branch_artifact,0.6184
381,False,artifact,p0006_00000002_f0046_5,f0046,46,51,257.0,555.0,short_branch_artifact,0.6009
381,False,artifact,p0006_00000002_f0049_5,f0049,49,82,242.0,554.0,short_branch_artifact,0.6031
382,False,artifact,p0006_00000002_f0046_5,f0046,46,76,302.0,551.0,short_branch_artifact,0.6017
382,False,artifact,p0006_00000002_f0049_5,f0049,49,113,292.0,544.0,short_branch_artifact,0.605
383,False,artifact,p0006_00000002_f0046_5,f0046,46,87,322.0,552.0,short_branch_artifact,0.6037
383,False,artifact,p0006_00000002_f0048_5,f0048,48,80,328.0,549.0,short_branch_artifact,0.5868
384,False,artifact,p0006_00000002_f0046_5,f0046,46,90,326.0,504.0,short_branch_artifact,0.6187
384,False,artifact,p0006_00000002_f0050_5,f0050,50,126,334.0,503.0,short_branch_artifact,0.606
385,False,artifact,p0006_00000002_f0046_5,f0046,46,109,350.0,559.0,short_branch_artifact,0.6127
385,False,artifact,p0006_00000002_f0047_5,f0047,47,91,345.0,572.0,short_branch_artifact,0.6274
386,True,artifact,p0006_00000002_f0046_5,f0046,46,114,353.0,556.0,short_branch_artifact,0.5968
386,True,artifact,p0006_00000002_f0048_5,f0048,48,102,365.0,568.0,short_branch_artifact,0.6115
386,True,artifact,p0006_00000002_f0049_5,f0049,49,170,369.0,578.0,short_branch_artifact,0.6115
387,False,artifact,p0006_00000002_f0046_5,f0046,46,121,365.0,629.0,short_branch_artifact,0.613
388,False,artifact,p0006_00000002_f0046_5,f0046,46,142,407.0,441.0,short_branch_artifact,0.6377
389,True,artifact,p0006_00000002_f0046_5,f0046,46,168,453.0,669.0,short_branch_artifact,0.6058
389,True,artifact,p0006_00000002_f0048_5,f0048,48,139,447.0,660.0,short_branch_artifact,0.6124
389,True,artifact,p0006_00000002_f0050_5,f0050,50,204,461.0,652.0,short_branch_artifact,0.6422
390,False,artifact,p0006_00000002_f0046_5,f0046,46,191,500.0,646.0,short_branch_artifact,0.6213
391,True,artifact,p0006_00000002_f0046_5,f0046,46,200,530.0,652.0,short_branch_artifact,0.6456
391,True,artifact,p0006_00000002_f0047_5,f0047,47,178,521.0,649.0,short_branch_artifact,0.6362
391,True,artifact,p0006_00000002_f0048_5,f0048,48,174,531.0,648.0,short_branch_artifact,0.6393
392,False,bifurcation,p0006_00000002_f0046_5,f0046,46,64,277.0,525.0,bifurcation,0.9893
393,False,bifurcation,p0006_00000002_f0046_5,f0046,46,68,284.0,498.0,bifurcation,0.933
394,False,bifurcation,p0006_00000002_f0046_5,f0046,46,78,307.0,442.0,bifurcation,1.0
395,False,bifurcation,p0006_00000002_f0046_5,f0046,46,131,382.0,645.0,bifurcation,0.9947
396,False,crossing_or_overlap,p0006_00000002_f0046_5,f0046,46,106,349.0,570.0,crossing_or_overlap,0.7578
397,False,uncertain,p0006_00000002_f0046_5,f0046,46,36,233.0,513.0,uncertain_high_order_branch,0.527
398,False,uncertain,p0006_00000002_f0046_5,f0046,46,38,240.0,533.0,uncertain_high_order_branch,0.6543
399,False,uncertain,p0006_00000002_f0046_5,f0046,46,43,253.0,496.0,uncertain_high_order_branch,0.6123
400,False,uncertain,p0006_00000002_f0046_5,f0046,46,82,312.0,551.0,uncertain_high_order_branch,0.6528
401,False,uncertain,p0006_00000002_f0046_5,f0046,46,107,354.0,634.0,uncertain_high_order_branch,0.6092
402,False,artifact,p0006_00000002_f0047_5,f0047,47,16,189.0,252.0,short_branch_artifact,0.6248
403,False,artifact,p0006_00000002_f0047_5,f0047,47,82,337.0,431.0,short_branch_artifact,0.6006
404,False,artifact,p0006_00000002_f0047_5,f0047,47,115,390.0,556.0,short_branch_artifact,0.6399
405,False,artifact,p0006_00000002_f0047_5,f0047,47,122,402.0,556.0,short_branch_artifact,0.6481
406,False,artifact,p0006_00000002_f0047_5,f0047,47,133,426.0,610.0,short_branch_artifact,0.6174
406,False,artifact,p0006_00000002_f0048_5,f0048,48,124,421.0,615.0,short_branch_artifact,0.5847
407,False,bifurcation,p0006_00000002_f0047_5,f0047,47,39,244.0,480.0,bifurcation,0.8793
408,False,bifurcation,p0006_00000002_f0047_5,f0047,47,44,250.0,508.0,bifurcation,0.8935
409,False,bifurcation,p0006_00000002_f0047_5,f0047,47,119,394.0,431.0,bifurcation,1.0
410,False,crossing_or_overlap,p0006_00000002_f0047_5,f0047,47,113,391.0,576.0,crossing_or_overlap,0.6247
411,True,crossing_or_overlap,p0006_00000002_f0047_5,f0047,47,154,465.0,623.0,crossing_or_overlap,0.9427
411,True,crossing_or_overlap,p0006_00000002_f0049_5,f0049,49,233,461.0,631.0,crossing_or_overlap,0.9367
411,True,crossing_or_overlap,p0006_00000002_f0052_5,f0052,52,181,462.0,625.0,crossing_or_overlap,0.9285
412,False,uncertain,p0006_00000002_f0047_5,f0047,47,143,446.0,666.0,uncertain_complex_junction,0.7454
413,False,artifact,p0006_00000002_f0048_5,f0048,48,18,161.0,247.0,short_branch_artifact,0.568
414,True,artifact,p0006_00000002_f0048_5,f0048,48,21,166.0,390.0,short_branch_artifact,0.5696
414,True,artifact,p0006_00000002_f0049_5,f0049,49,27,158.0,387.0,short_branch_artifact,0.564
414,True,artifact,p0006_00000002_f0052_5,f0052,52,31,164.0,380.0,short_branch_artifact,0.5847
415,False,artifact,p0006_00000002_f0048_5,f0048,48,51,227.0,460.0,short_branch_artifact,0.5728
415,False,artifact,p0006_00000002_f0049_5,f0049,49,67,214.0,457.0,short_branch_artifact,0.5229
416,False,artifact,p0006_00000002_f0048_5,f0048,48,84,338.0,631.0,short_branch_artifact,0.5964
416,False,artifact,p0006_00000002_f0049_5,f0049,49,151,337.0,643.0,short_branch_artifact,0.6353
417,False,artifact,p0006_00000002_f0048_5,f0048,48,86,341.0,619.0,short_branch_artifact,0.6023
418,False,artifact,p0006_00000002_f0048_5,f0048,48,101,367.0,492.0,short_branch_artifact,0.6106
419,False,artifact,p0006_00000002_f0048_5,f0048,48,112,389.0,422.0,short_branch_artifact,0.6411
420,True,artifact,p0006_00000002_f0048_5,f0048,48,129,437.0,503.0,short_branch_artifact,0.614
420,True,artifact,p0006_00000002_f0049_5,f0049,49,225,448.0,517.0,short_branch_artifact,0.643
420,True,artifact,p0006_00000002_f0051_5,f0051,51,179,447.0,525.0,short_branch_artifact,0.5861
420,True,artifact,p0006_00000002_f0052_5,f0052,52,175,447.0,522.0,short_branch_artifact,0.5967
421,False,artifact,p0006_00000002_f0048_5,f0048,48,148,469.0,653.0,short_branch_artifact,0.6265
421,False,artifact,p0006_00000002_f0050_5,f0050,50,203,458.0,642.0,short_branch_artifact,0.6191
422,False,artifact,p0006_00000002_f0048_5,f0048,48,171,528.0,612.0,short_branch_artifact,0.6425
422,False,artifact,p0006_00000002_f0049_5,f0049,49,267,540.0,622.0,short_branch_artifact,0.6403
423,False,artifact,p0006_00000002_f0048_5,f0048,48,175,538.0,640.0,short_branch_artifact,0.6385
424,False,bifurcation,p0006_00000002_f0048_5,f0048,48,40,201.0,513.0,bifurcation,1.0
425,False,bifurcation,p0006_00000002_f0048_5,f0048,48,57,235.0,498.0,bifurcation,0.937
426,False,bifurcation,p0006_00000002_f0048_5,f0048,48,82,330.0,621.0,bifurcation,0.9553
427,False,bifurcation,p0006_00000002_f0048_5,f0048,48,123,418.0,648.0,bifurcation,0.9895
428,False,bifurcation,p0006_00000002_f0048_5,f0048,48,125,427.0,602.0,bifurcation,1.0
429,False,bifurcation,p0006_00000002_f0048_5,f0048,48,153,475.0,620.0,bifurcation,0.9917
429,False,bifurcation,p0006_00000002_f0052_5,f0052,52,190,479.0,634.0,bifurcation,1.0
430,False,crossing_or_overlap,p0006_00000002_f0048_5,f0048,48,185,581.0,544.0,crossing_or_overlap,0.8436
431,False,artifact,p0006_00000002_f0049_5,f0049,49,11,139.0,336.0,short_branch_artifact,0.5108
431,False,artifact,p0006_00000002_f0050_5,f0050,50,8,129.0,330.0,short_branch_artifact,0.5346
432,True,artifact,p0006_00000002_f0049_5,f0049,49,18,143.0,375.0,short_branch_artifact,0.5515
432,True,artifact,p0006_00000002_f0051_5,f0051,51,14,145.0,375.0,short_branch_artifact,0.511
432,True,artifact,p0006_00000002_f0052_5,f0052,52,13,134.0,385.0,short_branch_artifact,0.5514
433,False,artifact,p0006_00000002_f0049_5,f0049,49,21,145.0,312.0,short_branch_artifact,0.5607
434,True,artifact,p0006_00000002_f0049_5,f0049,49,23,155.0,358.0,short_branch_artifact,0.4515
434,True,artifact,p0006_00000002_f0050_5,f0050,50,31,167.0,346.0,short_branch_artifact,0.5672
434,True,artifact,p0006_00000002_f0051_5,f0051,51,32,170.0,334.0,short_branch_artifact,0.6035
435,False,artifact,p0006_00000002_f0049_5,f0049,49,47,189.0,349.0,short_branch_artifact,0.602
436,True,artifact,p0006_00000002_f0049_5,f0049,49,52,203.0,453.0,short_branch_artifact,0.591
436,True,artifact,p0006_00000002_f0050_5,f0050,50,44,192.0,448.0,short_branch_artifact,0.5635
436,True,artifact,p0006_00000002_f0051_5,f0051,51,46,192.0,441.0,short_branch_artifact,0.5938
437,False,artifact,p0006_00000002_f0049_5,f0049,49,62,209.0,465.0,short_branch_artifact,0.5289
438,False,artifact,p0006_00000002_f0049_5,f0049,49,70,221.0,551.0,short_branch_artifact,0.6069
439,False,artifact,p0006_00000002_f0049_5,f0049,49,78,229.0,545.0,short_branch_artifact,0.5798
440,False,artifact,p0006_00000002_f0049_5,f0049,49,80,232.0,554.0,short_branch_artifact,0.5906
441,True,artifact,p0006_00000002_f0049_5,f0049,49,85,244.0,481.0,short_branch_artifact,0.5983
441,True,artifact,p0006_00000002_f0050_5,f0050,50,77,248.0,466.0,short_branch_artifact,0.5947
441,True,artifact,p0006_00000002_f0051_5,f0051,51,73,247.0,463.0,short_branch_artifact,0.6072
442,False,artifact,p0006_00000002_f0049_5,f0049,49,98,266.0,593.0,short_branch_artifact,0.5993
443,False,artifact,p0006_00000002_f0049_5,f0049,49,126,301.0,515.0,short_branch_artifact,0.6365
444,False,artifact,p0006_00000002_f0049_5,f0049,49,128,302.0,510.0,short_branch_artifact,0.6259
445,False,artifact,p0006_00000002_f0049_5,f0049,49,134,306.0,511.0,short_branch_artifact,0.6242
446,False,artifact,p0006_00000002_f0049_5,f0049,49,133,307.0,555.0,short_branch_artifact,0.6458
447,False,artifact,p0006_00000002_f0049_5,f0049,49,139,315.0,409.0,short_branch_artifact,0.6109
448,True,artifact,p0006_00000002_f0049_5,f0049,49,152,342.0,492.0,short_branch_artifact,0.5469
448,True,artifact,p0006_00000002_f0050_5,f0050,50,123,330.0,485.0,short_branch_artifact,0.5441
448,True,artifact,p0006_00000002_f0051_5,f0051,51,114,327.0,494.0,short_branch_artifact,0.5738
449,False,artifact,p0006_00000002_f0049_5,f0049,49,167,366.0,411.0,short_branch_artifact,0.6429
449,False,artifact,p0006_00000002_f0050_5,f0050,50,139,356.0,414.0,short_branch_artifact,0.6178
450,True,artifact,p0006_00000002_f0049_5,f0049,49,172,371.0,407.0,short_branch_artifact,0.6239
450,True,artifact,p0006_00000002_f0050_5,f0050,50,143,363.0,409.0,short_branch_artifact,0.613
450,True,artifact,p0006_00000002_f0051_5,f0051,51,134,359.0,408.0,short_branch_artifact,0.6317
451,False,artifact,p0006_00000002_f0049_5,f0049,49,178,380.0,344.0,short_branch_artifact,0.6285
452,False,artifact,p0006_00000002_f0049_5,f0049,49,187,396.0,627.0,short_branch_artifact,0.5872
452,False,artifact,p0006_00000002_f0052_5,f0052,52,146,394.0,619.0,short_branch_artifact,0.5653
453,False,artifact,p0006_00000002_f0049_5,f0049,49,188,399.0,600.0,short_branch_artifact,0.6075
453,False,artifact,p0006_00000002_f0051_5,f0051,51,151,397.0,604.0,short_branch_artifact,0.5907
454,False,artifact,p0006_00000002_f0049_5,f0049,49,194,401.0,629.0,short_branch_artifact,0.5824
454,False,artifact,p0006_00000002_f0052_5,f0052,52,149,400.0,624.0,short_branch_artifact,0.5898
455,False,bifurcation,p0006_00000002_f0049_5,f0049,49,19,147.0,228.0,bifurcation,0.8
456,False,bifurcation,p0006_00000002_f0049_5,f0049,49,90,252.0,462.0,bifurcation,0.999
457,False,bifurcation,p0006_00000002_f0049_5,f0049,49,94,260.0,405.0,bifurcation,1.0
458,False,bifurcation,p0006_00000002_f0049_5,f0049,49,159,357.0,396.0,bifurcation,0.9255
459,False,bifurcation,p0006_00000002_f0049_5,f0049,49,174,373.0,521.0,bifurcation,0.9533
460,False,bifurcation,p0006_00000002_f0049_5,f0049,49,175,375.0,508.0,bifurcation,0.9838
461,True,bifurcation,p0006_00000002_f0049_5,f0049,49,200,413.0,509.0,bifurcation,1.0
461,True,bifurcation,p0006_00000002_f0050_5,f0050,50,175,410.0,513.0,bifurcation,1.0
461,True,bifurcation,p0006_00000002_f0051_5,f0051,51,159,414.0,516.0,bifurcation,1.0
462,False,bifurcation,p0006_00000002_f0049_5,f0049,49,235,462.0,643.0,bifurcation,1.0
463,False,bifurcation,p0006_00000002_f0049_5,f0049,49,250,489.0,565.0,bifurcation,1.0
464,False,crossing_or_overlap,p0006_00000002_f0049_5,f0049,49,20,148.0,427.0,crossing_or_overlap,0.7079
464,False,crossing_or_overlap,p0006_00000002_f0051_5,f0051,51,12,140.0,417.0,crossing_or_overlap,0.8411
465,False,crossing_or_overlap,p0006_00000002_f0049_5,f0049,49,77,229.0,467.0,crossing_or_overlap,0.8114
466,False,crossing_or_overlap,p0006_00000002_f0049_5,f0049,49,257,514.0,563.0,crossing_or_overlap,0.9252
467,False,uncertain,p0006_00000002_f0049_5,f0049,49,33,170.0,461.0,uncertain_high_order_branch,0.6038
467,False,uncertain,p0006_00000002_f0050_5,f0050,50,26,159.0,469.0,uncertain_high_order_branch,0.6879
468,False,uncertain,p0006_00000002_f0049_5,f0049,49,56,203.0,463.0,uncertain_high_order_branch,0.6633
469,False,artifact,p0006_00000002_f0050_5,f0050,50,15,135.0,333.0,short_branch_artifact,0.5494
470,False,artifact,p0006_00000002_f0050_5,f0050,50,13,135.0,341.0,short_branch_artifact,0.4551
470,False,artifact,p0006_00000002_f0052_5,f0052,52,6,126.0,348.0,short_branch_artifact,0.5419
471,False,artifact,p0006_00000002_f0050_5,f0050,50,25,162.0,460.0,short_branch_artifact,0.4722
471,False,artifact,p0006_00000002_f0051_5,f0051,51,24,156.0,460.0,short_branch_artifact,0.6006
472,False,artifact,p0006_00000002_f0050_5,f0050,50,43,190.0,501.0,short_branch_artifact,0.6159
472,False,artifact,p0006_00000002_f0052_5,f0052,52,42,193.0,505.0,short_branch_artifact,0.6229
473,False,artifact,p0006_00000002_f0050_5,f0050,50,98,289.0,486.0,short_branch_artifact,0.6122
473,False,artifact,p0006_00000002_f0051_5,f0051,51,92,289.0,469.0,short_branch_artifact,0.5738
474,False,artifact,p0006_00000002_f0050_5,f0050,50,101,291.0,476.0,short_branch_artifact,0.5902
474,False,artifact,p0006_00000002_f0051_5,f0051,51,89,276.0,472.0,short_branch_artifact,0.6159
475,False,artifact,p0006_00000002_f0050_5,f0050,50,137,348.0,348.0,short_branch_artifact,0.6292
476,False,artifact,p0006_00000002_f0050_5,f0050,50,149,366.0,510.0,short_branch_artifact,0.5798
477,False,artifact,p0006_00000002_f0050_5,f0050,50,207,468.0,649.0,short_branch_artifact,0.6431
478,False,artifact,p0006_00000002_f0050_5,f0050,50,212,487.0,568.0,short_branch_artifact,0.6339
479,False,bifurcation,p0006_00000002_f0050_5,f0050,50,17,137.0,417.0,bifurcation,0.9414
480,False,bifurcation,p0006_00000002_f0050_5,f0050,50,42,190.0,337.0,bifurcation,0.9991
481,False,bifurcation,p0006_00000002_f0050_5,f0050,50,170,396.0,603.0,bifurcation,0.9595
481,False,bifurcation,p0006_00000002_f0052_5,f0052,52,145,394.0,591.0,bifurcation,0.914
482,False,crossing_or_overlap,p0006_00000002_f0050_5,f0050,50,48,199.0,517.0,crossing_or_overlap,0.639
483,False,crossing_or_overlap,p0006_00000002_f0050_5,f0050,50,171,397.0,623.0,crossing_or_overlap,0.8821
483,False,crossing_or_overlap,p0006_00000002_f0051_5,f0051,51,154,400.0,617.0,crossing_or_overlap,0.8295
484,False,crossing_or_overlap,p0006_00000002_f0050_5,f0050,50,189,431.0,624.0,crossing_or_overlap,0.6794
484,False,crossing_or_overlap,p0006_00000002_f0051_5,f0051,51,167,429.0,622.0,crossing_or_overlap,0.8502
485,False,uncertain,p0006_00000002_f0050_5,f0050,50,16,149.0,366.0,uncertain_high_order_branch,0.6241
486,False,artifact,p0006_00000002_f0051_5,f0051,51,7,125.0,398.0,short_branch_artifact,0.5163
486,False,artifact,p0006_00000002_f0052_5,f0052,52,9,129.0,392.0,short_branch_artifact,0.5526
487,False,artifact,p0006_00000002_f0051_5,f0051,51,5,129.0,361.0,short_branch_artifact,0.545
487,False,artifact,p0006_00000002_f0052_5,f0052,52,0,117.0,373.0,short_branch_artifact,0.539
488,False,artifact,p0006_00000002_f0051_5,f0051,51,17,150.0,356.0,short_branch_artifact,0.5226
489,False,artifact,p0006_00000002_f0051_5,f0051,51,39,179.0,332.0,short_branch_artifact,0.6024
490,False,artifact,p0006_00000002_f0051_5,f0051,51,40,183.0,399.0,short_branch_artifact,0.5773
491,False,artifact,p0006_00000002_f0051_5,f0051,51,49,194.0,449.0,short_branch_artifact,0.5668
492,False,artifact,p0006_00000002_f0051_5,f0051,51,81,262.0,476.0,short_branch_artifact,0.5983
493,False,artifact,p0006_00000002_f0051_5,f0051,51,83,267.0,468.0,short_branch_artifact,0.5398
494,False,artifact,p0006_00000002_f0051_5,f0051,51,97,292.0,475.0,short_branch_artifact,0.5749
495,False,artifact,p0006_00000002_f0051_5,f0051,51,117,330.0,483.0,short_branch_artifact,0.541
496,False,artifact,p0006_00000002_f0051_5,f0051,51,158,417.0,663.0,short_branch_artifact,0.5779
497,False,artifact,p0006_00000002_f0051_5,f0051,51,199,505.0,531.0,short_branch_artifact,0.641
498,False,artifact,p0006_00000002_f0051_5,f0051,51,208,526.0,563.0,short_branch_artifact,0.618
499,False,bifurcation,p0006_00000002_f0051_5,f0051,51,10,132.0,332.0,bifurcation,0.8934
500,False,bifurcation,p0006_00000002_f0051_5,f0051,51,13,139.0,396.0,bifurcation,0.7988
501,False,bifurcation,p0006_00000002_f0051_5,f0051,51,100,298.0,404.0,bifurcation,1.0
502,False,crossing_or_overlap,p0006_00000002_f0051_5,f0051,51,77,256.0,468.0,crossing_or_overlap,0.6693
503,False,uncertain,p0006_00000002_f0051_5,f0051,51,52,199.0,518.0,uncertain_high_order_branch,0.6652
504,False,artifact,p0006_00000002_f0052_5,f0052,52,1,120.0,366.0,short_branch_artifact,0.6219
505,False,artifact,p0006_00000002_f0052_5,f0052,52,7,125.0,208.0,short_branch_artifact,0.6006
506,False,artifact,p0006_00000002_f0052_5,f0052,52,17,136.0,428.0,short_branch_artifact,0.6078
507,False,artifact,p0006_00000002_f0052_5,f0052,52,58,231.0,439.0,short_branch_artifact,0.6205
508,False,artifact,p0006_00000002_f0052_5,f0052,52,126,353.0,388.0,short_branch_artifact,0.6406
509,False,artifact,p0006_00000002_f0052_5,f0052,52,130,356.0,563.0,short_branch_artifact,0.6085
510,False,artifact,p0006_00000002_f0052_5,f0052,52,131,359.0,386.0,short_branch_artifact,0.6388
511,False,artifact,p0006_00000002_f0052_5,f0052,52,135,363.0,561.0,short_branch_artifact,0.6251
512,False,artifact,p0006_00000002_f0052_5,f0052,52,195,498.0,654.0,short_branch_artifact,0.6425
513,False,artifact,p0006_00000002_f0052_5,f0052,52,203,578.0,540.0,short_branch_artifact,0.5955
514,False,bifurcation,p0006_00000002_f0052_5,f0052,52,8,127.0,280.0,bifurcation,1.0
515,False,bifurcation,p0006_00000002_f0052_5,f0052,52,30,163.0,393.0,bifurcation,0.9571
516,False,bifurcation,p0006_00000002_f0052_5,f0052,52,37,182.0,382.0,bifurcation,0.9419
517,False,bifurcation,p0006_00000002_f0052_5,f0052,52,59,231.0,386.0,bifurcation,1.0
518,False,bifurcation,p0006_00000002_f0052_5,f0052,52,83,273.0,474.0,bifurcation,0.9893
519,False,bifurcation,p0006_00000002_f0052_5,f0052,52,143,391.0,382.0,bifurcation,1.0
520,False,bifurcation,p0006_00000002_f0052_5,f0052,52,153,403.0,586.0,bifurcation,1.0
521,False,crossing_or_overlap,p0006_00000002_f0052_5,f0052,52,125,353.0,552.0,crossing_or_overlap,0.6566
