track_id,stable,broad_type,name,frame_id,frame_num,node_id,pixel_r,pixel_c,node_type,confidence
1,False,bifurcation,p0006_00000001_f0017_5,f0017,17,0,220.0,279.0,bifurcation,0.8823
1,False,bifurcation,p0006_00000001_f0019_5,f0019,19,0,224.0,268.0,bifurcation,0.9059
2,False,artifact,p0006_00000001_f0018_5,f0018,18,0,221.0,280.0,short_branch_artifact,0.5536
3,False,artifact,p0006_00000001_f0018_5,f0018,18,2,226.0,254.0,short_branch_artifact,0.5918
3,False,artifact,p0006_00000001_f0020_5,f0020,20,1,217.0,239.0,short_branch_artifact,0.5479
4,False,artifact,p0006_00000001_f0018_5,f0018,18,4,234.0,252.0,short_branch_artifact,0.535
4,False,artifact,p0006_00000001_f0020_5,f0020,20,6,233.0,236.0,short_branch_artifact,0.5375
5,False,artifact,p0006_00000001_f0018_5,f0018,18,9,248.0,280.0,short_branch_artifact,0.6331
6,False,artifact,p0006_00000001_f0018_5,f0018,18,13,251.0,243.0,short_branch_artifact,0.6401
7,False,artifact,p0006_00000001_f0018_5,f0018,18,11,252.0,269.0,short_branch_artifact,0.6
7,False,artifact,p0006_00000001_f0019_5,f0019,19,11,251.0,267.0,short_branch_artifact,0.5861
8,False,artifact,p0006_00000001_f0019_5,f0019,19,24,297.0,314.0,short_branch_artifact,0.6168
9,False,artifact,p0006_00000001_f0019_5,f0019,19,31,323.0,353.0,short_branch_artifact,0.6453
9,False,artifact,p0006_00000001_f0023_5,f0023,23,64,311.0,361.0,short_branch_artifact,0.5975
10,False,crossing_or_overlap,p0006_00000001_f0019_5,f0019,19,27,309.0,338.0,crossing_or_overlap,0.6491
11,False,crossing_or_overlap,p0006_00000001_f0019_5,f0019,19,29,316.0,358.0,crossing_or_overlap,0.7024
12,True,artifact,p0006_00000001_f0020_5,f0020,20,16,242.0,399.0,short_branch_artifact,0.6255
12,True,artifact,p0006_00000001_f0021_5,f0021,21,28,232.0,385.0,short_branch_artifact,0.5774
12,True,artifact,p0006_00000001_f0023_5,f0023,23,18,238.0,384.0,short_branch_artifact,0.5978
12,True,artifact,p0006_00000001_f0024_5,f0024,24,26,237.0,378.0,short_branch_artifact,0.6081
12,True,artifact,p0006_00000001_f0025_5,f0025,25,17,242.0,376.0,short_branch_artifact,0.6053
12,True,artifact,p0006_00000001_f0027_5,f0027,27,14,255.0,364.0,short_branch_artifact,0.5854
13,True,artifact,p0006_00000001_f0020_5,f0020,20,21,245.0,369.0,short_branch_artifact,0.6069
13,True,artifact,p0006_00000001_f0021_5,f0021,21,27,231.0,362.0,short_branch_artifact,0.6351
13,True,artifact,p0006_00000001_f0023_5,f0023,23,17,237.0,366.0,short_branch_artifact,0.628
13,True,artifact,p0006_00000001_f0024_5,f0024,24,25,237.0,374.0,short_branch_artifact,0.6174
13,True,artifact,p0006_00000001_f0025_5,f0025,25,9,222.0,367.0,short_branch_artifact,0.6053
14,True,artifact,p0006_00000001_f0020_5,f0020,20,33,281.0,282.0,short_branch_artifact,0.6117
14,True,artifact,p0006_00000001_f0021_5,f0021,21,56,279.0,295.0,short_branch_artifact,0.5853
14,True,artifact,p0006_00000001_f0022_5,f0022,22,53,272.0,296.0,short_branch_artifact,0.5892
15,False,artifact,p0006_00000001_f0020_5,f0020,20,46,324.0,398.0,short_branch_artifact,0.605
16,True,bifurcation,p0006_00000001_f0020_5,f0020,20,28,262.0,400.0,bifurcation,1.0
16,True,bifurcation,p0006_00000001_f0021_5,f0021,21,41,251.0,390.0,bifurcation,0.9341
16,True,bifurcation,p0006_00000001_f0022_5,f0022,22,38,242.0,386.0,bifurcation,0.921
17,False,crossing_or_overlap,p0006_00000001_f0020_5,f0020,20,34,292.0,301.0,crossing_or_overlap,0.741
18,False,artifact,p0006_00000001_f0021_5,f0021,21,16,221.0,405.0,short_branch_artifact,0.5886
18,False,artifact,p0006_00000001_f0022_5,f0022,22,16,216.0,401.0,short_branch_artifact,0.6035
19,True,artifact,p0006_00000001_f0021_5,f0021,21,19,224.0,220.0,short_branch_artifact,0.5129
19,True,artifact,p0006_00000001_f0022_5,f0022,22,15,217.0,217.0,short_branch_artifact,0.52
19,True,artifact,p0006_00000001_f0023_5,f0023,23,5,217.0,207.0,short_branch_artifact,0.5185
19,True,artifact,p0006_00000001_f0026_5,f0026,26,6,233.0,215.0,short_branch_artifact,0.5239
20,True,artifact,p0006_00000001_f0021_5,f0021,21,24,226.0,389.0,short_branch_artifact,0.628
20,True,artifact,p0006_00000001_f0022_5,f0022,22,19,220.0,389.0,short_branch_artifact,0.6402
20,True,artifact,p0006_00000001_f0024_5,f0024,24,6,204.0,387.0,short_branch_artifact,0.6187
20,True,artifact,p0006_00000001_f0025_5,f0025,25,6,218.0,376.0,short_branch_artifact,0.5843
21,False,artifact,p0006_00000001_f0021_5,f0021,21,30,234.0,348.0,short_branch_artifact,0.5889
22,False,artifact,p0006_00000001_f0021_5,f0021,21,29,234.0,494.0,short_branch_artifact,0.6191
22,False,artifact,p0006_00000001_f0022_5,f0022,22,27,226.0,483.0,short_branch_artifact,0.6348
23,True,artifact,p0006_00000001_f0021_5,f0021,21,42,253.0,398.0,short_branch_artifact,0.602
23,True,artifact,p0006_00000001_f0023_5,f0023,23,19,240.0,391.0,short_branch_artifact,0.6253
23,True,artifact,p0006_00000001_f0025_5,f0025,25,21,243.0,379.0,short_branch_artifact,0.6058
23,True,artifact,p0006_00000001_f0027_5,f0027,27,16,255.0,390.0,short_branch_artifact,0.5759
24,True,artifact,p0006_00000001_f0021_5,f0021,21,50,269.0,266.0,short_branch_artifact,0.5948
24,True,artifact,p0006_00000001_f0022_5,f0022,22,47,261.0,265.0,short_branch_artifact,0.5951
24,True,artifact,p0006_00000001_f0023_5,f0023,23,31,258.0,256.0,short_branch_artifact,0.5926
25,True,artifact,p0006_00000001_f0021_5,f0021,21,55,280.0,281.0,short_branch_artifact,0.6067
25,True,artifact,p0006_00000001_f0022_5,f0022,22,52,272.0,281.0,short_branch_artifact,0.5847
25,True,artifact,p0006_00000001_f0023_5,f0023,23,36,264.0,273.0,short_branch_artifact,0.6357
26,False,bifurcation,p0006_00000001_f0021_5,f0021,21,74,319.0,374.0,bifurcation,0.8989
27,False,artifact,p0006_00000001_f0022_5,f0022,22,34,235.0,490.0,short_branch_artifact,0.6274
28,False,artifact,p0006_00000001_f0022_5,f0022,22,36,237.0,481.0,short_branch_artifact,0.6316
29,False,artifact,p0006_00000001_f0022_5,f0022,22,57,279.0,548.0,short_branch_artifact,0.6378
30,False,artifact,p0006_00000001_f0022_5,f0022,22,72,320.0,375.0,short_branch_artifact,0.5842
31,True,bifurcation,p0006_00000001_f0022_5,f0022,22,18,220.0,350.0,bifurcation,1.0
31,True,bifurcation,p0006_00000001_f0023_5,f0023,23,8,214.0,344.0,bifurcation,1.0
31,True,bifurcation,p0006_00000001_f0024_5,f0024,24,14,214.0,332.0,bifurcation,0.9785
31,True,bifurcation,p0006_00000001_f0025_5,f0025,25,10,223.0,344.0,bifurcation,1.0
32,False,bifurcation,p0006_00000001_f0022_5,f0022,22,39,243.0,370.0,bifurcation,1.0
32,False,bifurcation,p0006_00000001_f0026_5,f0026,26,11,241.0,374.0,bifurcation,0.905
33,False,bifurcation,p0006_00000001_f0022_5,f0022,22,41,247.0,398.0,bifurcation,0.9407
33,False,bifurcation,p0006_00000001_f0026_5,f0026,26,25,258.0,387.0,bifurcation,0.8645
34,False,bifurcation,p0006_00000001_f0022_5,f0022,22,88,389.0,312.0,bifurcation,1.0
35,False,artifact,p0006_00000001_f0023_5,f0023,23,37,265.0,279.0,short_branch_artifact,0.6201
36,True,artifact,p0006_00000001_f0023_5,f0023,23,41,271.0,270.0,short_branch_artifact,0.592
36,True,artifact,p0006_00000001_f0026_5,f0026,26,37,281.0,259.0,short_branch_artifact,0.6076
36,True,artifact,p0006_00000001_f0030_5,f0030,30,16,282.0,250.0,short_branch_artifact,0.6095
37,True,artifact,p0006_00000001_f0023_5,f0023,23,47,279.0,278.0,short_branch_artifact,0.5978
37,True,artifact,p0006_00000001_f0027_5,f0027,27,30,289.0,276.0,short_branch_artifact,0.6229
37,True,artifact,p0006_00000001_f0029_5,f0029,29,17,281.0,271.0,short_branch_artifact,0.5869
37,True,artifact,p0006_00000001_f0030_5,f0030,30,26,296.0,280.0,short_branch_artifact,0.6312
37,True,artifact,p0006_00000001_f0032_5,f0032,32,41,309.0,283.0,short_branch_artifact,0.605
37,True,artifact,p0006_00000001_f0033_5,f0033,33,45,303.0,290.0,short_branch_artifact,0.6362
37,True,artifact,p0006_00000001_f0034_5,f0034,34,56,298.0,298.0,short_branch_artifact,0.5992
37,True,artifact,p0006_00000001_f0037_5,f0037,37,66,290.0,283.0,short_branch_artifact,0.5122
37,True,artifact,p0006_00000001_f0040_5,f0040,40,40,294.0,284.0,short_branch_artifact,0.5965
38,False,bifurcation,p0006_00000001_f0023_5,f0023,23,6,214.0,375.0,bifurcation,0.9684
38,False,bifurcation,p0006_00000001_f0024_5,f0024,24,9,211.0,370.0,bifurcation,0.9792
39,False,artifact,p0006_00000001_f0024_5,f0024,24,13,222.0,187.0,short_branch_artifact,0.5421
39,False,artifact,p0006_00000001_f0025_5,f0025,25,5,222.0,196.0,short_branch_artifact,0.5126
40,False,artifact,p0006_00000001_f0024_5,f0024,24,46,271.0,234.0,short_branch_artifact,0.5864
40,False,artifact,p0006_00000001_f0025_5,f0025,25,33,276.0,244.0,short_branch_artifact,0.602
41,False,artifact,p0006_00000001_f0024_5,f0024,24,66,292.0,66.0,short_branch_artifact,0.6343
42,True,artifact,p0006_00000001_f0024_5,f0024,24,79,320.0,340.0,short_branch_artifact,0.6033
42,True,artifact,p0006_00000001_f0025_5,f0025,25,55,318.0,350.0,short_branch_artifact,0.5773
42,True,artifact,p0006_00000001_f0029_5,f0029,29,50,334.0,346.0,short_branch_artifact,0.6312
43,False,artifact,p0006_00000001_f0024_5,f0024,24,140,568.0,450.0,short_branch_artifact,0.6315
43,False,artifact,p0006_00000001_f0025_5,f0025,25,110,569.0,459.0,short_branch_artifact,0.6298
44,False,bifurcation,p0006_00000001_f0024_5,f0024,24,97,383.0,267.0,bifurcation,1.0
45,False,crossing_or_overlap,p0006_00000001_f0024_5,f0024,24,10,213.0,446.0,crossing_or_overlap,0.858
46,False,artifact,p0006_00000001_f0025_5,f0025,25,26,255.0,464.0,short_branch_artifact,0.6389
46,False,artifact,p0006_00000001_f0026_5,f0026,26,16,247.0,459.0,short_branch_artifact,0.6265
47,False,artifact,p0006_00000001_f0025_5,f0025,25,79,400.0,274.0,short_branch_artifact,0.6458
47,False,artifact,p0006_00000001_f0026_5,f0026,26,81,392.0,285.0,short_branch_artifact,0.6266
48,True,artifact,p0006_00000001_f0025_5,f0025,25,125,626.0,619.0,short_branch_artifact,0.5985
48,True,artifact,p0006_00000001_f0027_5,f0027,27,129,622.0,630.0,short_branch_artifact,0.6014
48,True,artifact,p0006_00000001_f0028_5,f0028,28,153,621.0,632.0,short_branch_artifact,0.5993
48,True,artifact,p0006_00000001_f0030_5,f0030,30,136,611.0,633.0,short_branch_artifact,0.581
48,True,artifact,p0006_00000001_f0031_5,f0031,31,138,623.0,632.0,short_branch_artifact,0.5803
49,False,bifurcation,p0006_00000001_f0025_5,f0025,25,43,289.0,66.0,bifurcation,0.9263
50,False,bifurcation,p0006_00000001_f0025_5,f0025,25,88,435.0,277.0,bifurcation,0.9611
51,False,artifact,p0006_00000001_f0026_5,f0026,26,110,498.0,427.0,short_branch_artifact,0.6107
52,False,bifurcation,p0006_00000001_f0026_5,f0026,26,1,212.0,216.0,bifurcation,0.9268
53,False,bifurcation,p0006_00000001_f0026_5,f0026,26,3,230.0,413.0,bifurcation,0.9333
54,False,bifurcation,p0006_00000001_f0026_5,f0026,26,19,249.0,436.0,bifurcation,0.9744
55,False,bifurcation,p0006_00000001_f0026_5,f0026,26,26,259.0,434.0,bifurcation,1.0
56,False,crossing_or_overlap,p0006_00000001_f0026_5,f0026,26,123,574.0,467.0,crossing_or_overlap,0.9243
56,False,crossing_or_overlap,p0006_00000001_f0027_5,f0027,27,110,581.0,483.0,crossing_or_overlap,0.8665
57,False,crossing_or_overlap,p0006_00000001_f0026_5,f0026,26,141,633.0,619.0,crossing_or_overlap,0.7791
58,False,uncertain,p0006_00000001_f0026_5,f0026,26,57,327.0,369.0,uncertain_high_order_branch,0.7209
59,False,artifact,p0006_00000001_f0027_5,f0027,27,2,222.0,238.0,short_branch_artifact,0.6044
60,True,artifact,p0006_00000001_f0027_5,f0027,27,5,242.0,234.0,short_branch_artifact,0.5143
60,True,artifact,p0006_00000001_f0028_5,f0028,28,6,256.0,244.0,short_branch_artifact,0.5164
60,True,artifact,p0006_00000001_f0031_5,f0031,31,1,250.0,247.0,short_branch_artifact,0.5999
60,True,artifact,p0006_00000001_f0032_5,f0032,32,11,266.0,245.0,short_branch_artifact,0.5631
60,True,artifact,p0006_00000001_f0036_5,f0036,36,56,279.0,239.0,short_branch_artifact,0.6031
60,True,artifact,p0006_00000001_f0037_5,f0037,37,60,284.0,237.0,short_branch_artifact,0.5972
60,True,artifact,p0006_00000001_f0038_5,f0038,38,36,276.0,247.0,short_branch_artifact,0.6025
61,False,artifact,p0006_00000001_f0027_5,f0027,27,15,256.0,379.0,short_branch_artifact,0.5734
62,True,artifact,p0006_00000001_f0027_5,f0027,27,24,272.0,377.0,short_branch_artifact,0.61
62,True,artifact,p0006_00000001_f0028_5,f0028,28,25,271.0,371.0,short_branch_artifact,0.6007
62,True,artifact,p0006_00000001_f0032_5,f0032,32,21,274.0,366.0,short_branch_artifact,0.5841
62,True,artifact,p0006_00000001_f0034_5,f0034,34,35,265.0,369.0,short_branch_artifact,0.6372
62,True,artifact,p0006_00000001_f0035_5,f0035,35,37,265.0,386.0,short_branch_artifact,0.5687
62,True,artifact,p0006_00000001_f0036_5,f0036,36,38,259.0,375.0,short_branch_artifact,0.5632
62,True,artifact,p0006_00000001_f0037_5,f0037,37,36,254.0,371.0,short_branch_artifact,0.525
62,True,artifact,p0006_00000001_f0039_5,f0039,39,18,256.0,378.0,short_branch_artifact,0.45
62,True,artifact,p0006_00000001_f0040_5,f0040,40,23,261.0,371.0,short_branch_artifact,0.5395
62,True,artifact,p0006_00000001_f0044_5,f0044,44,23,266.0,378.0,short_branch_artifact,0.5408
62,True,artifact,p0006_00000001_f0045_5,f0045,45,32,264.0,381.0,short_branch_artifact,0.6185
62,True,artifact,p0006_00000001_f0046_5,f0046,46,29,250.0,389.0,short_branch_artifact,0.5178
62,True,artifact,p0006_00000001_f0047_5,f0047,47,28,244.0,390.0,short_branch_artifact,0.5306
62,True,artifact,p0006_00000001_f0048_5,f0048,48,22,235.0,388.0,short_branch_artifact,0.5541
62,True,artifact,p0006_00000001_f0050_5,f0050,50,20,228.0,378.0,short_branch_artifact,0.5867
63,False,artifact,p0006_00000001_f0027_5,f0027,27,28,279.0,473.0,short_branch_artifact,0.6153
64,False,artifact,p0006_00000001_f0027_5,f0027,27,33,298.0,300.0,short_branch_artifact,0.5858
65,False,artifact,p0006_00000001_f0027_5,f0027,27,40,311.0,298.0,short_branch_artifact,0.637
66,False,artifact,p0006_00000001_f0027_5,f0027,27,53,335.0,392.0,short_branch_artifact,0.6124
67,False,artifact,p0006_00000001_f0027_5,f0027,27,97,508.0,452.0,short_branch_artifact,0.6349
68,True,artifact,p0006_00000001_f0027_5,f0027,27,132,632.0,628.0,short_branch_artifact,0.5848
68,True,artifact,p0006_00000001_f0028_5,f0028,28,156,622.0,627.0,short_branch_artifact,0.5638
68,True,artifact,p0006_00000001_f0030_5,f0030,30,137,611.0,638.0,short_branch_artifact,0.5901
69,False,bifurcation,p0006_00000001_f0027_5,f0027,27,10,249.0,406.0,bifurcation,0.8659
70,False,bifurcation,p0006_00000001_f0027_5,f0027,27,22,269.0,473.0,bifurcation,1.0
71,True,bifurcation,p0006_00000001_f0027_5,f0027,27,39,305.0,505.0,bifurcation,1.0
71,True,bifurcation,p0006_00000001_f0029_5,f0029,29,40,316.0,499.0,bifurcation,0.9384
71,True,bifurcation,p0006_00000001_f0030_5,f0030,30,39,301.0,490.0,bifurcation,1.0
71,True,bifurcation,p0006_00000001_f0031_5,f0031,31,46,318.0,488.0,bifurcation,0.9174
71,True,bifurcation,p0006_00000001_f0032_5,f0032,32,42,307.0,493.0,bifurcation,0.9613
72,False,bifurcation,p0006_00000001_f0027_5,f0027,27,71,407.0,325.0,bifurcation,1.0
73,False,crossing_or_overlap,p0006_00000001_f0027_5,f0027,27,25,275.0,398.0,crossing_or_overlap,0.9098
74,False,artifact,p0006_00000001_f0028_5,f0028,28,39,312.0,549.0,short_branch_artifact,0.6254
75,True,artifact,p0006_00000001_f0028_5,f0028,28,47,318.0,319.0,short_branch_artifact,0.6158
75,True,artifact,p0006_00000001_f0029_5,f0029,29,39,317.0,308.0,short_branch_artifact,0.6016
75,True,artifact,p0006_00000001_f0030_5,f0030,30,43,320.0,312.0,short_branch_artifact,0.5673
75,True,artifact,p0006_00000001_f0032_5,f0032,32,49,323.0,314.0,short_branch_artifact,0.6397
76,False,artifact,p0006_00000001_f0028_5,f0028,28,67,360.0,410.0,short_branch_artifact,0.5964
77,False,artifact,p0006_00000001_f0028_5,f0028,28,95,428.0,354.0,short_branch_artifact,0.625
78,False,artifact,p0006_00000001_f0028_5,f0028,28,121,530.0,462.0,short_branch_artifact,0.6111
79,False,artifact,p0006_00000001_f0028_5,f0028,28,133,580.0,493.0,short_branch_artifact,0.5802
80,False,artifact,p0006_00000001_f0028_5,f0028,28,142,600.0,500.0,short_branch_artifact,0.6082
80,False,artifact,p0006_00000001_f0032_5,f0032,32,121,603.0,504.0,short_branch_artifact,0.6282
81,False,artifact,p0006_00000001_f0028_5,f0028,28,161,628.0,568.0,short_branch_artifact,0.6349
82,True,bifurcation,p0006_00000001_f0028_5,f0028,28,0,234.0,249.0,bifurcation,0.8984
82,True,bifurcation,p0006_00000001_f0029_5,f0029,29,0,243.0,261.0,bifurcation,0.9442
82,True,bifurcation,p0006_00000001_f0031_5,f0031,31,0,249.0,265.0,bifurcation,0.9534
83,False,bifurcation,p0006_00000001_f0028_5,f0028,28,30,287.0,506.0,bifurcation,1.0
84,False,crossing_or_overlap,p0006_00000001_f0028_5,f0028,28,36,296.0,412.0,crossing_or_overlap,0.9402
85,False,uncertain,p0006_00000001_f0028_5,f0028,28,23,272.0,418.0,uncertain_high_order_branch,0.6057
86,True,artifact,p0006_00000001_f0029_5,f0029,29,18,281.0,435.0,short_branch_artifact,0.4734
86,True,artifact,p0006_00000001_f0030_5,f0030,30,14,284.0,434.0,short_branch_artifact,0.4693
86,True,artifact,p0006_00000001_f0031_5,f0031,31,19,282.0,428.0,short_branch_artifact,0.514
87,False,artifact,p0006_00000001_f0029_5,f0029,29,21,284.0,388.0,short_branch_artifact,0.5295
87,False,artifact,p0006_00000001_f0031_5,f0031,31,28,287.0,383.0,short_branch_artifact,0.5778
88,True,artifact,p0006_00000001_f0029_5,f0029,29,33,299.0,495.0,short_branch_artifact,0.6146
88,True,artifact,p0006_00000001_f0031_5,f0031,31,35,295.0,479.0,short_branch_artifact,0.5503
88,True,artifact,p0006_00000001_f0032_5,f0032,32,28,281.0,470.0,short_branch_artifact,0.585
88,True,artifact,p0006_00000001_f0035_5,f0035,35,44,271.0,470.0,short_branch_artifact,0.6121
88,True,artifact,p0006_00000001_f0037_5,f0037,37,58,277.0,483.0,short_branch_artifact,0.5445
88,True,artifact,p0006_00000001_f0040_5,f0040,40,29,275.0,471.0,short_branch_artifact,0.5631
88,True,artifact,p0006_00000001_f0043_5,f0043,43,30,279.0,479.0,short_branch_artifact,0.5513
88,True,artifact,p0006_00000001_f0044_5,f0044,44,26,273.0,469.0,short_branch_artifact,0.5472
88,True,artifact,p0006_00000001_f0045_5,f0045,45,30,262.0,464.0,short_branch_artifact,0.5451
88,True,artifact,p0006_00000001_f0046_5,f0046,46,30,251.0,462.0,short_branch_artifact,0.5606
88,True,artifact,p0006_00000001_f0047_5,f0047,47,32,247.0,465.0,short_branch_artifact,0.5396
88,True,artifact,p0006_00000001_f0048_5,f0048,48,19,232.0,464.0,short_branch_artifact,0.5478
89,True,artifact,p0006_00000001_f0029_5,f0029,29,35,307.0,410.0,short_branch_artifact,0.6179
89,True,artifact,p0006_00000001_f0030_5,f0030,30,44,315.0,414.0,short_branch_artifact,0.5991
89,True,artifact,p0006_00000001_f0032_5,f0032,32,37,299.0,407.0,short_branch_artifact,0.5493
90,True,artifact,p0006_00000001_f0029_5,f0029,29,42,324.0,512.0,short_branch_artifact,0.6274
90,True,artifact,p0006_00000001_f0030_5,f0030,30,51,332.0,513.0,short_branch_artifact,0.5913
90,True,artifact,p0006_00000001_f0034_5,f0034,34,67,316.0,509.0,short_branch_artifact,0.6343
90,True,artifact,p0006_00000001_f0035_5,f0035,35,68,311.0,509.0,short_branch_artifact,0.6006
90,True,artifact,p0006_00000001_f0036_5,f0036,36,79,303.0,502.0,short_branch_artifact,0.6327
90,True,artifact,p0006_00000001_f0040_5,f0040,40,50,306.0,504.0,short_branch_artifact,0.55
90,True,artifact,p0006_00000001_f0041_5,f0041,41,42,299.0,492.0,short_branch_artifact,0.5876
90,True,artifact,p0006_00000001_f0042_5,f0042,42,34,290.0,492.0,short_branch_artifact,0.545
90,True,artifact,p0006_00000001_f0044_5,f0044,44,35,292.0,477.0,short_branch_artifact,0.5508
91,False,artifact,p0006_00000001_f0029_5,f0029,29,44,329.0,310.0,short_branch_artifact,0.6135
91,False,artifact,p0006_00000001_f0032_5,f0032,32,56,329.0,310.0,short_branch_artifact,0.5714
92,False,artifact,p0006_00000001_f0029_5,f0029,29,43,331.0,322.0,short_branch_artifact,0.542
92,False,artifact,p0006_00000001_f0030_5,f0030,30,52,337.0,333.0,short_branch_artifact,0.5598
93,False,artifact,p0006_00000001_f0029_5,f0029,29,49,335.0,312.0,short_branch_artifact,0.63
94,True,artifact,p0006_00000001_f0029_5,f0029,29,53,341.0,346.0,short_branch_artifact,0.6031
94,True,artifact,p0006_00000001_f0030_5,f0030,30,57,342.0,354.0,short_branch_artifact,0.5837
94,True,artifact,p0006_00000001_f0031_5,f0031,31,56,345.0,359.0,short_branch_artifact,0.5988
94,True,artifact,p0006_00000001_f0032_5,f0032,32,58,337.0,374.0,short_branch_artifact,0.4582
94,True,artifact,p0006_00000001_f0033_5,f0033,33,61,342.0,390.0,short_branch_artifact,0.5033
94,True,artifact,p0006_00000001_f0036_5,f0036,36,111,354.0,399.0,short_branch_artifact,0.5486
94,True,artifact,p0006_00000001_f0037_5,f0037,37,108,354.0,394.0,short_branch_artifact,0.5214
94,True,artifact,p0006_00000001_f0040_5,f0040,40,74,340.0,395.0,short_branch_artifact,0.61
94,True,artifact,p0006_00000001_f0044_5,f0044,44,60,335.0,391.0,short_branch_artifact,0.4806
94,True,artifact,p0006_00000001_f0045_5,f0045,45,78,324.0,394.0,short_branch_artifact,0.6026
94,True,artifact,p0006_00000001_f0047_5,f0047,47,65,316.0,382.0,short_branch_artifact,0.6068
94,True,artifact,p0006_00000001_f0050_5,f0050,50,73,309.0,377.0,short_branch_artifact,0.5867
94,True,artifact,p0006_00000001_f0051_5,f0051,51,60,312.0,388.0,short_branch_artifact,0.5642
94,True,artifact,p0006_00000001_f0053_5,f0053,53,52,310.0,389.0,short_branch_artifact,0.5118
94,True,artifact,p0006_00000001_f0056_5,f0056,56,45,306.0,405.0,short_branch_artifact,0.6311
95,True,artifact,p0006_00000001_f0029_5,f0029,29,86,447.0,377.0,short_branch_artifact,0.634
95,True,artifact,p0006_00000001_f0030_5,f0030,30,85,451.0,387.0,short_branch_artifact,0.6262
95,True,artifact,p0006_00000001_f0031_5,f0031,31,83,450.0,384.0,short_branch_artifact,0.614
96,True,artifact,p0006_00000001_f0029_5,f0029,29,137,604.0,522.0,short_branch_artifact,0.6029
96,True,artifact,p0006_00000001_f0030_5,f0030,30,128,601.0,515.0,short_branch_artifact,0.6395
96,True,artifact,p0006_00000001_f0031_5,f0031,31,123,606.0,508.0,short_branch_artifact,0.6364
96,True,artifact,p0006_00000001_f0032_5,f0032,32,123,611.0,502.0,short_branch_artifact,0.6496
97,False,artifact,p0006_00000001_f0029_5,f0029,29,144,612.0,522.0,short_branch_artifact,0.6375
97,False,artifact,p0006_00000001_f0031_5,f0031,31,126,610.0,519.0,short_branch_artifact,0.6119
98,False,bifurcation,p0006_00000001_f0029_5,f0029,29,2,247.0,239.0,bifurcation,0.9106
98,False,bifurcation,p0006_00000001_f0032_5,f0032,32,0,241.0,244.0,bifurcation,0.935
99,False,bifurcation,p0006_00000001_f0029_5,f0029,29,11,272.0,216.0,bifurcation,0.9018
100,False,bifurcation,p0006_00000001_f0029_5,f0029,29,14,275.0,246.0,bifurcation,0.9348
101,False,bifurcation,p0006_00000001_f0029_5,f0029,29,36,308.0,420.0,bifurcation,1.0
102,False,bifurcation,p0006_00000001_f0029_5,f0029,29,64,372.0,427.0,bifurcation,0.9455
102,False,bifurcation,p0006_00000001_f0030_5,f0030,30,67,375.0,428.0,bifurcation,0.9377
103,False,bifurcation,p0006_00000001_f0029_5,f0029,29,116,540.0,482.0,bifurcation,1.0
104,False,crossing_or_overlap,p0006_00000001_f0029_5,f0029,29,30,297.0,490.0,crossing_or_overlap,0.6376
105,False,crossing_or_overlap,p0006_00000001_f0029_5,f0029,29,135,599.0,510.0,crossing_or_overlap,0.8773
106,False,crossing_or_overlap,p0006_00000001_f0029_5,f0029,29,146,616.0,637.0,crossing_or_overlap,0.6401
107,False,artifact,p0006_00000001_f0030_5,f0030,30,0,249.0,268.0,short_branch_artifact,0.5751
108,True,artifact,p0006_00000001_f0030_5,f0030,30,21,287.0,253.0,short_branch_artifact,0.619
108,True,artifact,p0006_00000001_f0031_5,f0031,31,17,278.0,268.0,short_branch_artifact,0.591
108,True,artifact,p0006_00000001_f0033_5,f0033,33,37,293.0,267.0,short_branch_artifact,0.6415
108,True,artifact,p0006_00000001_f0034_5,f0034,34,41,282.0,266.0,short_branch_artifact,0.6198
108,True,artifact,p0006_00000001_f0036_5,f0036,36,57,283.0,278.0,short_branch_artifact,0.5154
108,True,artifact,p0006_00000001_f0037_5,f0037,37,63,287.0,272.0,short_branch_artifact,0.5012
109,True,artifact,p0006_00000001_f0030_5,f0030,30,23,288.0,423.0,short_branch_artifact,0.5565
109,True,artifact,p0006_00000001_f0031_5,f0031,31,29,287.0,415.0,short_branch_artifact,0.5432
109,True,artifact,p0006_00000001_f0032_5,f0032,32,19,271.0,412.0,short_branch_artifact,0.5334
110,False,artifact,p0006_00000001_f0030_5,f0030,30,112,550.0,491.0,short_branch_artifact,0.6104
111,False,artifact,p0006_00000001_f0030_5,f0030,30,157,645.0,537.0,short_branch_artifact,0.6133
111,False,artifact,p0006_00000001_f0031_5,f0031,31,150,651.0,525.0,short_branch_artifact,0.6347
112,False,bifurcation,p0006_00000001_f0030_5,f0030,30,22,288.0,393.0,bifurcation,0.9886
112,False,bifurcation,p0006_00000001_f0032_5,f0032,32,35,299.0,393.0,bifurcation,0.9299
113,False,bifurcation,p0006_00000001_f0030_5,f0030,30,140,615.0,526.0,bifurcation,0.975
114,False,crossing_or_overlap,p0006_00000001_f0030_5,f0030,30,17,283.0,237.0,crossing_or_overlap,0.8626
115,False,crossing_or_overlap,p0006_00000001_f0030_5,f0030,30,42,316.0,423.0,crossing_or_overlap,0.8361
115,False,crossing_or_overlap,p0006_00000001_f0031_5,f0031,31,42,314.0,413.0,crossing_or_overlap,0.8154
116,False,uncertain,p0006_00000001_f0030_5,f0030,30,2,256.0,239.0,uncertain_high_order_branch,0.6204
117,False,artifact,p0006_00000001_f0031_5,f0031,31,12,274.0,196.0,short_branch_artifact,0.5999
118,False,artifact,p0006_00000001_f0031_5,f0031,31,13,274.0,201.0,short_branch_artifact,0.5951
119,False,artifact,p0006_00000001_f0031_5,f0031,31,36,296.0,484.0,short_branch_artifact,0.5614
119,False,artifact,p0006_00000001_f0032_5,f0032,32,30,282.0,474.0,short_branch_artifact,0.5864
120,False,artifact,p0006_00000001_f0031_5,f0031,31,70,384.0,434.0,short_branch_artifact,0.5979
121,False,artifact,p0006_00000001_f0031_5,f0031,31,94,484.0,509.0,short_branch_artifact,0.6398
122,False,artifact,p0006_00000001_f0031_5,f0031,31,128,616.0,519.0,short_branch_artifact,0.616
123,False,artifact,p0006_00000001_f0031_5,f0031,31,131,619.0,517.0,short_branch_artifact,0.6194
124,True,artifact,p0006_00000001_f0031_5,f0031,31,140,631.0,629.0,short_branch_artifact,0.5073
124,True,artifact,p0006_00000001_f0032_5,f0032,32,131,634.0,627.0,short_branch_artifact,0.6154
124,True,artifact,p0006_00000001_f0033_5,f0033,33,144,642.0,614.0,short_branch_artifact,0.6393
124,True,artifact,p0006_00000001_f0034_5,f0034,34,189,644.0,617.0,short_branch_artifact,0.5878
124,True,artifact,p0006_00000001_f0035_5,f0035,35,196,648.0,608.0,short_branch_artifact,0.6287
124,True,artifact,p0006_00000001_f0036_5,f0036,36,211,644.0,608.0,short_branch_artifact,0.6434
124,True,artifact,p0006_00000001_f0038_5,f0038,38,209,638.0,622.0,short_branch_artifact,0.6042
124,True,artifact,p0006_00000001_f0039_5,f0039,39,190,623.0,625.0,short_branch_artifact,0.5893
124,True,artifact,p0006_00000001_f0040_5,f0040,40,177,619.0,628.0,short_branch_artifact,0.5927
124,True,artifact,p0006_00000001_f0042_5,f0042,42,180,607.0,638.0,short_branch_artifact,0.533
124,True,artifact,p0006_00000001_f0044_5,f0044,44,177,604.0,635.0,short_branch_artifact,0.6272
125,False,bifurcation,p0006_00000001_f0031_5,f0031,31,49,324.0,505.0,bifurcation,1.0
126,False,bifurcation,p0006_00000001_f0031_5,f0031,31,95,486.0,524.0,bifurcation,0.9997
127,True,artifact,p0006_00000001_f0032_5,f0032,32,22,273.0,403.0,short_branch_artifact,0.5972
127,True,artifact,p0006_00000001_f0033_5,f0033,33,30,279.0,394.0,short_branch_artifact,0.5249
127,True,artifact,p0006_00000001_f0034_5,f0034,34,50,289.0,396.0,short_branch_artifact,0.6304
128,False,artifact,p0006_00000001_f0032_5,f0032,32,36,299.0,402.0,short_branch_artifact,0.5825
129,False,bifurcation,p0006_00000001_f0032_5,f0032,32,34,298.0,474.0,bifurcation,0.9697
130,False,bifurcation,p0006_00000001_f0032_5,f0032,32,84,440.0,352.0,bifurcation,0.9807
131,False,bifurcation,p0006_00000001_f0032_5,f0032,32,119,600.0,492.0,bifurcation,0.9403
132,False,uncertain,p0006_00000001_f0032_5,f0032,32,64,352.0,403.0,uncertain_high_order_branch,0.6466
133,False,artifact,p0006_00000001_f0033_5,f0033,33,0,224.0,226.0,short_branch_artifact,0.5861
134,True,artifact,p0006_00000001_f0033_5,f0033,33,10,247.0,223.0,short_branch_artifact,0.5519
134,True,artifact,p0006_00000001_f0034_5,f0034,34,14,238.0,217.0,short_branch_artifact,0.5072
134,True,artifact,p0006_00000001_f0035_5,f0035,35,8,231.0,214.0,short_branch_artifact,0.514
134,True,artifact,p0006_00000001_f0036_5,f0036,36,12,230.0,197.0,short_branch_artifact,0.5332
134,True,artifact,p0006_00000001_f0037_5,f0037,37,17,231.0,196.0,short_branch_artifact,0.5282
134,True,artifact,p0006_00000001_f0038_5,f0038,38,7,228.0,204.0,short_branch_artifact,0.5064
135,False,artifact,p0006_00000001_f0033_5,f0033,33,11,248.0,403.0,short_branch_artifact,0.5564
136,True,artifact,p0006_00000001_f0033_5,f0033,33,18,254.0,387.0,short_branch_artifact,0.6034
136,True,artifact,p0006_00000001_f0034_5,f0034,34,36,265.0,385.0,short_branch_artifact,0.5394
136,True,artifact,p0006_00000001_f0035_5,f0035,35,33,258.0,384.0,short_branch_artifact,0.5653
136,True,artifact,p0006_00000001_f0036_5,f0036,36,32,250.0,371.0,short_branch_artifact,0.5436
136,True,artifact,p0006_00000001_f0037_5,f0037,37,32,247.0,369.0,short_branch_artifact,0.5312
137,True,artifact,p0006_00000001_f0033_5,f0033,33,21,256.0,355.0,short_branch_artifact,0.5079
137,True,artifact,p0006_00000001_f0034_5,f0034,34,22,243.0,350.0,short_branch_artifact,0.5396
137,True,artifact,p0006_00000001_f0035_5,f0035,35,17,237.0,354.0,short_branch_artifact,0.5311
137,True,artifact,p0006_00000001_f0036_5,f0036,36,16,231.0,339.0,short_branch_artifact,0.5778
138,True,artifact,p0006_00000001_f0033_5,f0033,33,17,259.0,332.0,short_branch_artifact,0.5623
138,True,artifact,p0006_00000001_f0034_5,f0034,34,17,244.0,328.0,short_branch_artifact,0.5485
138,True,artifact,p0006_00000001_f0035_5,f0035,35,15,238.0,324.0,short_branch_artifact,0.4942
139,False,artifact,p0006_00000001_f0033_5,f0033,33,48,309.0,287.0,short_branch_artifact,0.6215
140,True,artifact,p0006_00000001_f0033_5,f0033,33,58,334.0,394.0,short_branch_artifact,0.6203
140,True,artifact,p0006_00000001_f0034_5,f0034,34,73,328.0,397.0,short_branch_artifact,0.6111
140,True,artifact,p0006_00000001_f0035_5,f0035,35,75,323.0,399.0,short_branch_artifact,0.6083
141,True,artifact,p0006_00000001_f0033_5,f0033,33,66,345.0,379.0,short_branch_artifact,0.609
141,True,artifact,p0006_00000001_f0034_5,f0034,34,90,355.0,378.0,short_branch_artifact,0.5961
141,True,artifact,p0006_00000001_f0036_5,f0036,36,107,346.0,377.0,short_branch_artifact,0.5989
142,True,artifact,p0006_00000001_f0033_5,f0033,33,71,353.0,408.0,short_branch_artifact,0.5566
142,True,artifact,p0006_00000001_f0034_5,f0034,34,92,357.0,413.0,short_branch_artifact,0.546
142,True,artifact,p0006_00000001_f0035_5,f0035,35,94,356.0,415.0,short_branch_artifact,0.5564
143,True,bifurcation,p0006_00000001_f0033_5,f0033,33,28,277.0,373.0,bifurcation,0.9926
143,True,bifurcation,p0006_00000001_f0036_5,f0036,36,61,283.0,379.0,bifurcation,1.0
143,True,bifurcation,p0006_00000001_f0038_5,f0038,38,43,283.0,380.0,bifurcation,0.9662
143,True,bifurcation,p0006_00000001_f0040_5,f0040,40,31,280.0,387.0,bifurcation,0.9852
144,False,bifurcation,p0006_00000001_f0033_5,f0033,33,31,280.0,454.0,bifurcation,1.0
145,False,bifurcation,p0006_00000001_f0033_5,f0033,33,77,377.0,382.0,bifurcation,0.9529
146,True,bifurcation,p0006_00000001_f0033_5,f0033,33,91,416.0,315.0,bifurcation,0.9885
146,True,bifurcation,p0006_00000001_f0034_5,f0034,34,118,408.0,315.0,bifurcation,1.0
146,True,bifurcation,p0006_00000001_f0035_5,f0035,35,115,397.0,310.0,bifurcation,0.9793
146,True,bifurcation,p0006_00000001_f0039_5,f0039,39,101,395.0,308.0,bifurcation,0.9458
147,False,bifurcation,p0006_00000001_f0033_5,f0033,33,117,520.0,433.0,bifurcation,1.0
147,False,bifurcation,p0006_00000001_f0035_5,f0035,35,159,511.0,425.0,bifurcation,1.0
148,False,crossing_or_overlap,p0006_00000001_f0033_5,f0033,33,24,265.0,457.0,crossing_or_overlap,0.7388
149,False,crossing_or_overlap,p0006_00000001_f0033_5,f0033,33,29,280.0,387.0,crossing_or_overlap,0.6291
149,False,crossing_or_overlap,p0006_00000001_f0034_5,f0034,34,38,269.0,388.0,crossing_or_overlap,0.6372
150,False,crossing_or_overlap,p0006_00000001_f0033_5,f0033,33,54,330.0,355.0,crossing_or_overlap,0.7231
150,False,crossing_or_overlap,p0006_00000001_f0035_5,f0035,35,78,333.0,370.0,crossing_or_overlap,0.6562
151,False,crossing_or_overlap,p0006_00000001_f0033_5,f0033,33,129,599.0,463.0,crossing_or_overlap,0.8598
151,False,crossing_or_overlap,p0006_00000001_f0034_5,f0034,34,169,596.0,459.0,crossing_or_overlap,0.8203
152,False,artifact,p0006_00000001_f0034_5,f0034,34,15,235.0,172.0,short_branch_artifact,0.6266
152,False,artifact,p0006_00000001_f0035_5,f0035,35,7,227.0,173.0,short_branch_artifact,0.5833
153,True,artifact,p0006_00000001_f0034_5,f0034,34,26,255.0,458.0,short_branch_artifact,0.5792
153,True,artifact,p0006_00000001_f0035_5,f0035,35,26,251.0,467.0,short_branch_artifact,0.5524
153,True,artifact,p0006_00000001_f0036_5,f0036,36,23,239.0,454.0,short_branch_artifact,0.5598
153,True,artifact,p0006_00000001_f0037_5,f0037,37,22,233.0,448.0,short_branch_artifact,0.5451
154,True,artifact,p0006_00000001_f0034_5,f0034,34,49,292.0,313.0,short_branch_artifact,0.5044
154,True,artifact,p0006_00000001_f0035_5,f0035,35,51,284.0,309.0,short_branch_artifact,0.5155
154,True,artifact,p0006_00000001_f0038_5,f0038,38,42,286.0,315.0,short_branch_artifact,0.4716
155,False,artifact,p0006_00000001_f0034_5,f0034,34,59,301.0,329.0,short_branch_artifact,0.5096
155,False,artifact,p0006_00000001_f0035_5,f0035,35,54,286.0,333.0,short_branch_artifact,0.6175
156,True,artifact,p0006_00000001_f0034_5,f0034,34,101,374.0,418.0,short_branch_artifact,0.5451
156,True,artifact,p0006_00000001_f0035_5,f0035,35,109,381.0,420.0,short_branch_artifact,0.553
156,True,artifact,p0006_00000001_f0036_5,f0036,36,123,374.0,407.0,short_branch_artifact,0.5691
156,True,artifact,p0006_00000001_f0037_5,f0037,37,114,364.0,398.0,short_branch_artifact,0.5628
157,False,artifact,p0006_00000001_f0034_5,f0034,34,103,382.0,382.0,short_branch_artifact,0.5543
157,False,artifact,p0006_00000001_f0035_5,f0035,35,101,369.0,384.0,short_branch_artifact,0.5521
158,False,artifact,p0006_00000001_f0034_5,f0034,34,139,447.0,470.0,short_branch_artifact,0.5852
159,False,artifact,p0006_00000001_f0034_5,f0034,34,156,521.0,427.0,short_branch_artifact,0.621
160,True,bifurcation,p0006_00000001_f0034_5,f0034,34,0,216.0,220.0,bifurcation,0.9202
160,True,bifurcation,p0006_00000001_f0035_5,f0035,35,0,210.0,216.0,bifurcation,0.9376
160,True,bifurcation,p0006_00000001_f0039_5,f0039,39,0,218.0,225.0,bifurcation,0.9134
160,True,bifurcation,p0006_00000001_f0040_5,f0040,40,0,223.0,239.0,bifurcation,0.9538
160,True,bifurcation,p0006_00000001_f0041_5,f0041,41,0,233.0,250.0,bifurcation,0.9802
160,True,bifurcation,p0006_00000001_f0042_5,f0042,42,0,235.0,266.0,bifurcation,0.956
160,True,bifurcation,p0006_00000001_f0043_5,f0043,43,0,234.0,265.0,bifurcation,0.9679
161,True,bifurcation,p0006_00000001_f0034_5,f0034,34,12,235.0,404.0,bifurcation,0.905
161,True,bifurcation,p0006_00000001_f0036_5,f0036,36,7,222.0,393.0,bifurcation,0.9597
161,True,bifurcation,p0006_00000001_f0038_5,f0038,38,5,225.0,402.0,bifurcation,0.9411
162,False,bifurcation,p0006_00000001_f0034_5,f0034,34,20,241.0,379.0,bifurcation,1.0
162,False,bifurcation,p0006_00000001_f0036_5,f0036,36,14,229.0,366.0,bifurcation,1.0
163,False,bifurcation,p0006_00000001_f0034_5,f0034,34,30,256.0,466.0,bifurcation,0.9751
164,False,bifurcation,p0006_00000001_f0034_5,f0034,34,40,276.0,472.0,bifurcation,1.0
165,False,bifurcation,p0006_00000001_f0034_5,f0034,34,79,338.0,372.0,bifurcation,0.9156
165,False,bifurcation,p0006_00000001_f0038_5,f0038,38,76,331.0,381.0,bifurcation,1.0
166,False,bifurcation,p0006_00000001_f0034_5,f0034,34,182,628.0,479.0,bifurcation,0.9534
167,False,crossing_or_overlap,p0006_00000001_f0034_5,f0034,34,45,291.0,292.0,crossing_or_overlap,0.8255
167,False,crossing_or_overlap,p0006_00000001_f0035_5,f0035,35,48,282.0,294.0,crossing_or_overlap,0.6438
168,True,crossing_or_overlap,p0006_00000001_f0034_5,f0034,34,82,345.0,389.0,crossing_or_overlap,0.8042
168,True,crossing_or_overlap,p0006_00000001_f0035_5,f0035,35,82,340.0,393.0,crossing_or_overlap,0.8257
168,True,crossing_or_overlap,p0006_00000001_f0039_5,f0039,39,60,327.0,387.0,crossing_or_overlap,0.6987
169,False,uncertain,p0006_00000001_f0034_5,f0034,34,60,315.0,358.0,uncertain_high_order_branch,0.6937
170,False,uncertain,p0006_00000001_f0034_5,f0034,34,191,649.0,608.0,uncertain_complex_junction,0.7321
171,True,artifact,p0006_00000001_f0035_5,f0035,35,9,230.0,406.0,short_branch_artifact,0.5591
171,True,artifact,p0006_00000001_f0039_5,f0039,39,9,245.0,403.0,short_branch_artifact,0.5691
171,True,artifact,p0006_00000001_f0040_5,f0040,40,22,259.0,401.0,short_branch_artifact,0.5971
171,True,artifact,p0006_00000001_f0041_5,f0041,41,25,271.0,414.0,short_branch_artifact,0.5781
171,True,artifact,p0006_00000001_f0042_5,f0042,42,23,274.0,420.0,short_branch_artifact,0.5889
171,True,artifact,p0006_00000001_f0043_5,f0043,43,26,270.0,408.0,short_branch_artifact,0.5618
171,True,artifact,p0006_00000001_f0044_5,f0044,44,24,266.0,410.0,short_branch_artifact,0.5608
172,False,artifact,p0006_00000001_f0035_5,f0035,35,16,235.0,384.0,short_branch_artifact,0.6153
172,False,artifact,p0006_00000001_f0037_5,f0037,37,8,221.0,391.0,short_branch_artifact,0.5712
173,True,artifact,p0006_00000001_f0035_5,f0035,35,35,258.0,388.0,short_branch_artifact,0.5447
173,True,artifact,p0006_00000001_f0036_5,f0036,36,33,251.0,377.0,short_branch_artifact,0.5436
173,True,artifact,p0006_00000001_f0037_5,f0037,37,34,248.0,374.0,short_branch_artifact,0.5285
173,True,artifact,p0006_00000001_f0038_5,f0038,38,25,254.0,379.0,short_branch_artifact,0.5756
173,True,artifact,p0006_00000001_f0039_5,f0039,39,19,253.0,388.0,short_branch_artifact,0.5301
174,True,artifact,p0006_00000001_f0035_5,f0035,35,41,269.0,456.0,short_branch_artifact,0.5997
174,True,artifact,p0006_00000001_f0036_5,f0036,36,41,260.0,458.0,short_branch_artifact,0.605
174,True,artifact,p0006_00000001_f0037_5,f0037,37,37,253.0,453.0,short_branch_artifact,0.5757
174,True,artifact,p0006_00000001_f0038_5,f0038,38,17,246.0,453.0,short_branch_artifact,0.5771
174,True,artifact,p0006_00000001_f0039_5,f0039,39,23,261.0,462.0,short_branch_artifact,0.5619
175,True,artifact,p0006_00000001_f0035_5,f0035,35,61,300.0,333.0,short_branch_artifact,0.5079
175,True,artifact,p0006_00000001_f0037_5,f0037,37,80,311.0,330.0,short_branch_artifact,0.4858
175,True,artifact,p0006_00000001_f0038_5,f0038,38,62,314.0,334.0,short_branch_artifact,0.5494
175,True,artifact,p0006_00000001_f0041_5,f0041,41,54,321.0,337.0,short_branch_artifact,0.602
175,True,artifact,p0006_00000001_f0042_5,f0042,42,46,314.0,339.0,short_branch_artifact,0.5086
176,False,artifact,p0006_00000001_f0035_5,f0035,35,67,314.0,355.0,short_branch_artifact,0.4704
176,False,artifact,p0006_00000001_f0038_5,f0038,38,60,307.0,345.0,short_branch_artifact,0.4576
177,True,artifact,p0006_00000001_f0035_5,f0035,35,73,325.0,349.0,short_branch_artifact,0.5642
177,True,artifact,p0006_00000001_f0036_5,f0036,36,95,325.0,345.0,short_branch_artifact,0.6188
177,True,artifact,p0006_00000001_f0037_5,f0037,37,101,334.0,348.0,short_branch_artifact,0.595
177,True,artifact,p0006_00000001_f0038_5,f0038,38,70,320.0,353.0,short_branch_artifact,0.6173
177,True,artifact,p0006_00000001_f0039_5,f0039,39,55,318.0,354.0,short_branch_artifact,0.5446
177,True,artifact,p0006_00000001_f0042_5,f0042,42,56,326.0,351.0,short_branch_artifact,0.5983
177,True,artifact,p0006_00000001_f0043_5,f0043,43,58,326.0,355.0,short_branch_artifact,0.6173
177,True,artifact,p0006_00000001_f0044_5,f0044,44,59,323.0,350.0,short_branch_artifact,0.5976
178,False,artifact,p0006_00000001_f0035_5,f0035,35,110,384.0,381.0,short_branch_artifact,0.5462
179,False,artifact,p0006_00000001_f0035_5,f0035,35,121,410.0,615.0,short_branch_artifact,0.6263
180,False,artifact,p0006_00000001_f0035_5,f0035,35,175,591.0,457.0,short_branch_artifact,0.6245
181,False,artifact,p0006_00000001_f0035_5,f0035,35,176,592.0,451.0,short_branch_artifact,0.6191
182,False,bifurcation,p0006_00000001_f0035_5,f0035,35,32,258.0,367.0,bifurcation,0.8596
183,False,uncertain,p0006_00000001_f0035_5,f0035,35,22,252.0,459.0,uncertain_high_order_branch,0.6545
184,False,uncertain,p0006_00000001_f0035_5,f0035,35,53,291.0,324.0,uncertain_high_order_branch,0.6858
185,True,artifact,p0006_00000001_f0036_5,f0036,36,5,213.0,196.0,short_branch_artifact,0.6108
185,True,artifact,p0006_00000001_f0037_5,f0037,37,5,215.0,195.0,short_branch_artifact,0.6008
185,True,artifact,p0006_00000001_f0038_5,f0038,38,0,210.0,207.0,short_branch_artifact,0.6223
186,False,artifact,p0006_00000001_f0036_5,f0036,36,21,240.0,445.0,short_branch_artifact,0.5011
186,False,artifact,p0006_00000001_f0037_5,f0037,37,19,230.0,440.0,short_branch_artifact,0.5553
187,False,artifact,p0006_00000001_f0036_5,f0036,36,26,246.0,136.0,short_branch_artifact,0.6052
187,False,artifact,p0006_00000001_f0038_5,f0038,38,24,249.0,147.0,short_branch_artifact,0.6118
188,False,artifact,p0006_00000001_f0036_5,f0036,36,30,250.0,357.0,short_branch_artifact,0.6291
188,False,artifact,p0006_00000001_f0037_5,f0037,37,31,247.0,358.0,short_branch_artifact,0.6454
189,False,artifact,p0006_00000001_f0036_5,f0036,36,63,291.0,493.0,short_branch_artifact,0.5317
190,False,artifact,p0006_00000001_f0036_5,f0036,36,80,304.0,496.0,short_branch_artifact,0.6034
191,True,artifact,p0006_00000001_f0036_5,f0036,36,86,315.0,382.0,short_branch_artifact,0.6126
191,True,artifact,p0006_00000001_f0037_5,f0037,37,85,312.0,377.0,short_branch_artifact,0.6157
191,True,artifact,p0006_00000001_f0039_5,f0039,39,47,304.0,392.0,short_branch_artifact,0.6086
192,True,artifact,p0006_00000001_f0036_5,f0036,36,98,333.0,374.0,short_branch_artifact,0.5503
192,True,artifact,p0006_00000001_f0037_5,f0037,37,96,330.0,367.0,short_branch_artifact,0.524
192,True,artifact,p0006_00000001_f0038_5,f0038,38,69,320.0,364.0,short_branch_artifact,0.5572
192,True,artifact,p0006_00000001_f0039_5,f0039,39,46,309.0,367.0,short_branch_artifact,0.4783
193,True,artifact,p0006_00000001_f0036_5,f0036,36,174,507.0,409.0,short_branch_artifact,0.6188
193,True,artifact,p0006_00000001_f0037_5,f0037,37,181,507.0,413.0,short_branch_artifact,0.6226
193,True,artifact,p0006_00000001_f0038_5,f0038,38,169,492.0,415.0,short_branch_artifact,0.5997
194,False,artifact,p0006_00000001_f0036_5,f0036,36,213,657.0,476.0,short_branch_artifact,0.6122
194,False,artifact,p0006_00000001_f0037_5,f0037,37,229,660.0,484.0,short_branch_artifact,0.6088
195,False,artifact,p0006_00000001_f0036_5,f0036,36,218,662.0,483.0,short_branch_artifact,0.6306
195,False,artifact,p0006_00000001_f0037_5,f0037,37,226,656.0,483.0,short_branch_artifact,0.6273
196,False,artifact,p0006_00000001_f0036_5,f0036,36,224,671.0,467.0,short_branch_artifact,0.6367
196,False,artifact,p0006_00000001_f0037_5,f0037,37,233,666.0,474.0,short_branch_artifact,0.6309
197,False,artifact,p0006_00000001_f0036_5,f0036,36,227,675.0,498.0,short_branch_artifact,0.6204
198,False,bifurcation,p0006_00000001_f0036_5,f0036,36,35,256.0,442.0,bifurcation,1.0
199,False,bifurcation,p0006_00000001_f0036_5,f0036,36,125,377.0,361.0,bifurcation,0.9499
200,False,bifurcation,p0006_00000001_f0036_5,f0036,36,126,380.0,281.0,bifurcation,1.0
201,False,bifurcation,p0006_00000001_f0036_5,f0036,36,131,393.0,360.0,bifurcation,0.9309
202,True,crossing_or_overlap,p0006_00000001_f0036_5,f0036,36,191,584.0,445.0,crossing_or_overlap,0.8687
202,True,crossing_or_overlap,p0006_00000001_f0037_5,f0037,37,195,577.0,453.0,crossing_or_overlap,0.8813
202,True,crossing_or_overlap,p0006_00000001_f0038_5,f0038,38,189,572.0,455.0,crossing_or_overlap,0.8497
203,False,uncertain,p0006_00000001_f0036_5,f0036,36,19,234.0,442.0,uncertain_high_order_branch,0.7292
204,False,uncertain,p0006_00000001_f0036_5,f0036,36,82,325.0,329.0,uncertain_high_order_branch,0.7125
205,False,artifact,p0006_00000001_f0037_5,f0037,37,16,225.0,365.0,short_branch_artifact,0.6116
206,False,artifact,p0006_00000001_f0037_5,f0037,37,15,227.0,309.0,short_branch_artifact,0.5821
207,False,artifact,p0006_00000001_f0037_5,f0037,37,23,235.0,442.0,short_branch_artifact,0.4916
207,False,artifact,p0006_00000001_f0038_5,f0038,38,22,250.0,440.0,short_branch_artifact,0.5892
208,True,artifact,p0006_00000001_f0037_5,f0037,37,35,249.0,439.0,short_branch_artifact,0.6336
208,True,artifact,p0006_00000001_f0038_5,f0038,38,20,249.0,446.0,short_branch_artifact,0.5529
208,True,artifact,p0006_00000001_f0039_5,f0039,39,24,261.0,455.0,short_branch_artifact,0.5073
209,True,artifact,p0006_00000001_f0037_5,f0037,37,57,275.0,377.0,short_branch_artifact,0.624
209,True,artifact,p0006_00000001_f0038_5,f0038,38,30,266.0,379.0,short_branch_artifact,0.5956
209,True,artifact,p0006_00000001_f0041_5,f0041,41,24,271.0,385.0,short_branch_artifact,0.5508
209,True,artifact,p0006_00000001_f0042_5,f0042,42,24,275.0,392.0,short_branch_artifact,0.5046
209,True,artifact,p0006_00000001_f0043_5,f0043,43,27,271.0,387.0,short_branch_artifact,0.52
209,True,artifact,p0006_00000001_f0046_5,f0046,46,51,279.0,395.0,short_branch_artifact,0.6044
209,True,artifact,p0006_00000001_f0047_5,f0047,47,46,273.0,396.0,short_branch_artifact,0.55
209,True,artifact,p0006_00000001_f0051_5,f0051,51,43,280.0,387.0,short_branch_artifact,0.6024
210,True,artifact,p0006_00000001_f0037_5,f0037,37,59,278.0,372.0,short_branch_artifact,0.6349
210,True,artifact,p0006_00000001_f0041_5,f0041,41,21,275.0,368.0,short_branch_artifact,0.4511
210,True,artifact,p0006_00000001_f0042_5,f0042,42,22,280.0,378.0,short_branch_artifact,0.45
210,True,artifact,p0006_00000001_f0043_5,f0043,43,25,277.0,375.0,short_branch_artifact,0.45
210,True,artifact,p0006_00000001_f0044_5,f0044,44,20,273.0,365.0,short_branch_artifact,0.45
211,True,artifact,p0006_00000001_f0037_5,f0037,37,61,280.0,377.0,short_branch_artifact,0.6199
211,True,artifact,p0006_00000001_f0039_5,f0039,39,32,280.0,392.0,short_branch_artifact,0.595
211,True,artifact,p0006_00000001_f0040_5,f0040,40,36,287.0,401.0,short_branch_artifact,0.5136
211,True,artifact,p0006_00000001_f0041_5,f0041,41,37,293.0,400.0,short_branch_artifact,0.631
211,True,artifact,p0006_00000001_f0044_5,f0044,44,33,292.0,402.0,short_branch_artifact,0.5735
212,False,artifact,p0006_00000001_f0037_5,f0037,37,117,384.0,598.0,short_branch_artifact,0.6163
212,False,artifact,p0006_00000001_f0038_5,f0038,38,105,391.0,600.0,short_branch_artifact,0.5916
213,False,artifact,p0006_00000001_f0037_5,f0037,37,121,388.0,355.0,short_branch_artifact,0.5742
214,False,artifact,p0006_00000001_f0037_5,f0037,37,145,425.0,460.0,short_branch_artifact,0.6109
215,True,artifact,p0006_00000001_f0037_5,f0037,37,149,433.0,605.0,short_branch_artifact,0.6411
215,True,artifact,p0006_00000001_f0041_5,f0041,41,101,415.0,605.0,short_branch_artifact,0.6481
215,True,artifact,p0006_00000001_f0042_5,f0042,42,93,408.0,605.0,short_branch_artifact,0.6274
215,True,artifact,p0006_00000001_f0043_5,f0043,43,93,398.0,604.0,short_branch_artifact,0.6365
215,True,artifact,p0006_00000001_f0044_5,f0044,44,97,392.0,592.0,short_branch_artifact,0.6243
215,True,artifact,p0006_00000001_f0046_5,f0046,46,111,384.0,604.0,short_branch_artifact,0.6257
215,True,artifact,p0006_00000001_f0047_5,f0047,47,100,387.0,612.0,short_branch_artifact,0.6282
215,True,artifact,p0006_00000001_f0048_5,f0048,48,109,386.0,613.0,short_branch_artifact,0.6322
215,True,artifact,p0006_00000001_f0052_5,f0052,52,94,386.0,609.0,short_branch_artifact,0.6076
215,True,artifact,p0006_00000001_f0056_5,f0056,56,83,391.0,618.0,short_branch_artifact,0.6278
216,False,artifact,p0006_00000001_f0037_5,f0037,37,214,630.0,478.0,short_branch_artifact,0.6134
217,False,bifurcation,p0006_00000001_f0037_5,f0037,37,18,228.0,341.0,bifurcation,0.9605
218,False,bifurcation,p0006_00000001_f0037_5,f0037,37,126,398.0,268.0,bifurcation,1.0
218,False,bifurcation,p0006_00000001_f0038_5,f0038,38,106,393.0,273.0,bifurcation,1.0
219,False,crossing_or_overlap,p0006_00000001_f0037_5,f0037,37,44,269.0,125.0,crossing_or_overlap,0.6605
220,False,crossing_or_overlap,p0006_00000001_f0037_5,f0037,37,219,644.0,610.0,crossing_or_overlap,0.7437
220,False,crossing_or_overlap,p0006_00000001_f0038_5,f0038,38,210,636.0,612.0,crossing_or_overlap,0.6282
221,True,bifurcation,p0006_00000001_f0038_5,f0038,38,48,286.0,491.0,bifurcation,0.9565
221,True,bifurcation,p0006_00000001_f0041_5,f0041,41,31,285.0,484.0,bifurcation,0.8957
221,True,bifurcation,p0006_00000001_f0043_5,f0043,43,41,300.0,486.0,bifurcation,0.9231
222,False,bifurcation,p0006_00000001_f0038_5,f0038,38,213,648.0,608.0,bifurcation,0.83
223,False,crossing_or_overlap,p0006_00000001_f0038_5,f0038,38,80,347.0,556.0,crossing_or_overlap,0.7213
224,False,uncertain,p0006_00000001_f0038_5,f0038,38,9,236.0,365.0,uncertain_high_order_branch,0.6381
225,True,artifact,p0006_00000001_f0039_5,f0039,39,7,238.0,221.0,short_branch_artifact,0.5487
225,True,artifact,p0006_00000001_f0043_5,f0043,43,3,245.0,232.0,short_branch_artifact,0.5821
225,True,artifact,p0006_00000001_f0044_5,f0044,44,3,243.0,216.0,short_branch_artifact,0.5732
225,True,artifact,p0006_00000001_f0045_5,f0045,45,12,240.0,232.0,short_branch_artifact,0.5716
225,True,artifact,p0006_00000001_f0046_5,f0046,46,11,224.0,224.0,short_branch_artifact,0.6055
225,True,artifact,p0006_00000001_f0047_5,f0047,47,8,217.0,225.0,short_branch_artifact,0.6365
225,True,artifact,p0006_00000001_f0048_5,f0048,48,5,213.0,219.0,short_branch_artifact,0.6242
225,True,artifact,p0006_00000001_f0049_5,f0049,49,7,214.0,204.0,short_branch_artifact,0.6453
225,True,artifact,p0006_00000001_f0050_5,f0050,50,8,212.0,208.0,short_branch_artifact,0.6459
225,True,artifact,p0006_00000001_f0051_5,f0051,51,5,212.0,213.0,short_branch_artifact,0.6124
226,False,artifact,p0006_00000001_f0039_5,f0039,39,56,321.0,379.0,short_branch_artifact,0.5107
226,False,artifact,p0006_00000001_f0040_5,f0040,40,65,323.0,376.0,short_branch_artifact,0.4658
227,False,artifact,p0006_00000001_f0039_5,f0039,39,66,336.0,554.0,short_branch_artifact,0.6009
227,False,artifact,p0006_00000001_f0040_5,f0040,40,75,344.0,551.0,short_branch_artifact,0.5912
228,True,artifact,p0006_00000001_f0039_5,f0039,39,78,361.0,572.0,short_branch_artifact,0.5906
228,True,artifact,p0006_00000001_f0040_5,f0040,40,79,350.0,561.0,short_branch_artifact,0.612
228,True,artifact,p0006_00000001_f0043_5,f0043,43,69,352.0,565.0,short_branch_artifact,0.6174
228,True,artifact,p0006_00000001_f0044_5,f0044,44,75,357.0,574.0,short_branch_artifact,0.611
228,True,artifact,p0006_00000001_f0045_5,f0045,45,89,348.0,570.0,short_branch_artifact,0.5978
228,True,artifact,p0006_00000001_f0046_5,f0046,46,80,336.0,564.0,short_branch_artifact,0.606
228,True,artifact,p0006_00000001_f0047_5,f0047,47,76,337.0,569.0,short_branch_artifact,0.6045
228,True,artifact,p0006_00000001_f0048_5,f0048,48,78,333.0,568.0,short_branch_artifact,0.5934
229,False,artifact,p0006_00000001_f0039_5,f0039,39,114,425.0,484.0,short_branch_artifact,0.5901
230,True,artifact,p0006_00000001_f0039_5,f0039,39,130,451.0,531.0,short_branch_artifact,0.5716
230,True,artifact,p0006_00000001_f0041_5,f0041,41,132,468.0,533.0,short_branch_artifact,0.6082
230,True,artifact,p0006_00000001_f0044_5,f0044,44,126,453.0,524.0,short_branch_artifact,0.6252
230,True,artifact,p0006_00000001_f0045_5,f0045,45,144,441.0,525.0,short_branch_artifact,0.5843
230,True,artifact,p0006_00000001_f0046_5,f0046,46,156,449.0,529.0,short_branch_artifact,0.6095
230,True,artifact,p0006_00000001_f0050_5,f0050,50,157,439.0,525.0,short_branch_artifact,0.5911
230,True,artifact,p0006_00000001_f0051_5,f0051,51,128,431.0,532.0,short_branch_artifact,0.6269
230,True,artifact,p0006_00000001_f0052_5,f0052,52,134,434.0,545.0,short_branch_artifact,0.5874
231,False,artifact,p0006_00000001_f0039_5,f0039,39,193,633.0,622.0,short_branch_artifact,0.5584
232,False,artifact,p0006_00000001_f0039_5,f0039,39,198,644.0,502.0,short_branch_artifact,0.6458
233,False,bifurcation,p0006_00000001_f0039_5,f0039,39,30,276.0,470.0,bifurcation,0.96
234,False,bifurcation,p0006_00000001_f0039_5,f0039,39,33,284.0,264.0,bifurcation,1.0
235,False,bifurcation,p0006_00000001_f0039_5,f0039,39,80,362.0,314.0,bifurcation,1.0
236,False,bifurcation,p0006_00000001_f0039_5,f0039,39,151,498.0,441.0,bifurcation,0.9895
237,False,crossing_or_overlap,p0006_00000001_f0039_5,f0039,39,90,379.0,587.0,crossing_or_overlap,0.6722
238,True,crossing_or_overlap,p0006_00000001_f0039_5,f0039,39,170,573.0,476.0,crossing_or_overlap,0.8561
238,True,crossing_or_overlap,p0006_00000001_f0040_5,f0040,40,163,585.0,485.0,crossing_or_overlap,0.9233
238,True,crossing_or_overlap,p0006_00000001_f0041_5,f0041,41,158,588.0,499.0,crossing_or_overlap,0.8671
238,True,crossing_or_overlap,p0006_00000001_f0042_5,f0042,42,163,587.0,515.0,crossing_or_overlap,0.8618
239,True,artifact,p0006_00000001_f0040_5,f0040,40,6,246.0,238.0,short_branch_artifact,0.5373
239,True,artifact,p0006_00000001_f0041_5,f0041,41,6,256.0,249.0,short_branch_artifact,0.5259
239,True,artifact,p0006_00000001_f0042_5,f0042,42,8,260.0,265.0,short_branch_artifact,0.6048
239,True,artifact,p0006_00000001_f0043_5,f0043,43,22,268.0,272.0,short_branch_artifact,0.6164
239,True,artifact,p0006_00000001_f0044_5,f0044,44,12,257.0,259.0,short_branch_artifact,0.5727
239,True,artifact,p0006_00000001_f0048_5,f0048,48,39,258.0,266.0,short_branch_artifact,0.6416
240,False,artifact,p0006_00000001_f0040_5,f0040,40,44,298.0,296.0,short_branch_artifact,0.5987
241,False,artifact,p0006_00000001_f0040_5,f0040,40,45,300.0,301.0,short_branch_artifact,0.6065
242,False,artifact,p0006_00000001_f0040_5,f0040,40,47,301.0,304.0,short_branch_artifact,0.6116
243,False,artifact,p0006_00000001_f0040_5,f0040,40,49,303.0,308.0,short_branch_artifact,0.6152
244,True,artifact,p0006_00000001_f0040_5,f0040,40,70,331.0,391.0,short_branch_artifact,0.4521
244,True,artifact,p0006_00000001_f0041_5,f0041,41,61,334.0,386.0,short_branch_artifact,0.5128
244,True,artifact,p0006_00000001_f0042_5,f0042,42,55,329.0,390.0,short_branch_artifact,0.45
244,True,artifact,p0006_00000001_f0043_5,f0043,43,54,330.0,385.0,short_branch_artifact,0.45
244,True,artifact,p0006_00000001_f0045_5,f0045,45,73,318.0,394.0,short_branch_artifact,0.5327
244,True,artifact,p0006_00000001_f0046_5,f0046,46,69,317.0,392.0,short_branch_artifact,0.554
244,True,artifact,p0006_00000001_f0047_5,f0047,47,63,314.0,396.0,short_branch_artifact,0.5699
244,True,artifact,p0006_00000001_f0050_5,f0050,50,82,323.0,402.0,short_branch_artifact,0.5839
244,True,artifact,p0006_00000001_f0051_5,f0051,51,69,329.0,412.0,short_branch_artifact,0.5561
244,True,artifact,p0006_00000001_f0053_5,f0053,53,62,328.0,420.0,short_branch_artifact,0.5784
244,True,artifact,p0006_00000001_f0054_5,f0054,54,41,337.0,432.0,short_branch_artifact,0.5291
244,True,artifact,p0006_00000001_f0055_5,f0055,55,53,335.0,436.0,short_branch_artifact,0.5263
244,True,artifact,p0006_00000001_f0056_5,f0056,56,51,332.0,428.0,short_branch_artifact,0.5082
245,True,artifact,p0006_00000001_f0040_5,f0040,40,73,337.0,404.0,short_branch_artifact,0.5641
245,True,artifact,p0006_00000001_f0041_5,f0041,41,65,341.0,402.0,short_branch_artifact,0.4852
245,True,artifact,p0006_00000001_f0043_5,f0043,43,63,343.0,399.0,short_branch_artifact,0.4787
245,True,artifact,p0006_00000001_f0044_5,f0044,44,62,338.0,407.0,short_branch_artifact,0.5178
245,True,artifact,p0006_00000001_f0045_5,f0045,45,83,334.0,414.0,short_branch_artifact,0.5982
246,False,artifact,p0006_00000001_f0040_5,f0040,40,76,344.0,561.0,short_branch_artifact,0.5927
247,True,artifact,p0006_00000001_f0040_5,f0040,40,85,366.0,573.0,short_branch_artifact,0.5945
247,True,artifact,p0006_00000001_f0042_5,f0042,42,70,367.0,572.0,short_branch_artifact,0.6266
247,True,artifact,p0006_00000001_f0043_5,f0043,43,75,369.0,579.0,short_branch_artifact,0.6193
248,False,artifact,p0006_00000001_f0040_5,f0040,40,145,514.0,455.0,short_branch_artifact,0.6313
249,True,artifact,p0006_00000001_f0040_5,f0040,40,165,589.0,497.0,short_branch_artifact,0.6395
249,True,artifact,p0006_00000001_f0043_5,f0043,43,164,586.0,511.0,short_branch_artifact,0.6225
249,True,artifact,p0006_00000001_f0044_5,f0044,44,167,581.0,508.0,short_branch_artifact,0.6041
250,True,artifact,p0006_00000001_f0040_5,f0040,40,169,597.0,498.0,short_branch_artifact,0.6263
250,True,artifact,p0006_00000001_f0041_5,f0041,41,163,595.0,512.0,short_branch_artifact,0.6255
250,True,artifact,p0006_00000001_f0042_5,f0042,42,157,579.0,519.0,short_branch_artifact,0.638
250,True,artifact,p0006_00000001_f0043_5,f0043,43,158,574.0,515.0,short_branch_artifact,0.6361
251,False,bifurcation,p0006_00000001_f0040_5,f0040,40,17,256.0,417.0,bifurcation,0.8746
252,False,bifurcation,p0006_00000001_f0040_5,f0040,40,108,418.0,343.0,bifurcation,0.9916
253,False,bifurcation,p0006_00000001_f0040_5,f0040,40,186,642.0,510.0,bifurcation,1.0
254,False,crossing_or_overlap,p0006_00000001_f0040_5,f0040,40,28,278.0,474.0,crossing_or_overlap,0.767
255,True,crossing_or_overlap,p0006_00000001_f0040_5,f0040,40,32,281.0,402.0,crossing_or_overlap,0.8462
255,True,crossing_or_overlap,p0006_00000001_f0041_5,f0041,41,39,296.0,411.0,crossing_or_overlap,0.6966
255,True,crossing_or_overlap,p0006_00000001_f0042_5,f0042,42,39,298.0,421.0,crossing_or_overlap,0.8322
255,True,crossing_or_overlap,p0006_00000001_f0044_5,f0044,44,34,292.0,411.0,crossing_or_overlap,0.8868
256,False,crossing_or_overlap,p0006_00000001_f0040_5,f0040,40,56,313.0,297.0,crossing_or_overlap,0.8225
257,False,crossing_or_overlap,p0006_00000001_f0040_5,f0040,40,60,316.0,306.0,crossing_or_overlap,0.7643
258,True,artifact,p0006_00000001_f0041_5,f0041,41,17,267.0,430.0,short_branch_artifact,0.5392
258,True,artifact,p0006_00000001_f0042_5,f0042,42,18,270.0,436.0,short_branch_artifact,0.5384
258,True,artifact,p0006_00000001_f0043_5,f0043,43,18,265.0,427.0,short_branch_artifact,0.5069
258,True,artifact,p0006_00000001_f0044_5,f0044,44,16,263.0,424.0,short_branch_artifact,0.5006
259,True,artifact,p0006_00000001_f0041_5,f0041,41,32,287.0,492.0,short_branch_artifact,0.5449
259,True,artifact,p0006_00000001_f0042_5,f0042,42,32,288.0,486.0,short_branch_artifact,0.544
259,True,artifact,p0006_00000001_f0043_5,f0043,43,32,281.0,485.0,short_branch_artifact,0.5644
259,True,artifact,p0006_00000001_f0044_5,f0044,44,27,274.0,475.0,short_branch_artifact,0.5645
259,True,artifact,p0006_00000001_f0046_5,f0046,46,38,264.0,469.0,short_branch_artifact,0.5258
259,True,artifact,p0006_00000001_f0049_5,f0049,49,32,252.0,481.0,short_branch_artifact,0.529
259,True,artifact,p0006_00000001_f0050_5,f0050,50,33,246.0,477.0,short_branch_artifact,0.6294
259,True,artifact,p0006_00000001_f0052_5,f0052,52,22,248.0,478.0,short_branch_artifact,0.528
260,True,artifact,p0006_00000001_f0041_5,f0041,41,40,296.0,417.0,short_branch_artifact,0.5914
260,True,artifact,p0006_00000001_f0042_5,f0042,42,38,298.0,412.0,short_branch_artifact,0.5791
260,True,artifact,p0006_00000001_f0043_5,f0043,43,44,308.0,406.0,short_branch_artifact,0.6078
261,True,artifact,p0006_00000001_f0041_5,f0041,41,50,315.0,511.0,short_branch_artifact,0.5669
261,True,artifact,p0006_00000001_f0043_5,f0043,43,45,310.0,502.0,short_branch_artifact,0.5359
261,True,artifact,p0006_00000001_f0046_5,f0046,46,74,321.0,497.0,short_branch_artifact,0.5831
261,True,artifact,p0006_00000001_f0049_5,f0049,49,79,326.0,494.0,short_branch_artifact,0.5934
262,True,artifact,p0006_00000001_f0041_5,f0041,41,86,381.0,515.0,short_branch_artifact,0.6152
262,True,artifact,p0006_00000001_f0042_5,f0042,42,80,384.0,511.0,short_branch_artifact,0.6097
262,True,artifact,p0006_00000001_f0044_5,f0044,44,82,370.0,503.0,short_branch_artifact,0.6055
263,False,artifact,p0006_00000001_f0041_5,f0041,41,96,409.0,612.0,short_branch_artifact,0.6154
264,False,artifact,p0006_00000001_f0041_5,f0041,41,110,435.0,369.0,short_branch_artifact,0.6314
265,False,bifurcation,p0006_00000001_f0041_5,f0041,41,169,603.0,513.0,bifurcation,1.0
266,False,crossing_or_overlap,p0006_00000001_f0041_5,f0041,41,48,314.0,403.0,crossing_or_overlap,0.7266
267,False,crossing_or_overlap,p0006_00000001_f0041_5,f0041,41,73,351.0,416.0,crossing_or_overlap,0.6711
267,False,crossing_or_overlap,p0006_00000001_f0044_5,f0044,44,71,355.0,428.0,crossing_or_overlap,0.6271
268,False,crossing_or_overlap,p0006_00000001_f0041_5,f0041,41,79,366.0,569.0,crossing_or_overlap,0.8024
269,False,crossing_or_overlap,p0006_00000001_f0041_5,f0041,41,172,614.0,632.0,crossing_or_overlap,0.6837
270,False,artifact,p0006_00000001_f0042_5,f0042,42,41,301.0,491.0,short_branch_artifact,0.5558
270,False,artifact,p0006_00000001_f0044_5,f0044,44,40,300.0,494.0,short_branch_artifact,0.5225
271,True,artifact,p0006_00000001_f0042_5,f0042,42,63,348.0,420.0,short_branch_artifact,0.5284
271,True,artifact,p0006_00000001_f0043_5,f0043,43,65,346.0,415.0,short_branch_artifact,0.5127
271,True,artifact,p0006_00000001_f0044_5,f0044,44,67,348.0,408.0,short_branch_artifact,0.5422
271,True,artifact,p0006_00000001_f0045_5,f0045,45,86,345.0,395.0,short_branch_artifact,0.556
271,True,artifact,p0006_00000001_f0047_5,f0047,47,83,351.0,387.0,short_branch_artifact,0.5569
271,True,artifact,p0006_00000001_f0048_5,f0048,48,83,337.0,386.0,short_branch_artifact,0.5315
271,True,artifact,p0006_00000001_f0052_5,f0052,52,66,339.0,397.0,short_branch_artifact,0.5451
271,True,artifact,p0006_00000001_f0053_5,f0053,53,65,330.0,409.0,short_branch_artifact,0.6085
271,True,artifact,p0006_00000001_f0056_5,f0056,56,48,317.0,398.0,short_branch_artifact,0.4967
272,True,artifact,p0006_00000001_f0042_5,f0042,42,66,360.0,421.0,short_branch_artifact,0.5634
272,True,artifact,p0006_00000001_f0043_5,f0043,43,71,360.0,415.0,short_branch_artifact,0.5406
272,True,artifact,p0006_00000001_f0045_5,f0045,45,90,348.0,408.0,short_branch_artifact,0.5692
273,True,artifact,p0006_00000001_f0042_5,f0042,42,67,360.0,431.0,short_branch_artifact,0.6026
273,True,artifact,p0006_00000001_f0046_5,f0046,46,88,350.0,434.0,short_branch_artifact,0.5329
273,True,artifact,p0006_00000001_f0048_5,f0048,48,89,349.0,432.0,short_branch_artifact,0.608
273,True,artifact,p0006_00000001_f0049_5,f0049,49,97,349.0,427.0,short_branch_artifact,0.6093
274,False,artifact,p0006_00000001_f0042_5,f0042,42,136,499.0,566.0,short_branch_artifact,0.6154
274,False,artifact,p0006_00000001_f0043_5,f0043,43,135,493.0,557.0,short_branch_artifact,0.6193
275,False,artifact,p0006_00000001_f0042_5,f0042,42,135,502.0,396.0,short_branch_artifact,0.642
276,False,artifact,p0006_00000001_f0042_5,f0042,42,161,584.0,531.0,short_branch_artifact,0.604
276,False,artifact,p0006_00000001_f0043_5,f0043,43,161,582.0,527.0,short_branch_artifact,0.6175
277,True,artifact,p0006_00000001_f0042_5,f0042,42,169,591.0,528.0,short_branch_artifact,0.6082
277,True,artifact,p0006_00000001_f0043_5,f0043,43,163,586.0,515.0,short_branch_artifact,0.6374
277,True,artifact,p0006_00000001_f0044_5,f0044,44,166,581.0,513.0,short_branch_artifact,0.6458
278,False,artifact,p0006_00000001_f0042_5,f0042,42,175,598.0,639.0,short_branch_artifact,0.6116
278,False,artifact,p0006_00000001_f0043_5,f0043,43,168,596.0,637.0,short_branch_artifact,0.5955
279,True,artifact,p0006_00000001_f0042_5,f0042,42,174,599.0,527.0,short_branch_artifact,0.636
279,True,artifact,p0006_00000001_f0043_5,f0043,43,167,590.0,524.0,short_branch_artifact,0.5979
279,True,artifact,p0006_00000001_f0044_5,f0044,44,169,586.0,523.0,short_branch_artifact,0.6114
280,True,artifact,p0006_00000001_f0042_5,f0042,42,194,640.0,529.0,short_branch_artifact,0.6177
280,True,artifact,p0006_00000001_f0045_5,f0045,45,232,640.0,512.0,short_branch_artifact,0.6202
280,True,artifact,p0006_00000001_f0046_5,f0046,46,247,645.0,503.0,short_branch_artifact,0.639
280,True,artifact,p0006_00000001_f0048_5,f0048,48,227,646.0,493.0,short_branch_artifact,0.6404
280,True,artifact,p0006_00000001_f0050_5,f0050,50,246,639.0,492.0,short_branch_artifact,0.634
280,True,artifact,p0006_00000001_f0051_5,f0051,51,206,635.0,493.0,short_branch_artifact,0.6403
280,True,artifact,p0006_00000001_f0052_5,f0052,52,225,632.0,506.0,short_branch_artifact,0.6404
281,False,bifurcation,p0006_00000001_f0042_5,f0042,42,51,319.0,509.0,bifurcation,0.9237
282,False,bifurcation,p0006_00000001_f0042_5,f0042,42,73,372.0,581.0,bifurcation,0.9726
283,True,bifurcation,p0006_00000001_f0042_5,f0042,42,102,428.0,386.0,bifurcation,0.9433
283,True,bifurcation,p0006_00000001_f0043_5,f0043,43,110,431.0,387.0,bifurcation,0.9454
283,True,bifurcation,p0006_00000001_f0044_5,f0044,44,115,433.0,376.0,bifurcation,0.9814
284,False,bifurcation,p0006_00000001_f0042_5,f0042,42,144,529.0,486.0,bifurcation,0.9663
284,False,bifurcation,p0006_00000001_f0043_5,f0043,43,147,535.0,484.0,bifurcation,0.9699
285,False,crossing_or_overlap,p0006_00000001_f0042_5,f0042,42,88,399.0,597.0,crossing_or_overlap,0.783
285,False,crossing_or_overlap,p0006_00000001_f0043_5,f0043,43,88,397.0,597.0,crossing_or_overlap,0.7124
286,True,crossing_or_overlap,p0006_00000001_f0042_5,f0042,42,119,463.0,528.0,crossing_or_overlap,0.8415
286,True,crossing_or_overlap,p0006_00000001_f0043_5,f0043,43,124,466.0,525.0,crossing_or_overlap,0.9065
286,True,crossing_or_overlap,p0006_00000001_f0047_5,f0047,47,143,460.0,538.0,crossing_or_overlap,0.8497
287,False,crossing_or_overlap,p0006_00000001_f0042_5,f0042,42,191,632.0,536.0,crossing_or_overlap,0.8692
288,False,artifact,p0006_00000001_f0043_5,f0043,43,17,264.0,237.0,short_branch_artifact,0.581
289,False,artifact,p0006_00000001_f0043_5,f0043,43,170,598.0,523.0,short_branch_artifact,0.6334
289,False,artifact,p0006_00000001_f0044_5,f0044,44,172,593.0,522.0,short_branch_artifact,0.6384
290,False,bifurcation,p0006_00000001_f0043_5,f0043,43,7,254.0,209.0,bifurcation,0.8143
291,False,bifurcation,p0006_00000001_f0043_5,f0043,43,70,359.0,499.0,bifurcation,0.9516
292,False,bifurcation,p0006_00000001_f0043_5,f0043,43,80,374.0,507.0,bifurcation,1.0
293,False,bifurcation,p0006_00000001_f0043_5,f0043,43,184,630.0,531.0,bifurcation,0.9845
294,False,crossing_or_overlap,p0006_00000001_f0043_5,f0043,43,76,367.0,436.0,crossing_or_overlap,0.6416
295,False,uncertain,p0006_00000001_f0043_5,f0043,43,38,299.0,411.0,uncertain_complex_junction,0.7086
296,False,artifact,p0006_00000001_f0044_5,f0044,44,8,251.0,194.0,short_branch_artifact,0.6157
297,False,artifact,p0006_00000001_f0044_5,f0044,44,15,259.0,215.0,short_branch_artifact,0.6241
298,False,artifact,p0006_00000001_f0044_5,f0044,44,65,344.0,366.0,short_branch_artifact,0.6158
299,True,artifact,p0006_00000001_f0044_5,f0044,44,68,348.0,493.0,short_branch_artifact,0.5536
299,True,artifact,p0006_00000001_f0045_5,f0045,45,91,349.0,500.0,short_branch_artifact,0.5876
299,True,artifact,p0006_00000001_f0046_5,f0046,46,85,340.0,501.0,short_branch_artifact,0.6005
299,True,artifact,p0006_00000001_f0047_5,f0047,47,77,340.0,508.0,short_branch_artifact,0.5946
299,True,artifact,p0006_00000001_f0048_5,f0048,48,85,341.0,509.0,short_branch_artifact,0.5883
299,True,artifact,p0006_00000001_f0051_5,f0051,51,77,346.0,502.0,short_branch_artifact,0.6015
300,True,artifact,p0006_00000001_f0044_5,f0044,44,130,458.0,525.0,short_branch_artifact,0.6158
300,True,artifact,p0006_00000001_f0046_5,f0046,46,162,462.0,539.0,short_branch_artifact,0.6026
300,True,artifact,p0006_00000001_f0049_5,f0049,49,164,465.0,541.0,short_branch_artifact,0.6208
300,True,artifact,p0006_00000001_f0050_5,f0050,50,177,471.0,550.0,short_branch_artifact,0.6381
300,True,artifact,p0006_00000001_f0054_5,f0054,54,115,457.0,541.0,short_branch_artifact,0.5752
300,True,artifact,p0006_00000001_f0056_5,f0056,56,120,454.0,542.0,short_branch_artifact,0.5918
301,False,artifact,p0006_00000001_f0044_5,f0044,44,149,518.0,479.0,short_branch_artifact,0.6335
302,True,artifact,p0006_00000001_f0044_5,f0044,44,184,617.0,631.0,short_branch_artifact,0.5756
302,True,artifact,p0006_00000001_f0045_5,f0045,45,223,613.0,629.0,short_branch_artifact,0.6257
302,True,artifact,p0006_00000001_f0046_5,f0046,46,231,618.0,630.0,short_branch_artifact,0.6253
302,True,artifact,p0006_00000001_f0047_5,f0047,47,196,624.0,619.0,short_branch_artifact,0.5667
302,True,artifact,p0006_00000001_f0048_5,f0048,48,216,626.0,617.0,short_branch_artifact,0.5855
302,True,artifact,p0006_00000001_f0049_5,f0049,49,217,618.0,630.0,short_branch_artifact,0.5306
302,True,artifact,p0006_00000001_f0050_5,f0050,50,233,616.0,625.0,short_branch_artifact,0.5698
303,False,bifurcation,p0006_00000001_f0044_5,f0044,44,64,341.0,558.0,bifurcation,1.0
304,False,crossing_or_overlap,p0006_00000001_f0044_5,f0044,44,57,329.0,377.0,crossing_or_overlap,0.8386
305,False,uncertain,p0006_00000001_f0044_5,f0044,44,0,235.0,262.0,uncertain_high_order_branch,0.6597
306,False,artifact,p0006_00000001_f0045_5,f0045,45,8,236.0,311.0,short_branch_artifact,0.5932
306,False,artifact,p0006_00000001_f0049_5,f0049,49,5,228.0,311.0,short_branch_artifact,0.6023
307,True,artifact,p0006_00000001_f0045_5,f0045,45,16,242.0,394.0,short_branch_artifact,0.6245
307,True,artifact,p0006_00000001_f0046_5,f0046,46,18,229.0,390.0,short_branch_artifact,0.6005
307,True,artifact,p0006_00000001_f0047_5,f0047,47,14,222.0,390.0,short_branch_artifact,0.6198
307,True,artifact,p0006_00000001_f0048_5,f0048,48,8,214.0,388.0,short_branch_artifact,0.6056
307,True,artifact,p0006_00000001_f0051_5,f0051,51,13,223.0,386.0,short_branch_artifact,0.5876
308,True,artifact,p0006_00000001_f0045_5,f0045,45,17,244.0,368.0,short_branch_artifact,0.5406
308,True,artifact,p0006_00000001_f0047_5,f0047,47,27,244.0,376.0,short_branch_artifact,0.633
308,True,artifact,p0006_00000001_f0049_5,f0049,49,23,243.0,378.0,short_branch_artifact,0.5743
308,True,artifact,p0006_00000001_f0051_5,f0051,51,24,254.0,384.0,short_branch_artifact,0.6123
308,True,artifact,p0006_00000001_f0053_5,f0053,53,22,249.0,390.0,short_branch_artifact,0.6307
309,True,artifact,p0006_00000001_f0045_5,f0045,45,21,248.0,459.0,short_branch_artifact,0.5488
309,True,artifact,p0006_00000001_f0046_5,f0046,46,21,236.0,456.0,short_branch_artifact,0.5118
309,True,artifact,p0006_00000001_f0047_5,f0047,47,19,231.0,457.0,short_branch_artifact,0.5269
309,True,artifact,p0006_00000001_f0048_5,f0048,48,18,226.0,441.0,short_branch_artifact,0.5201
309,True,artifact,p0006_00000001_f0049_5,f0049,49,13,229.0,450.0,short_branch_artifact,0.517
309,True,artifact,p0006_00000001_f0050_5,f0050,50,14,219.0,450.0,short_branch_artifact,0.5458
310,True,artifact,p0006_00000001_f0045_5,f0045,45,15,249.0,341.0,short_branch_artifact,0.5309
310,True,artifact,p0006_00000001_f0046_5,f0046,46,17,235.0,335.0,short_branch_artifact,0.5875
310,True,artifact,p0006_00000001_f0047_5,f0047,47,10,225.0,335.0,short_branch_artifact,0.6158
310,True,artifact,p0006_00000001_f0048_5,f0048,48,6,217.0,327.0,short_branch_artifact,0.5789
310,True,artifact,p0006_00000001_f0050_5,f0050,50,9,214.0,325.0,short_branch_artifact,0.5958
311,True,artifact,p0006_00000001_f0045_5,f0045,45,25,252.0,465.0,short_branch_artifact,0.5571
311,True,artifact,p0006_00000001_f0046_5,f0046,46,24,240.0,463.0,short_branch_artifact,0.5536
311,True,artifact,p0006_00000001_f0047_5,f0047,47,22,236.0,465.0,short_branch_artifact,0.5568
311,True,artifact,p0006_00000001_f0048_5,f0048,48,17,227.0,458.0,short_branch_artifact,0.5315
311,True,artifact,p0006_00000001_f0049_5,f0049,49,9,217.0,452.0,short_branch_artifact,0.5549
311,True,artifact,p0006_00000001_f0050_5,f0050,50,12,213.0,442.0,short_branch_artifact,0.4865
312,True,artifact,p0006_00000001_f0045_5,f0045,45,37,273.0,315.0,short_branch_artifact,0.6163
312,True,artifact,p0006_00000001_f0046_5,f0046,46,37,261.0,313.0,short_branch_artifact,0.6023
312,True,artifact,p0006_00000001_f0047_5,f0047,47,47,273.0,300.0,short_branch_artifact,0.5908
312,True,artifact,p0006_00000001_f0048_5,f0048,48,40,261.0,297.0,short_branch_artifact,0.5156
313,True,artifact,p0006_00000001_f0045_5,f0045,45,44,284.0,277.0,short_branch_artifact,0.6124
313,True,artifact,p0006_00000001_f0046_5,f0046,46,43,272.0,273.0,short_branch_artifact,0.6156
313,True,artifact,p0006_00000001_f0047_5,f0047,47,40,263.0,273.0,short_branch_artifact,0.6204
313,True,artifact,p0006_00000001_f0048_5,f0048,48,44,266.0,286.0,short_branch_artifact,0.6312
313,True,artifact,p0006_00000001_f0049_5,f0049,49,40,265.0,279.0,short_branch_artifact,0.5285
313,True,artifact,p0006_00000001_f0050_5,f0050,50,45,266.0,281.0,short_branch_artifact,0.5542
314,True,artifact,p0006_00000001_f0045_5,f0045,45,45,287.0,312.0,short_branch_artifact,0.5155
314,True,artifact,p0006_00000001_f0049_5,f0049,49,49,274.0,306.0,short_branch_artifact,0.5324
314,True,artifact,p0006_00000001_f0052_5,f0052,52,36,276.0,299.0,short_branch_artifact,0.5685
315,False,artifact,p0006_00000001_f0045_5,f0045,45,52,291.0,302.0,short_branch_artifact,0.6242
316,False,artifact,p0006_00000001_f0045_5,f0045,45,58,297.0,300.0,short_branch_artifact,0.6285
317,True,artifact,p0006_00000001_f0045_5,f0045,45,65,306.0,367.0,short_branch_artifact,0.4591
317,True,artifact,p0006_00000001_f0049_5,f0049,49,71,307.0,359.0,short_branch_artifact,0.5979
317,True,artifact,p0006_00000001_f0050_5,f0050,50,67,300.0,354.0,short_branch_artifact,0.6115
317,True,artifact,p0006_00000001_f0054_5,f0054,54,27,307.0,353.0,short_branch_artifact,0.5667
318,True,artifact,p0006_00000001_f0045_5,f0045,45,69,312.0,381.0,short_branch_artifact,0.5136
318,True,artifact,p0006_00000001_f0046_5,f0046,46,72,318.0,383.0,short_branch_artifact,0.6233
318,True,artifact,p0006_00000001_f0047_5,f0047,47,60,307.0,380.0,short_branch_artifact,0.5058
318,True,artifact,p0006_00000001_f0048_5,f0048,48,70,310.0,374.0,short_branch_artifact,0.6045
318,True,artifact,p0006_00000001_f0050_5,f0050,50,69,302.0,377.0,short_branch_artifact,0.5683
318,True,artifact,p0006_00000001_f0051_5,f0051,51,57,304.0,388.0,short_branch_artifact,0.5572
319,True,artifact,p0006_00000001_f0045_5,f0045,45,77,325.0,552.0,short_branch_artifact,0.6152
319,True,artifact,p0006_00000001_f0046_5,f0046,46,77,324.0,554.0,short_branch_artifact,0.6326
319,True,artifact,p0006_00000001_f0047_5,f0047,47,71,326.0,561.0,short_branch_artifact,0.6223
319,True,artifact,p0006_00000001_f0048_5,f0048,48,73,322.0,558.0,short_branch_artifact,0.6334
319,True,artifact,p0006_00000001_f0049_5,f0049,49,78,321.0,561.0,short_branch_artifact,0.6128
319,True,artifact,p0006_00000001_f0052_5,f0052,52,57,318.0,562.0,short_branch_artifact,0.5924
320,True,artifact,p0006_00000001_f0045_5,f0045,45,137,441.0,493.0,short_branch_artifact,0.5686
320,True,artifact,p0006_00000001_f0046_5,f0046,46,141,434.0,502.0,short_branch_artifact,0.6046
320,True,artifact,p0006_00000001_f0048_5,f0048,48,140,438.0,496.0,short_branch_artifact,0.5743
321,False,artifact,p0006_00000001_f0045_5,f0045,45,166,474.0,549.0,short_branch_artifact,0.5996
322,True,artifact,p0006_00000001_f0045_5,f0045,45,178,493.0,456.0,short_branch_artifact,0.6154
322,True,artifact,p0006_00000001_f0046_5,f0046,46,183,496.0,448.0,short_branch_artifact,0.6092
322,True,artifact,p0006_00000001_f0047_5,f0047,47,153,493.0,439.0,short_branch_artifact,0.6034
322,True,artifact,p0006_00000001_f0049_5,f0049,49,169,481.0,428.0,short_branch_artifact,0.6045
322,True,artifact,p0006_00000001_f0051_5,f0051,51,141,476.0,436.0,short_branch_artifact,0.5997
323,True,artifact,p0006_00000001_f0045_5,f0045,45,189,511.0,572.0,short_branch_artifact,0.5916
323,True,artifact,p0006_00000001_f0049_5,f0049,49,184,520.0,571.0,short_branch_artifact,0.5758
323,True,artifact,p0006_00000001_f0050_5,f0050,50,194,513.0,573.0,short_branch_artifact,0.5776
323,True,artifact,p0006_00000001_f0054_5,f0054,54,142,497.0,574.0,short_branch_artifact,0.5927
324,True,artifact,p0006_00000001_f0045_5,f0045,45,191,521.0,573.0,short_branch_artifact,0.5575
324,True,artifact,p0006_00000001_f0046_5,f0046,46,196,527.0,570.0,short_branch_artifact,0.5586
324,True,artifact,p0006_00000001_f0047_5,f0047,47,164,529.0,578.0,short_branch_artifact,0.6027
324,True,artifact,p0006_00000001_f0048_5,f0048,48,188,531.0,579.0,short_branch_artifact,0.6101
324,True,artifact,p0006_00000001_f0051_5,f0051,51,162,536.0,582.0,short_branch_artifact,0.6307
324,True,artifact,p0006_00000001_f0054_5,f0054,54,165,539.0,591.0,short_branch_artifact,0.6047
325,False,artifact,p0006_00000001_f0045_5,f0045,45,196,531.0,591.0,short_branch_artifact,0.607
326,False,artifact,p0006_00000001_f0045_5,f0045,45,203,571.0,483.0,short_branch_artifact,0.6227
326,False,artifact,p0006_00000001_f0046_5,f0046,46,210,570.0,476.0,short_branch_artifact,0.6157
327,False,artifact,p0006_00000001_f0045_5,f0045,45,204,571.0,487.0,short_branch_artifact,0.614
327,False,artifact,p0006_00000001_f0046_5,f0046,46,208,570.0,480.0,short_branch_artifact,0.6339
328,False,artifact,p0006_00000001_f0045_5,f0045,45,229,636.0,511.0,short_branch_artifact,0.6341
329,True,artifact,p0006_00000001_f0045_5,f0045,45,235,648.0,504.0,short_branch_artifact,0.6291
329,True,artifact,p0006_00000001_f0046_5,f0046,46,242,641.0,502.0,short_branch_artifact,0.6099
329,True,artifact,p0006_00000001_f0050_5,f0050,50,242,633.0,504.0,short_branch_artifact,0.637
329,True,artifact,p0006_00000001_f0052_5,f0052,52,218,621.0,514.0,short_branch_artifact,0.6268
330,False,bifurcation,p0006_00000001_f0045_5,f0045,45,9,238.0,414.0,bifurcation,0.8582
331,False,bifurcation,p0006_00000001_f0045_5,f0045,45,43,280.0,494.0,bifurcation,0.8995
332,True,bifurcation,p0006_00000001_f0045_5,f0045,45,116,396.0,337.0,bifurcation,0.9562
332,True,bifurcation,p0006_00000001_f0046_5,f0046,46,116,394.0,326.0,bifurcation,1.0
332,True,bifurcation,p0006_00000001_f0047_5,f0047,47,102,396.0,323.0,bifurcation,0.9887
333,False,crossing_or_overlap,p0006_00000001_f0045_5,f0045,45,1,217.0,237.0,crossing_or_overlap,0.6704
334,False,uncertain,p0006_00000001_f0045_5,f0045,45,33,269.0,394.0,uncertain_complex_junction,0.6553
335,False,artifact,p0006_00000001_f0046_5,f0046,46,0,205.0,229.0,short_branch_artifact,0.581
336,True,artifact,p0006_00000001_f0046_5,f0046,46,10,222.0,411.0,short_branch_artifact,0.5603
336,True,artifact,p0006_00000001_f0047_5,f0047,47,5,217.0,410.0,short_branch_artifact,0.6141
336,True,artifact,p0006_00000001_f0048_5,f0048,48,4,209.0,409.0,short_branch_artifact,0.6023
336,True,artifact,p0006_00000001_f0050_5,f0050,50,7,206.0,403.0,short_branch_artifact,0.5938
336,True,artifact,p0006_00000001_f0051_5,f0051,51,7,215.0,406.0,short_branch_artifact,0.6342
337,True,artifact,p0006_00000001_f0046_5,f0046,46,46,272.0,491.0,short_branch_artifact,0.5778
337,True,artifact,p0006_00000001_f0047_5,f0047,47,48,275.0,500.0,short_branch_artifact,0.559
337,True,artifact,p0006_00000001_f0048_5,f0048,48,53,276.0,502.0,short_branch_artifact,0.5456
338,False,artifact,p0006_00000001_f0046_5,f0046,46,54,286.0,338.0,short_branch_artifact,0.4941
339,False,artifact,p0006_00000001_f0046_5,f0046,46,83,339.0,328.0,short_branch_artifact,0.6025
340,False,artifact,p0006_00000001_f0046_5,f0046,46,142,434.0,627.0,short_branch_artifact,0.635
341,False,artifact,p0006_00000001_f0046_5,f0046,46,187,500.0,686.0,short_branch_artifact,0.5935
341,False,artifact,p0006_00000001_f0049_5,f0049,49,177,502.0,693.0,short_branch_artifact,0.5788
342,True,artifact,p0006_00000001_f0046_5,f0046,46,248,651.0,495.0,short_branch_artifact,0.6362
342,True,artifact,p0006_00000001_f0047_5,f0047,47,211,651.0,487.0,short_branch_artifact,0.6419
342,True,artifact,p0006_00000001_f0048_5,f0048,48,223,642.0,491.0,short_branch_artifact,0.6285
342,True,artifact,p0006_00000001_f0049_5,f0049,49,222,633.0,494.0,short_branch_artifact,0.6263
342,True,artifact,p0006_00000001_f0050_5,f0050,50,237,626.0,501.0,short_branch_artifact,0.625
342,True,artifact,p0006_00000001_f0051_5,f0051,51,203,630.0,499.0,short_branch_artifact,0.6286
342,True,artifact,p0006_00000001_f0052_5,f0052,52,223,626.0,515.0,short_branch_artifact,0.6369
342,True,artifact,p0006_00000001_f0053_5,f0053,53,208,625.0,520.0,short_branch_artifact,0.6229
343,False,artifact,p0006_00000001_f0046_5,f0046,46,259,672.0,519.0,short_branch_artifact,0.641
343,False,artifact,p0006_00000001_f0049_5,f0049,49,237,664.0,513.0,short_branch_artifact,0.6282
344,False,bifurcation,p0006_00000001_f0046_5,f0046,46,19,230.0,355.0,bifurcation,0.9318
345,True,bifurcation,p0006_00000001_f0046_5,f0046,46,28,250.0,376.0,bifurcation,1.0
345,True,bifurcation,p0006_00000001_f0048_5,f0048,48,21,235.0,371.0,bifurcation,0.757
345,True,bifurcation,p0006_00000001_f0049_5,f0049,49,15,230.0,377.0,bifurcation,0.8801
346,False,bifurcation,p0006_00000001_f0046_5,f0046,46,139,427.0,529.0,bifurcation,1.0
346,False,bifurcation,p0006_00000001_f0049_5,f0049,49,152,441.0,527.0,bifurcation,1.0
347,False,bifurcation,p0006_00000001_f0046_5,f0046,46,193,519.0,571.0,bifurcation,0.9826
347,False,bifurcation,p0006_00000001_f0049_5,f0049,49,181,508.0,570.0,bifurcation,0.9796
348,False,crossing_or_overlap,p0006_00000001_f0046_5,f0046,46,31,256.0,391.0,crossing_or_overlap,0.7282
349,True,crossing_or_overlap,p0006_00000001_f0046_5,f0046,46,60,304.0,358.0,crossing_or_overlap,0.7675
349,True,crossing_or_overlap,p0006_00000001_f0047_5,f0047,47,54,295.0,362.0,crossing_or_overlap,0.6977
349,True,crossing_or_overlap,p0006_00000001_f0048_5,f0048,48,55,292.0,357.0,crossing_or_overlap,0.6557
349,True,crossing_or_overlap,p0006_00000001_f0051_5,f0051,51,49,293.0,350.0,crossing_or_overlap,0.7672
350,False,uncertain,p0006_00000001_f0046_5,f0046,46,44,279.0,301.0,uncertain_complex_junction,0.6973
351,False,uncertain,p0006_00000001_f0046_5,f0046,46,92,353.0,388.0,uncertain_high_order_branch,0.7399
352,False,uncertain,p0006_00000001_f0046_5,f0046,46,232,624.0,620.0,uncertain_complex_junction,0.7069
353,True,artifact,p0006_00000001_f0047_5,f0047,47,13,222.0,357.0,short_branch_artifact,0.6018
353,True,artifact,p0006_00000001_f0048_5,f0048,48,9,216.0,359.0,short_branch_artifact,0.5904
353,True,artifact,p0006_00000001_f0049_5,f0049,49,6,212.0,366.0,short_branch_artifact,0.5696
353,True,artifact,p0006_00000001_f0050_5,f0050,50,10,212.0,370.0,short_branch_artifact,0.5514
354,True,artifact,p0006_00000001_f0047_5,f0047,47,30,245.0,394.0,short_branch_artifact,0.5327
354,True,artifact,p0006_00000001_f0048_5,f0048,48,26,237.0,390.0,short_branch_artifact,0.6105
354,True,artifact,p0006_00000001_f0052_5,f0052,52,14,237.0,385.0,short_branch_artifact,0.5919
355,True,artifact,p0006_00000001_f0047_5,f0047,47,34,252.0,392.0,short_branch_artifact,0.5466
355,True,artifact,p0006_00000001_f0049_5,f0049,49,28,249.0,380.0,short_branch_artifact,0.5667
355,True,artifact,p0006_00000001_f0050_5,f0050,50,30,251.0,371.0,short_branch_artifact,0.6251
356,False,artifact,p0006_00000001_f0047_5,f0047,47,169,544.0,577.0,short_branch_artifact,0.6
357,False,artifact,p0006_00000001_f0047_5,f0047,47,176,571.0,578.0,short_branch_artifact,0.6289
358,False,artifact,p0006_00000001_f0047_5,f0047,47,178,576.0,576.0,short_branch_artifact,0.614
359,True,artifact,p0006_00000001_f0047_5,f0047,47,199,627.0,613.0,short_branch_artifact,0.542
359,True,artifact,p0006_00000001_f0048_5,f0048,48,217,628.0,611.0,short_branch_artifact,0.5184
359,True,artifact,p0006_00000001_f0049_5,f0049,49,220,626.0,618.0,short_branch_artifact,0.5293
359,True,artifact,p0006_00000001_f0050_5,f0050,50,235,624.0,621.0,short_branch_artifact,0.5126
360,False,bifurcation,p0006_00000001_f0047_5,f0047,47,75,333.0,327.0,bifurcation,1.0
360,False,bifurcation,p0006_00000001_f0048_5,f0048,48,82,334.0,320.0,bifurcation,1.0
361,False,crossing_or_overlap,p0006_00000001_f0047_5,f0047,47,39,269.0,298.0,crossing_or_overlap,0.7335
362,True,crossing_or_overlap,p0006_00000001_f0047_5,f0047,47,175,569.0,471.0,crossing_or_overlap,0.8029
362,True,crossing_or_overlap,p0006_00000001_f0048_5,f0048,48,192,564.0,467.0,crossing_or_overlap,0.8574
362,True,crossing_or_overlap,p0006_00000001_f0049_5,f0049,49,189,554.0,464.0,crossing_or_overlap,0.8728
362,True,crossing_or_overlap,p0006_00000001_f0050_5,f0050,50,200,547.0,474.0,crossing_or_overlap,0.8071
362,True,crossing_or_overlap,p0006_00000001_f0051_5,f0051,51,167,549.0,474.0,crossing_or_overlap,0.9055
363,False,crossing_or_overlap,p0006_00000001_f0047_5,f0047,47,205,646.0,495.0,crossing_or_overlap,0.7844
364,True,artifact,p0006_00000001_f0048_5,f0048,48,15,225.0,434.0,short_branch_artifact,0.5835
364,True,artifact,p0006_00000001_f0052_5,f0052,52,9,231.0,421.0,short_branch_artifact,0.6248
364,True,artifact,p0006_00000001_f0053_5,f0053,53,15,242.0,433.0,short_branch_artifact,0.6367
365,False,artifact,p0006_00000001_f0048_5,f0048,48,23,237.0,434.0,short_branch_artifact,0.5998
366,True,artifact,p0006_00000001_f0048_5,f0048,48,24,237.0,439.0,short_branch_artifact,0.6154
366,True,artifact,p0006_00000001_f0050_5,f0050,50,19,227.0,449.0,short_branch_artifact,0.4501
366,True,artifact,p0006_00000001_f0051_5,f0051,51,14,229.0,452.0,short_branch_artifact,0.5148
367,False,artifact,p0006_00000001_f0048_5,f0048,48,29,240.0,464.0,short_branch_artifact,0.6195
367,False,artifact,p0006_00000001_f0050_5,f0050,50,31,245.0,468.0,short_branch_artifact,0.5452
368,False,artifact,p0006_00000001_f0048_5,f0048,48,31,241.0,458.0,short_branch_artifact,0.5651
369,False,artifact,p0006_00000001_f0048_5,f0048,48,45,272.0,282.0,short_branch_artifact,0.6037
369,False,artifact,p0006_00000001_f0052_5,f0052,52,31,269.0,282.0,short_branch_artifact,0.6146
370,False,artifact,p0006_00000001_f0048_5,f0048,48,94,355.0,386.0,short_branch_artifact,0.5757
370,False,artifact,p0006_00000001_f0051_5,f0051,51,78,348.0,378.0,short_branch_artifact,0.5583
371,False,artifact,p0006_00000001_f0048_5,f0048,48,111,389.0,320.0,short_branch_artifact,0.6342
372,False,artifact,p0006_00000001_f0048_5,f0048,48,147,449.0,327.0,short_branch_artifact,0.6369
373,False,artifact,p0006_00000001_f0048_5,f0048,48,152,456.0,645.0,short_branch_artifact,0.6492
374,False,artifact,p0006_00000001_f0048_5,f0048,48,230,651.0,483.0,short_branch_artifact,0.6379
375,True,bifurcation,p0006_00000001_f0048_5,f0048,48,34,251.0,385.0,bifurcation,0.947
375,True,bifurcation,p0006_00000001_f0049_5,f0049,49,41,262.0,376.0,bifurcation,0.8829
375,True,bifurcation,p0006_00000001_f0050_5,f0050,50,44,262.0,380.0,bifurcation,0.9192
376,True,bifurcation,p0006_00000001_f0048_5,f0048,48,72,318.0,504.0,bifurcation,0.9141
376,True,bifurcation,p0006_00000001_f0050_5,f0050,50,86,329.0,493.0,bifurcation,0.9796
376,True,bifurcation,p0006_00000001_f0052_5,f0052,52,70,344.0,502.0,bifurcation,0.9342
376,True,bifurcation,p0006_00000001_f0053_5,f0053,53,71,348.0,512.0,bifurcation,0.9787
376,True,bifurcation,p0006_00000001_f0054_5,f0054,54,48,357.0,519.0,bifurcation,0.9968
377,False,bifurcation,p0006_00000001_f0048_5,f0048,48,145,444.0,541.0,bifurcation,1.0
378,False,bifurcation,p0006_00000001_f0048_5,f0048,48,172,482.0,433.0,bifurcation,1.0
379,False,bifurcation,p0006_00000001_f0048_5,f0048,48,197,581.0,579.0,bifurcation,0.9618
380,False,crossing_or_overlap,p0006_00000001_f0048_5,f0048,48,71,317.0,396.0,crossing_or_overlap,0.8145
380,False,crossing_or_overlap,p0006_00000001_f0052_5,f0052,52,54,311.0,401.0,crossing_or_overlap,0.7079
381,True,artifact,p0006_00000001_f0049_5,f0049,49,11,222.0,365.0,short_branch_artifact,0.4785
381,True,artifact,p0006_00000001_f0050_5,f0050,50,15,222.0,370.0,short_branch_artifact,0.4639
381,True,artifact,p0006_00000001_f0051_5,f0051,51,12,223.0,371.0,short_branch_artifact,0.5627
382,False,artifact,p0006_00000001_f0049_5,f0049,49,27,261.0,363.0,short_branch_artifact,0.5844
383,True,artifact,p0006_00000001_f0049_5,f0049,49,39,264.0,245.0,short_branch_artifact,0.6179
383,True,artifact,p0006_00000001_f0050_5,f0050,50,46,265.0,248.0,short_branch_artifact,0.6224
383,True,artifact,p0006_00000001_f0051_5,f0051,51,33,265.0,258.0,short_branch_artifact,0.62
384,False,artifact,p0006_00000001_f0049_5,f0049,49,72,305.0,549.0,short_branch_artifact,0.6288
384,False,artifact,p0006_00000001_f0050_5,f0050,50,68,299.0,545.0,short_branch_artifact,0.6248
385,False,artifact,p0006_00000001_f0049_5,f0049,49,96,349.0,363.0,short_branch_artifact,0.5389
385,False,artifact,p0006_00000001_f0050_5,f0050,50,99,346.0,367.0,short_branch_artifact,0.5423
386,True,artifact,p0006_00000001_f0049_5,f0049,49,99,356.0,593.0,short_branch_artifact,0.5779
386,True,artifact,p0006_00000001_f0050_5,f0050,50,103,358.0,592.0,short_branch_artifact,0.6219
386,True,artifact,p0006_00000001_f0051_5,f0051,51,79,347.0,587.0,short_branch_artifact,0.5915
386,True,artifact,p0006_00000001_f0053_5,f0053,53,75,354.0,589.0,short_branch_artifact,0.5685
386,True,artifact,p0006_00000001_f0054_5,f0054,54,49,355.0,586.0,short_branch_artifact,0.6275
386,True,artifact,p0006_00000001_f0056_5,f0056,56,62,354.0,591.0,short_branch_artifact,0.6126
387,False,artifact,p0006_00000001_f0049_5,f0049,49,127,400.0,464.0,short_branch_artifact,0.5492
388,False,artifact,p0006_00000001_f0049_5,f0049,49,135,414.0,620.0,short_branch_artifact,0.6386
388,False,artifact,p0006_00000001_f0050_5,f0050,50,138,411.0,616.0,short_branch_artifact,0.6358
389,True,artifact,p0006_00000001_f0049_5,f0049,49,228,639.0,565.0,short_branch_artifact,0.6136
389,True,artifact,p0006_00000001_f0050_5,f0050,50,238,627.0,564.0,short_branch_artifact,0.5942
389,True,artifact,p0006_00000001_f0052_5,f0052,52,217,619.0,577.0,short_branch_artifact,0.6228
389,True,artifact,p0006_00000001_f0056_5,f0056,56,196,603.0,584.0,short_branch_artifact,0.6103
390,False,bifurcation,p0006_00000001_f0049_5,f0049,49,3,201.0,403.0,bifurcation,0.9367
391,False,bifurcation,p0006_00000001_f0049_5,f0049,49,8,213.0,442.0,bifurcation,0.8327
392,False,bifurcation,p0006_00000001_f0049_5,f0049,49,69,307.0,374.0,bifurcation,0.762
393,False,bifurcation,p0006_00000001_f0049_5,f0049,49,108,367.0,288.0,bifurcation,1.0
393,False,bifurcation,p0006_00000001_f0051_5,f0051,51,100,379.0,296.0,bifurcation,1.0
394,False,bifurcation,p0006_00000001_f0049_5,f0049,49,116,382.0,596.0,bifurcation,1.0
395,False,crossing_or_overlap,p0006_00000001_f0049_5,f0049,49,61,294.0,336.0,crossing_or_overlap,0.856
395,False,crossing_or_overlap,p0006_00000001_f0050_5,f0050,50,54,288.0,344.0,crossing_or_overlap,0.6537
396,False,crossing_or_overlap,p0006_00000001_f0049_5,f0049,49,121,388.0,490.0,crossing_or_overlap,0.7364
397,True,artifact,p0006_00000001_f0050_5,f0050,50,38,252.0,473.0,short_branch_artifact,0.5224
397,True,artifact,p0006_00000001_f0051_5,f0051,51,23,253.0,474.0,short_branch_artifact,0.5159
397,True,artifact,p0006_00000001_f0053_5,f0053,53,29,265.0,482.0,short_branch_artifact,0.5793
398,False,artifact,p0006_00000001_f0050_5,f0050,50,72,307.0,484.0,short_branch_artifact,0.5553
399,True,artifact,p0006_00000001_f0050_5,f0050,50,81,322.0,369.0,short_branch_artifact,0.5731
399,True,artifact,p0006_00000001_f0051_5,f0051,51,68,325.0,377.0,short_branch_artifact,0.557
399,True,artifact,p0006_00000001_f0055_5,f0055,55,42,311.0,370.0,short_branch_artifact,0.6108
399,True,artifact,p0006_00000001_f0056_5,f0056,56,46,311.0,369.0,short_branch_artifact,0.608
400,False,artifact,p0006_00000001_f0050_5,f0050,50,116,378.0,285.0,short_branch_artifact,0.6312
401,False,artifact,p0006_00000001_f0050_5,f0050,50,118,381.0,453.0,short_branch_artifact,0.6027
402,False,artifact,p0006_00000001_f0050_5,f0050,50,123,393.0,388.0,short_branch_artifact,0.5856
402,False,artifact,p0006_00000001_f0051_5,f0051,51,104,394.0,398.0,short_branch_artifact,0.5804
403,False,artifact,p0006_00000001_f0050_5,f0050,50,154,439.0,426.0,short_branch_artifact,0.5555
404,False,artifact,p0006_00000001_f0050_5,f0050,50,168,461.0,432.0,short_branch_artifact,0.5997
405,False,artifact,p0006_00000001_f0050_5,f0050,50,179,475.0,549.0,short_branch_artifact,0.6186
406,True,artifact,p0006_00000001_f0050_5,f0050,50,187,495.0,569.0,short_branch_artifact,0.6124
406,True,artifact,p0006_00000001_f0052_5,f0052,52,162,488.0,562.0,short_branch_artifact,0.6212
406,True,artifact,p0006_00000001_f0053_5,f0053,53,156,485.0,560.0,short_branch_artifact,0.6
407,False,artifact,p0006_00000001_f0050_5,f0050,50,243,633.0,563.0,short_branch_artifact,0.6047
408,False,bifurcation,p0006_00000001_f0050_5,f0050,50,114,376.0,393.0,bifurcation,0.9628
408,False,bifurcation,p0006_00000001_f0052_5,f0052,52,86,370.0,389.0,bifurcation,0.9435
409,False,bifurcation,p0006_00000001_f0050_5,f0050,50,147,423.0,525.0,bifurcation,0.9523
410,False,artifact,p0006_00000001_f0051_5,f0051,51,94,376.0,396.0,short_branch_artifact,0.5968
410,False,artifact,p0006_00000001_f0053_5,f0053,53,88,374.0,410.0,short_branch_artifact,0.6126
411,False,artifact,p0006_00000001_f0051_5,f0051,51,190,602.0,496.0,short_branch_artifact,0.6062
412,False,bifurcation,p0006_00000001_f0051_5,f0051,51,16,230.0,461.0,bifurcation,0.8909
412,False,bifurcation,p0006_00000001_f0052_5,f0052,52,18,245.0,467.0,bifurcation,0.9079
413,False,bifurcation,p0006_00000001_f0051_5,f0051,51,59,308.0,555.0,bifurcation,1.0
414,False,bifurcation,p0006_00000001_f0051_5,f0051,51,153,500.0,696.0,bifurcation,0.9177
415,False,bifurcation,p0006_00000001_f0051_5,f0051,51,156,507.0,378.0,bifurcation,1.0
416,False,crossing_or_overlap,p0006_00000001_f0051_5,f0051,51,89,361.0,596.0,crossing_or_overlap,0.8279
417,False,crossing_or_overlap,p0006_00000001_f0051_5,f0051,51,160,517.0,701.0,crossing_or_overlap,0.9301
418,True,crossing_or_overlap,p0006_00000001_f0051_5,f0051,51,197,620.0,624.0,crossing_or_overlap,0.7616
418,True,crossing_or_overlap,p0006_00000001_f0052_5,f0052,52,213,610.0,633.0,crossing_or_overlap,0.6785
418,True,crossing_or_overlap,p0006_00000001_f0053_5,f0053,53,201,605.0,637.0,crossing_or_overlap,0.6814
419,False,crossing_or_overlap,p0006_00000001_f0051_5,f0051,51,204,632.0,573.0,crossing_or_overlap,0.8135
420,False,uncertain,p0006_00000001_f0051_5,f0051,51,54,298.0,373.0,uncertain_high_order_branch,0.6722
421,False,artifact,p0006_00000001_f0052_5,f0052,52,3,218.0,234.0,short_branch_artifact,0.6071
422,True,artifact,p0006_00000001_f0052_5,f0052,52,15,237.0,401.0,short_branch_artifact,0.6283
422,True,artifact,p0006_00000001_f0053_5,f0053,53,21,247.0,407.0,short_branch_artifact,0.5848
422,True,artifact,p0006_00000001_f0056_5,f0056,56,12,258.0,403.0,short_branch_artifact,0.598
423,False,artifact,p0006_00000001_f0052_5,f0052,52,44,288.0,296.0,short_branch_artifact,0.6247
424,False,artifact,p0006_00000001_f0052_5,f0052,52,71,346.0,400.0,short_branch_artifact,0.5833
425,True,artifact,p0006_00000001_f0052_5,f0052,52,85,367.0,512.0,short_branch_artifact,0.5674
425,True,artifact,p0006_00000001_f0053_5,f0053,53,83,369.0,521.0,short_branch_artifact,0.5897
425,True,artifact,p0006_00000001_f0054_5,f0054,54,57,376.0,526.0,short_branch_artifact,0.5899
425,True,artifact,p0006_00000001_f0055_5,f0055,55,75,379.0,525.0,short_branch_artifact,0.6176
425,True,artifact,p0006_00000001_f0056_5,f0056,56,69,365.0,522.0,short_branch_artifact,0.5685
426,False,artifact,p0006_00000001_f0052_5,f0052,52,104,396.0,509.0,short_branch_artifact,0.6342
427,False,artifact,p0006_00000001_f0052_5,f0052,52,117,408.0,331.0,short_branch_artifact,0.6215
428,False,artifact,p0006_00000001_f0052_5,f0052,52,115,408.0,496.0,short_branch_artifact,0.5654
429,False,artifact,p0006_00000001_f0052_5,f0052,52,124,418.0,512.0,short_branch_artifact,0.6372
429,False,artifact,p0006_00000001_f0053_5,f0053,53,113,413.0,518.0,short_branch_artifact,0.6207
430,True,artifact,p0006_00000001_f0052_5,f0052,52,145,444.0,540.0,short_branch_artifact,0.5793
430,True,artifact,p0006_00000001_f0054_5,f0054,54,105,442.0,547.0,short_branch_artifact,0.6111
430,True,artifact,p0006_00000001_f0055_5,f0055,55,113,449.0,546.0,short_branch_artifact,0.6096
430,True,artifact,p0006_00000001_f0056_5,f0056,56,117,448.0,543.0,short_branch_artifact,0.5916
431,False,artifact,p0006_00000001_f0052_5,f0052,52,164,491.0,460.0,short_branch_artifact,0.5895
431,False,artifact,p0006_00000001_f0053_5,f0053,53,163,506.0,462.0,short_branch_artifact,0.6007
432,True,artifact,p0006_00000001_f0052_5,f0052,52,176,520.0,591.0,short_branch_artifact,0.5814
432,True,artifact,p0006_00000001_f0054_5,f0054,54,149,520.0,594.0,short_branch_artifact,0.5817
432,True,artifact,p0006_00000001_f0056_5,f0056,56,145,508.0,592.0,short_branch_artifact,0.597
433,False,artifact,p0006_00000001_f0052_5,f0052,52,184,552.0,489.0,short_branch_artifact,0.6469
434,False,artifact,p0006_00000001_f0052_5,f0052,52,183,553.0,486.0,short_branch_artifact,0.6373
435,False,artifact,p0006_00000001_f0052_5,f0052,52,188,557.0,501.0,short_branch_artifact,0.6189
436,False,artifact,p0006_00000001_f0052_5,f0052,52,198,570.0,499.0,short_branch_artifact,0.6175
436,False,artifact,p0006_00000001_f0053_5,f0053,53,189,572.0,510.0,short_branch_artifact,0.6274
437,False,artifact,p0006_00000001_f0052_5,f0052,52,214,609.0,516.0,short_branch_artifact,0.6076
438,True,artifact,p0006_00000001_f0052_5,f0052,52,216,616.0,583.0,short_branch_artifact,0.5977
438,True,artifact,p0006_00000001_f0055_5,f0055,55,180,602.0,594.0,short_branch_artifact,0.6377
438,True,artifact,p0006_00000001_f0056_5,f0056,56,190,595.0,584.0,short_branch_artifact,0.5989
439,True,artifact,p0006_00000001_f0052_5,f0052,52,219,623.0,525.0,short_branch_artifact,0.6336
439,True,artifact,p0006_00000001_f0054_5,f0054,54,203,627.0,535.0,short_branch_artifact,0.6349
439,True,artifact,p0006_00000001_f0055_5,f0055,55,186,617.0,549.0,short_branch_artifact,0.5823
440,False,artifact,p0006_00000001_f0052_5,f0052,52,222,625.0,584.0,short_branch_artifact,0.6319
441,False,artifact,p0006_00000001_f0052_5,f0052,52,229,642.0,583.0,short_branch_artifact,0.6143
441,False,artifact,p0006_00000001_f0054_5,f0054,54,208,635.0,590.0,short_branch_artifact,0.6436
442,False,bifurcation,p0006_00000001_f0052_5,f0052,52,27,262.0,480.0,bifurcation,0.9306
443,False,bifurcation,p0006_00000001_f0052_5,f0052,52,97,392.0,326.0,bifurcation,0.9574
444,False,bifurcation,p0006_00000001_f0052_5,f0052,52,179,531.0,588.0,bifurcation,0.9408
445,False,artifact,p0006_00000001_f0053_5,f0053,53,4,231.0,252.0,short_branch_artifact,0.6127
446,False,artifact,p0006_00000001_f0053_5,f0053,53,28,264.0,490.0,short_branch_artifact,0.5441
446,False,artifact,p0006_00000001_f0056_5,f0056,56,18,269.0,490.0,short_branch_artifact,0.5931
447,True,artifact,p0006_00000001_f0053_5,f0053,53,31,266.0,413.0,short_branch_artifact,0.6226
447,True,artifact,p0006_00000001_f0054_5,f0054,54,8,260.0,402.0,short_branch_artifact,0.6012
447,True,artifact,p0006_00000001_f0055_5,f0055,55,16,264.0,417.0,short_branch_artifact,0.5871
448,True,artifact,p0006_00000001_f0053_5,f0053,53,32,269.0,418.0,short_branch_artifact,0.596
448,True,artifact,p0006_00000001_f0054_5,f0054,54,9,259.0,430.0,short_branch_artifact,0.5969
448,True,artifact,p0006_00000001_f0055_5,f0055,55,17,263.0,439.0,short_branch_artifact,0.5894
448,True,artifact,p0006_00000001_f0056_5,f0056,56,13,257.0,428.0,short_branch_artifact,0.6047
449,True,artifact,p0006_00000001_f0053_5,f0053,53,34,274.0,416.0,short_branch_artifact,0.5495
449,True,artifact,p0006_00000001_f0054_5,f0054,54,18,281.0,416.0,short_branch_artifact,0.6232
449,True,artifact,p0006_00000001_f0055_5,f0055,55,29,287.0,428.0,short_branch_artifact,0.6357
449,True,artifact,p0006_00000001_f0056_5,f0056,56,24,282.0,424.0,short_branch_artifact,0.6162
450,False,artifact,p0006_00000001_f0053_5,f0053,53,45,290.0,321.0,short_branch_artifact,0.5768
451,False,artifact,p0006_00000001_f0053_5,f0053,53,47,295.0,516.0,short_branch_artifact,0.6073
451,False,artifact,p0006_00000001_f0054_5,f0054,54,28,308.0,523.0,short_branch_artifact,0.5328
452,False,artifact,p0006_00000001_f0053_5,f0053,53,66,335.0,572.0,short_branch_artifact,0.6098
453,False,artifact,p0006_00000001_f0053_5,f0053,53,80,365.0,417.0,short_branch_artifact,0.6226
453,False,artifact,p0006_00000001_f0054_5,f0054,54,51,364.0,431.0,short_branch_artifact,0.5979
454,False,artifact,p0006_00000001_f0053_5,f0053,53,126,432.0,500.0,short_branch_artifact,0.6206
455,False,artifact,p0006_00000001_f0053_5,f0053,53,130,436.0,513.0,short_branch_artifact,0.5987
455,False,artifact,p0006_00000001_f0054_5,f0054,54,109,447.0,515.0,short_branch_artifact,0.6251
456,False,artifact,p0006_00000001_f0053_5,f0053,53,167,523.0,449.0,short_branch_artifact,0.6415
457,False,artifact,p0006_00000001_f0053_5,f0053,53,194,582.0,508.0,short_branch_artifact,0.6242
458,False,bifurcation,p0006_00000001_f0053_5,f0053,53,1,210.0,255.0,bifurcation,0.9609
459,False,bifurcation,p0006_00000001_f0053_5,f0053,53,27,265.0,452.0,bifurcation,0.9356
459,False,bifurcation,p0006_00000001_f0056_5,f0056,56,9,252.0,450.0,bifurcation,0.8976
460,False,bifurcation,p0006_00000001_f0053_5,f0053,53,30,266.0,400.0,bifurcation,0.7728
461,False,bifurcation,p0006_00000001_f0053_5,f0053,53,103,397.0,362.0,bifurcation,0.9481
462,False,bifurcation,p0006_00000001_f0053_5,f0053,53,206,618.0,586.0,bifurcation,1.0
462,False,bifurcation,p0006_00000001_f0054_5,f0054,54,201,619.0,589.0,bifurcation,1.0
463,False,crossing_or_overlap,p0006_00000001_f0053_5,f0053,53,139,450.0,540.0,crossing_or_overlap,0.8893
464,False,crossing_or_overlap,p0006_00000001_f0053_5,f0053,53,169,525.0,594.0,crossing_or_overlap,0.7476
465,True,crossing_or_overlap,p0006_00000001_f0053_5,f0053,53,188,571.0,497.0,crossing_or_overlap,0.8187
465,True,crossing_or_overlap,p0006_00000001_f0054_5,f0054,54,180,576.0,512.0,crossing_or_overlap,0.9243
465,True,crossing_or_overlap,p0006_00000001_f0055_5,f0055,55,162,573.0,527.0,crossing_or_overlap,0.875
465,True,crossing_or_overlap,p0006_00000001_f0056_5,f0056,56,170,569.0,520.0,crossing_or_overlap,0.8315
466,True,artifact,p0006_00000001_f0054_5,f0054,54,14,278.0,505.0,short_branch_artifact,0.5241
466,True,artifact,p0006_00000001_f0055_5,f0055,55,23,276.0,501.0,short_branch_artifact,0.5722
466,True,artifact,p0006_00000001_f0056_5,f0056,56,21,272.0,496.0,short_branch_artifact,0.5639
467,False,artifact,p0006_00000001_f0054_5,f0054,54,16,281.0,497.0,short_branch_artifact,0.5317
467,False,artifact,p0006_00000001_f0055_5,f0055,55,26,281.0,507.0,short_branch_artifact,0.5479
468,True,artifact,p0006_00000001_f0054_5,f0054,54,44,345.0,431.0,short_branch_artifact,0.6104
468,True,artifact,p0006_00000001_f0055_5,f0055,55,60,350.0,437.0,short_branch_artifact,0.495
468,True,artifact,p0006_00000001_f0056_5,f0056,56,63,355.0,452.0,short_branch_artifact,0.6278
469,False,artifact,p0006_00000001_f0054_5,f0054,54,50,361.0,592.0,short_branch_artifact,0.616
469,False,artifact,p0006_00000001_f0056_5,f0056,56,70,371.0,598.0,short_branch_artifact,0.6085
470,False,artifact,p0006_00000001_f0054_5,f0054,54,79,419.0,386.0,short_branch_artifact,0.6399
470,False,artifact,p0006_00000001_f0056_5,f0056,56,103,429.0,394.0,short_branch_artifact,0.6194
471,False,artifact,p0006_00000001_f0054_5,f0054,54,106,443.0,647.0,short_branch_artifact,0.6066
471,False,artifact,p0006_00000001_f0056_5,f0056,56,106,434.0,642.0,short_branch_artifact,0.6416
472,False,artifact,p0006_00000001_f0054_5,f0054,54,110,449.0,531.0,short_branch_artifact,0.5985
473,False,artifact,p0006_00000001_f0054_5,f0054,54,113,452.0,525.0,short_branch_artifact,0.5861
474,False,artifact,p0006_00000001_f0054_5,f0054,54,116,457.0,545.0,short_branch_artifact,0.5726
475,False,artifact,p0006_00000001_f0054_5,f0054,54,123,465.0,392.0,short_branch_artifact,0.6347
476,False,artifact,p0006_00000001_f0054_5,f0054,54,148,515.0,481.0,short_branch_artifact,0.6232
477,False,artifact,p0006_00000001_f0054_5,f0054,54,152,521.0,603.0,short_branch_artifact,0.6116
478,False,artifact,p0006_00000001_f0054_5,f0054,54,160,535.0,606.0,short_branch_artifact,0.5957
479,False,artifact,p0006_00000001_f0054_5,f0054,54,184,582.0,545.0,short_branch_artifact,0.6358
479,False,artifact,p0006_00000001_f0055_5,f0055,55,163,572.0,541.0,short_branch_artifact,0.6153
480,False,artifact,p0006_00000001_f0054_5,f0054,54,218,670.0,580.0,short_branch_artifact,0.6359
481,False,bifurcation,p0006_00000001_f0054_5,f0054,54,72,400.0,450.0,bifurcation,0.9708
482,False,crossing_or_overlap,p0006_00000001_f0054_5,f0054,54,19,282.0,431.0,crossing_or_overlap,0.9052
482,False,crossing_or_overlap,p0006_00000001_f0055_5,f0055,55,28,285.0,437.0,crossing_or_overlap,0.906
483,False,crossing_or_overlap,p0006_00000001_f0054_5,f0054,54,70,404.0,627.0,crossing_or_overlap,0.7642
484,False,uncertain,p0006_00000001_f0054_5,f0054,54,192,601.0,643.0,uncertain_high_order_branch,0.6898
485,False,artifact,p0006_00000001_f0055_5,f0055,55,1,222.0,285.0,short_branch_artifact,0.6466
486,False,artifact,p0006_00000001_f0055_5,f0055,55,11,259.0,459.0,short_branch_artifact,0.5887
487,False,artifact,p0006_00000001_f0055_5,f0055,55,31,290.0,505.0,short_branch_artifact,0.5909
487,False,artifact,p0006_00000001_f0056_5,f0056,56,29,288.0,495.0,short_branch_artifact,0.5923
488,False,artifact,p0006_00000001_f0055_5,f0055,55,89,408.0,620.0,short_branch_artifact,0.5985
489,False,artifact,p0006_00000001_f0055_5,f0055,55,91,409.0,626.0,short_branch_artifact,0.6368
490,False,artifact,p0006_00000001_f0055_5,f0055,55,136,510.0,393.0,short_branch_artifact,0.648
491,False,artifact,p0006_00000001_f0055_5,f0055,55,139,521.0,498.0,short_branch_artifact,0.6279
491,False,artifact,p0006_00000001_f0056_5,f0056,56,149,515.0,496.0,short_branch_artifact,0.6373
492,False,artifact,p0006_00000001_f0055_5,f0055,55,159,566.0,529.0,short_branch_artifact,0.6327
492,False,artifact,p0006_00000001_f0056_5,f0056,56,167,567.0,535.0,short_branch_artifact,0.6416
493,False,artifact,p0006_00000001_f0055_5,f0055,55,168,578.0,539.0,short_branch_artifact,0.6378
493,False,artifact,p0006_00000001_f0056_5,f0056,56,173,573.0,531.0,short_branch_artifact,0.6311
494,False,artifact,p0006_00000001_f0055_5,f0055,55,170,585.0,538.0,short_branch_artifact,0.6369
494,False,artifact,p0006_00000001_f0056_5,f0056,56,178,580.0,533.0,short_branch_artifact,0.6328
495,False,artifact,p0006_00000001_f0055_5,f0055,55,175,588.0,652.0,short_branch_artifact,0.626
495,False,artifact,p0006_00000001_f0056_5,f0056,56,186,588.0,646.0,short_branch_artifact,0.589
496,False,artifact,p0006_00000001_f0055_5,f0055,55,184,607.0,600.0,short_branch_artifact,0.6182
496,False,artifact,p0006_00000001_f0056_5,f0056,56,194,602.0,592.0,short_branch_artifact,0.5953
497,False,bifurcation,p0006_00000001_f0055_5,f0055,55,41,311.0,523.0,bifurcation,0.9448
497,False,bifurcation,p0006_00000001_f0056_5,f0056,56,36,297.0,514.0,bifurcation,0.9722
498,False,bifurcation,p0006_00000001_f0055_5,f0055,55,62,350.0,582.0,bifurcation,0.9537
498,False,bifurcation,p0006_00000001_f0056_5,f0056,56,56,340.0,577.0,bifurcation,1.0
499,False,bifurcation,p0006_00000001_f0055_5,f0055,55,112,449.0,537.0,bifurcation,1.0
500,False,bifurcation,p0006_00000001_f0055_5,f0055,55,165,574.0,574.0,bifurcation,0.9687
501,False,bifurcation,p0006_00000001_f0055_5,f0055,55,177,593.0,579.0,bifurcation,1.0
502,False,crossing_or_overlap,p0006_00000001_f0055_5,f0055,55,133,501.0,585.0,crossing_or_overlap,0.887
503,False,uncertain,p0006_00000001_f0055_5,f0055,55,64,353.0,451.0,uncertain_high_order_branch,0.6985
504,False,artifact,p0006_00000001_f0056_5,f0056,56,27,283.0,431.0,short_branch_artifact,0.629
505,False,artifact,p0006_00000001_f0056_5,f0056,56,44,311.0,393.0,short_branch_artifact,0.4688
506,False,artifact,p0006_00000001_f0056_5,f0056,56,58,346.0,514.0,short_branch_artifact,0.5631
507,False,artifact,p0006_00000001_f0056_5,f0056,56,67,359.0,452.0,short_branch_artifact,0.6023
508,False,artifact,p0006_00000001_f0056_5,f0056,56,66,361.0,470.0,short_branch_artifact,0.5651
509,False,artifact,p0006_00000001_f0056_5,f0056,56,105,433.0,391.0,short_branch_artifact,0.632
510,False,artifact,p0006_00000001_f0056_5,f0056,56,121,454.0,659.0,short_branch_artifact,0.6375
511,False,artifact,p0006_00000001_f0056_5,f0056,56,125,459.0,663.0,short_branch_artifact,0.6227
512,False,artifact,p0006_00000001_f0056_5,f0056,56,172,572.0,579.0,short_branch_artifact,0.6359
513,False,artifact,p0006_00000001_f0056_5,f0056,56,176,577.0,580.0,short_branch_artifact,0.6297
514,False,artifact,p0006_00000001_f0056_5,f0056,56,184,586.0,529.0,short_branch_artifact,0.6037
515,False,artifact,p0006_00000001_f0056_5,f0056,56,188,589.0,581.0,short_branch_artifact,0.6093
516,False,bifurcation,p0006_00000001_f0056_5,f0056,56,88,403.0,567.0,bifurcation,0.9694
517,False,bifurcation,p0006_00000001_f0056_5,f0056,56,141,485.0,573.0,bifurcation,0.9616
518,False,bifurcation,p0006_00000001_f0056_5,f0056,56,165,560.0,524.0,bifurcation,1.0
519,False,crossing_or_overlap,p0006_00000001_f0056_5,f0056,56,74,377.0,607.0,crossing_or_overlap,0.6223
520,False,crossing_or_overlap,p0006_00000001_f0056_5,f0056,56,175,576.0,571.0,crossing_or_overlap,0.7641
521,False,uncertain,p0006_00000001_f0056_5,f0056,56,22,277.0,425.0,uncertain_high_order_branch,0.6897
