name,series_id,frame_id,annotator_id,node_id,type,confidence,degree
p0001_00000001_f0013_1,00000001,f0013,1,0,bifurcation,0.9017,3
p0001_00000001_f0013_4,00000001,f0013,4,0,bifurcation,0.974,3
p0001_00000001_f0014_4,00000001,f0014,4,2,short_branch_artifact,0.6042,3
p0001_00000001_f0014_4,00000001,f0014,4,13,bifurcation,0.992,3
p0001_00000001_f0015_4,00000001,f0015,4,0,bifurcation,1.0,3
p0001_00000001_f0015_4,00000001,f0015,4,6,short_branch_artifact,0.5986,3
p0001_00000001_f0015_4,00000001,f0015,4,8,short_branch_artifact,0.5548,3
p0001_00000001_f0015_4,00000001,f0015,4,11,short_branch_artifact,0.6427,3
p0001_00000001_f0015_4,00000001,f0015,4,17,short_branch_artifact,0.5907,3
p0001_00000001_f0015_4,00000001,f0015,4,22,short_branch_artifact,0.6209,3
p0001_00000001_f0015_4,00000001,f0015,4,27,short_branch_artifact,0.6256,3
p0001_00000001_f0016_1,00000001,f0016,1,0,bifurcation,0.9342,3
p0001_00000001_f0016_1,00000001,f0016,1,9,short_branch_artifact,0.6189,3
p0001_00000001_f0016_1,00000001,f0016,1,10,bifurcation,0.9484,3
p0001_00000001_f0016_1,00000001,f0016,1,22,short_branch_artifact,0.6095,3
p0001_00000001_f0016_1,00000001,f0016,1,33,short_branch_artifact,0.6345,3
p0001_00000001_f0016_4,00000001,f0016,4,0,bifurcation,1.0,3
p0001_00000001_f0016_4,00000001,f0016,4,2,crossing_or_overlap,0.6594,4
p0001_00000001_f0016_4,00000001,f0016,4,6,uncertain_high_order_branch,0.7036,4
p0001_00000001_f0016_4,00000001,f0016,4,11,bifurcation,0.9909,3
p0001_00000001_f0016_4,00000001,f0016,4,18,short_branch_artifact,0.6322,3
p0001_00000001_f0016_4,00000001,f0016,4,19,short_branch_artifact,0.5144,3
p0001_00000001_f0016_4,00000001,f0016,4,25,short_branch_artifact,0.6293,3
p0001_00000001_f0016_4,00000001,f0016,4,28,short_branch_artifact,0.6059,3
p0001_00000001_f0017_4,00000001,f0017,4,2,bifurcation,1.0,3
p0001_00000001_f0017_4,00000001,f0017,4,5,bifurcation,0.9258,3
p0001_00000001_f0017_4,00000001,f0017,4,6,short_branch_artifact,0.4821,3
p0001_00000001_f0017_4,00000001,f0017,4,9,short_branch_artifact,0.595,3
p0001_00000001_f0017_4,00000001,f0017,4,16,short_branch_artifact,0.5954,3
p0001_00000001_f0017_4,00000001,f0017,4,18,short_branch_artifact,0.6202,3
p0001_00000001_f0017_4,00000001,f0017,4,23,short_branch_artifact,0.6109,3
p0001_00000001_f0017_4,00000001,f0017,4,25,short_branch_artifact,0.6261,3
p0001_00000001_f0017_4,00000001,f0017,4,27,short_branch_artifact,0.6133,3
p0001_00000001_f0017_4,00000001,f0017,4,28,short_branch_artifact,0.6188,3
p0001_00000001_f0017_4,00000001,f0017,4,29,short_branch_artifact,0.6325,3
p0001_00000001_f0017_4,00000001,f0017,4,35,bifurcation,0.9843,3
p0001_00000001_f0018_1,00000001,f0018,1,2,bifurcation,0.9874,3
p0001_00000001_f0018_1,00000001,f0018,1,8,bifurcation,0.9983,3
p0001_00000001_f0018_1,00000001,f0018,1,22,bifurcation,0.9389,3
p0001_00000001_f0018_1,00000001,f0018,1,29,short_branch_artifact,0.6248,3
p0001_00000001_f0018_1,00000001,f0018,1,34,short_branch_artifact,0.6248,3
p0001_00000001_f0018_1,00000001,f0018,1,50,short_branch_artifact,0.6213,3
p0001_00000001_f0018_4,00000001,f0018,4,2,bifurcation,1.0,3
p0001_00000001_f0018_4,00000001,f0018,4,4,short_branch_artifact,0.5884,3
p0001_00000001_f0018_4,00000001,f0018,4,5,bifurcation,0.9606,3
p0001_00000001_f0018_4,00000001,f0018,4,6,bifurcation,1.0,3
p0001_00000001_f0018_4,00000001,f0018,4,9,short_branch_artifact,0.6303,3
p0001_00000001_f0018_4,00000001,f0018,4,13,bifurcation,1.0,3
p0001_00000001_f0018_4,00000001,f0018,4,21,short_branch_artifact,0.6425,3
p0001_00000001_f0018_4,00000001,f0018,4,23,short_branch_artifact,0.5514,3
p0001_00000001_f0018_4,00000001,f0018,4,33,bifurcation,0.9113,3
p0001_00000001_f0019_4,00000001,f0019,4,6,bifurcation,1.0,3
p0001_00000001_f0019_4,00000001,f0019,4,10,short_branch_artifact,0.5792,3
p0001_00000001_f0019_4,00000001,f0019,4,11,crossing_or_overlap,0.6979,4
p0001_00000001_f0019_4,00000001,f0019,4,12,uncertain_complex_junction,0.6743,5
p0001_00000001_f0019_4,00000001,f0019,4,16,short_branch_artifact,0.548,3
p0001_00000001_f0019_4,00000001,f0019,4,18,short_branch_artifact,0.5358,3
p0001_00000001_f0019_4,00000001,f0019,4,22,short_branch_artifact,0.5851,3
p0001_00000001_f0019_4,00000001,f0019,4,25,bifurcation,0.9291,3
p0001_00000001_f0019_4,00000001,f0019,4,28,short_branch_artifact,0.6466,3
p0001_00000001_f0019_4,00000001,f0019,4,37,short_branch_artifact,0.5694,3
p0001_00000001_f0019_4,00000001,f0019,4,38,short_branch_artifact,0.6125,3
p0001_00000001_f0020_4,00000001,f0020,4,5,short_branch_artifact,0.5955,3
p0001_00000001_f0020_4,00000001,f0020,4,9,short_branch_artifact,0.5764,3
p0001_00000001_f0020_4,00000001,f0020,4,14,short_branch_artifact,0.5946,3
p0001_00000001_f0020_4,00000001,f0020,4,15,crossing_or_overlap,0.7345,4
p0001_00000001_f0020_4,00000001,f0020,4,16,crossing_or_overlap,0.8117,4
p0001_00000001_f0020_4,00000001,f0020,4,17,short_branch_artifact,0.5564,3
p0001_00000001_f0020_4,00000001,f0020,4,28,short_branch_artifact,0.5861,3
p0001_00000001_f0020_4,00000001,f0020,4,32,bifurcation,0.9807,3
p0001_00000001_f0020_4,00000001,f0020,4,35,short_branch_artifact,0.5814,3
p0001_00000001_f0020_4,00000001,f0020,4,36,bifurcation,0.9925,3
p0001_00000001_f0020_4,00000001,f0020,4,38,bifurcation,1.0,3
p0001_00000001_f0020_4,00000001,f0020,4,42,bifurcation,0.8713,3
p0001_00000001_f0020_4,00000001,f0020,4,48,short_branch_artifact,0.5875,3
p0001_00000001_f0020_4,00000001,f0020,4,53,short_branch_artifact,0.5852,3
p0001_00000001_f0020_4,00000001,f0020,4,54,short_branch_artifact,0.5821,3
p0001_00000001_f0020_4,00000001,f0020,4,55,short_branch_artifact,0.6023,3
p0001_00000001_f0020_4,00000001,f0020,4,62,short_branch_artifact,0.5406,3
p0001_00000001_f0021_1,00000001,f0021,1,3,bifurcation,0.9725,3
p0001_00000001_f0021_1,00000001,f0021,1,6,short_branch_artifact,0.5547,3
p0001_00000001_f0021_1,00000001,f0021,1,7,short_branch_artifact,0.613,3
p0001_00000001_f0021_1,00000001,f0021,1,8,short_branch_artifact,0.5852,3
p0001_00000001_f0021_1,00000001,f0021,1,9,short_branch_artifact,0.5857,3
p0001_00000001_f0021_1,00000001,f0021,1,10,uncertain_complex_junction,0.6456,5
p0001_00000001_f0021_1,00000001,f0021,1,11,short_branch_artifact,0.6004,3
p0001_00000001_f0021_1,00000001,f0021,1,15,crossing_or_overlap,0.6662,4
p0001_00000001_f0021_1,00000001,f0021,1,17,short_branch_artifact,0.6016,3
p0001_00000001_f0021_1,00000001,f0021,1,22,bifurcation,0.978,3
p0001_00000001_f0021_1,00000001,f0021,1,28,bifurcation,0.9914,3
p0001_00000001_f0021_1,00000001,f0021,1,31,short_branch_artifact,0.6436,3
p0001_00000001_f0021_1,00000001,f0021,1,38,short_branch_artifact,0.6367,3
p0001_00000001_f0021_1,00000001,f0021,1,45,short_branch_artifact,0.6302,3
p0001_00000001_f0021_1,00000001,f0021,1,58,short_branch_artifact,0.6362,3
p0001_00000001_f0021_4,00000001,f0021,4,8,short_branch_artifact,0.6281,3
p0001_00000001_f0021_4,00000001,f0021,4,11,short_branch_artifact,0.6359,3
p0001_00000001_f0021_4,00000001,f0021,4,12,short_branch_artifact,0.5769,3
p0001_00000001_f0021_4,00000001,f0021,4,15,short_branch_artifact,0.6023,3
p0001_00000001_f0021_4,00000001,f0021,4,16,crossing_or_overlap,0.8304,4
p0001_00000001_f0021_4,00000001,f0021,4,18,short_branch_artifact,0.6031,3
p0001_00000001_f0021_4,00000001,f0021,4,23,short_branch_artifact,0.5789,3
p0001_00000001_f0021_4,00000001,f0021,4,28,short_branch_artifact,0.5479,3
p0001_00000001_f0021_4,00000001,f0021,4,32,short_branch_artifact,0.5832,3
p0001_00000001_f0021_4,00000001,f0021,4,39,bifurcation,0.9736,3
p0001_00000001_f0021_4,00000001,f0021,4,44,short_branch_artifact,0.6038,3
p0001_00000001_f0021_4,00000001,f0021,4,50,bifurcation,0.7306,3
p0001_00000001_f0021_4,00000001,f0021,4,61,short_branch_artifact,0.6236,3
p0001_00000001_f0021_4,00000001,f0021,4,63,short_branch_artifact,0.5803,3
p0001_00000001_f0021_4,00000001,f0021,4,66,crossing_or_overlap,0.7844,4
p0001_00000001_f0021_4,00000001,f0021,4,70,short_branch_artifact,0.6345,3
p0001_00000001_f0021_4,00000001,f0021,4,77,short_branch_artifact,0.6102,3
p0001_00000001_f0021_4,00000001,f0021,4,81,bifurcation,0.9419,3
p0001_00000001_f0021_4,00000001,f0021,4,82,bifurcation,0.8505,3
p0001_00000001_f0021_4,00000001,f0021,4,94,short_branch_artifact,0.6378,3
p0001_00000001_f0021_4,00000001,f0021,4,95,short_branch_artifact,0.6193,3
p0001_00000001_f0021_4,00000001,f0021,4,96,short_branch_artifact,0.63,3
p0001_00000001_f0022_1,00000001,f0022,1,2,bifurcation,0.9661,3
p0001_00000001_f0022_1,00000001,f0022,1,4,short_branch_artifact,0.5682,3
p0001_00000001_f0022_1,00000001,f0022,1,7,short_branch_artifact,0.5674,3
p0001_00000001_f0022_1,00000001,f0022,1,9,short_branch_artifact,0.6421,3
p0001_00000001_f0022_1,00000001,f0022,1,10,short_branch_artifact,0.5784,3
p0001_00000001_f0022_1,00000001,f0022,1,15,short_branch_artifact,0.45,3
p0001_00000001_f0022_1,00000001,f0022,1,16,short_branch_artifact,0.5894,3
p0001_00000001_f0022_1,00000001,f0022,1,18,short_branch_artifact,0.6437,3
p0001_00000001_f0022_1,00000001,f0022,1,19,short_branch_artifact,0.45,3
p0001_00000001_f0022_1,00000001,f0022,1,21,short_branch_artifact,0.5522,3
p0001_00000001_f0022_1,00000001,f0022,1,23,short_branch_artifact,0.6015,3
p0001_00000001_f0022_1,00000001,f0022,1,24,short_branch_artifact,0.5745,3
p0001_00000001_f0022_1,00000001,f0022,1,28,short_branch_artifact,0.639,3
p0001_00000001_f0022_1,00000001,f0022,1,30,short_branch_artifact,0.6222,3
p0001_00000001_f0022_1,00000001,f0022,1,34,short_branch_artifact,0.545,3
p0001_00000001_f0022_1,00000001,f0022,1,43,short_branch_artifact,0.5834,3
p0001_00000001_f0022_1,00000001,f0022,1,53,short_branch_artifact,0.5771,3
p0001_00000001_f0022_1,00000001,f0022,1,54,short_branch_artifact,0.6071,3
p0001_00000001_f0022_1,00000001,f0022,1,64,short_branch_artifact,0.6386,3
p0001_00000001_f0022_1,00000001,f0022,1,70,bifurcation,0.8668,3
p0001_00000001_f0022_1,00000001,f0022,1,75,bifurcation,1.0,3
p0001_00000001_f0022_1,00000001,f0022,1,85,short_branch_artifact,0.6308,3
p0001_00000001_f0022_1,00000001,f0022,1,88,short_branch_artifact,0.6273,3
p0001_00000001_f0022_1,00000001,f0022,1,98,short_branch_artifact,0.6272,3
p0001_00000001_f0022_4,00000001,f0022,4,6,short_branch_artifact,0.6237,3
p0001_00000001_f0022_4,00000001,f0022,4,8,short_branch_artifact,0.6045,3
p0001_00000001_f0022_4,00000001,f0022,4,11,short_branch_artifact,0.5697,3
p0001_00000001_f0022_4,00000001,f0022,4,12,short_branch_artifact,0.6098,3
p0001_00000001_f0022_4,00000001,f0022,4,13,short_branch_artifact,0.5888,3
p0001_00000001_f0022_4,00000001,f0022,4,17,short_branch_artifact,0.6239,3
p0001_00000001_f0022_4,00000001,f0022,4,18,short_branch_artifact,0.5675,3
p0001_00000001_f0022_4,00000001,f0022,4,20,short_branch_artifact,0.5458,3
p0001_00000001_f0022_4,00000001,f0022,4,21,uncertain_high_order_branch,0.6856,4
p0001_00000001_f0022_4,00000001,f0022,4,24,short_branch_artifact,0.5885,3
p0001_00000001_f0022_4,00000001,f0022,4,25,short_branch_artifact,0.534,3
p0001_00000001_f0022_4,00000001,f0022,4,27,short_branch_artifact,0.6238,3
p0001_00000001_f0022_4,00000001,f0022,4,32,bifurcation,0.9616,3
p0001_00000001_f0022_4,00000001,f0022,4,35,short_branch_artifact,0.5904,3
p0001_00000001_f0022_4,00000001,f0022,4,44,short_branch_artifact,0.6017,3
p0001_00000001_f0022_4,00000001,f0022,4,46,short_branch_artifact,0.5884,3
p0001_00000001_f0022_4,00000001,f0022,4,49,short_branch_artifact,0.6216,3
p0001_00000001_f0022_4,00000001,f0022,4,59,uncertain_complex_junction,0.7096,5
p0001_00000001_f0022_4,00000001,f0022,4,63,short_branch_artifact,0.6157,3
p0001_00000001_f0022_4,00000001,f0022,4,68,short_branch_artifact,0.6222,3
p0001_00000001_f0022_4,00000001,f0022,4,73,short_branch_artifact,0.5053,3
p0001_00000001_f0022_4,00000001,f0022,4,74,short_branch_artifact,0.5931,3
p0001_00000001_f0022_4,00000001,f0022,4,78,short_branch_artifact,0.5709,3
p0001_00000001_f0022_4,00000001,f0022,4,83,short_branch_artifact,0.5551,3
p0001_00000001_f0022_4,00000001,f0022,4,89,short_branch_artifact,0.6159,3
p0001_00000001_f0022_4,00000001,f0022,4,90,bifurcation,0.9794,3
p0001_00000001_f0022_4,00000001,f0022,4,91,short_branch_artifact,0.5701,3
p0001_00000001_f0023_4,00000001,f0023,4,1,bifurcation,0.9968,3
p0001_00000001_f0023_4,00000001,f0023,4,2,crossing_or_overlap,0.6814,4
p0001_00000001_f0023_4,00000001,f0023,4,3,bifurcation,1.0,3
p0001_00000001_f0023_4,00000001,f0023,4,5,short_branch_artifact,0.5204,3
p0001_00000001_f0023_4,00000001,f0023,4,7,short_branch_artifact,0.5879,3
p0001_00000001_f0023_4,00000001,f0023,4,8,short_branch_artifact,0.5827,3
p0001_00000001_f0023_4,00000001,f0023,4,9,crossing_or_overlap,0.6216,4
p0001_00000001_f0023_4,00000001,f0023,4,11,short_branch_artifact,0.5353,3
p0001_00000001_f0023_4,00000001,f0023,4,13,short_branch_artifact,0.6262,3
p0001_00000001_f0023_4,00000001,f0023,4,14,short_branch_artifact,0.6204,3
p0001_00000001_f0023_4,00000001,f0023,4,15,short_branch_artifact,0.5918,3
p0001_00000001_f0023_4,00000001,f0023,4,18,short_branch_artifact,0.5805,3
p0001_00000001_f0023_4,00000001,f0023,4,19,short_branch_artifact,0.5683,3
p0001_00000001_f0023_4,00000001,f0023,4,20,short_branch_artifact,0.5609,3
p0001_00000001_f0023_4,00000001,f0023,4,24,short_branch_artifact,0.45,3
p0001_00000001_f0023_4,00000001,f0023,4,26,short_branch_artifact,0.6448,3
p0001_00000001_f0023_4,00000001,f0023,4,27,crossing_or_overlap,0.8885,4
p0001_00000001_f0023_4,00000001,f0023,4,28,short_branch_artifact,0.5987,3
p0001_00000001_f0023_4,00000001,f0023,4,32,short_branch_artifact,0.5539,3
p0001_00000001_f0023_4,00000001,f0023,4,35,short_branch_artifact,0.6027,3
p0001_00000001_f0023_4,00000001,f0023,4,43,bifurcation,0.9785,3
p0001_00000001_f0023_4,00000001,f0023,4,47,short_branch_artifact,0.5397,3
p0001_00000001_f0023_4,00000001,f0023,4,59,short_branch_artifact,0.6069,3
p0001_00000001_f0023_4,00000001,f0023,4,61,bifurcation,0.9703,3
p0001_00000001_f0023_4,00000001,f0023,4,66,short_branch_artifact,0.6401,3
p0001_00000001_f0023_4,00000001,f0023,4,69,short_branch_artifact,0.6272,3
p0001_00000001_f0023_4,00000001,f0023,4,74,short_branch_artifact,0.621,3
p0001_00000001_f0023_4,00000001,f0023,4,76,short_branch_artifact,0.6346,3
p0001_00000001_f0023_4,00000001,f0023,4,78,uncertain_complex_junction,0.75,5
p0001_00000001_f0023_4,00000001,f0023,4,80,short_branch_artifact,0.6387,3
p0001_00000001_f0023_4,00000001,f0023,4,83,short_branch_artifact,0.6276,3
p0001_00000001_f0023_4,00000001,f0023,4,87,short_branch_artifact,0.5858,3
p0001_00000001_f0023_4,00000001,f0023,4,89,short_branch_artifact,0.6266,3
p0001_00000001_f0023_4,00000001,f0023,4,98,short_branch_artifact,0.603,3
p0001_00000001_f0023_4,00000001,f0023,4,105,short_branch_artifact,0.5875,3
p0001_00000001_f0023_4,00000001,f0023,4,106,bifurcation,1.0,3
p0001_00000001_f0023_4,00000001,f0023,4,107,short_branch_artifact,0.597,3
p0001_00000001_f0023_4,00000001,f0023,4,121,short_branch_artifact,0.5958,3
p0001_00000001_f0023_4,00000001,f0023,4,124,bifurcation,0.9104,3
p0001_00000001_f0023_4,00000001,f0023,4,125,short_branch_artifact,0.6444,3
p0001_00000001_f0023_4,00000001,f0023,4,126,bifurcation,1.0,3
p0001_00000001_f0023_4,00000001,f0023,4,134,crossing_or_overlap,0.7966,4
p0001_00000001_f0023_4,00000001,f0023,4,158,bifurcation,1.0,3
p0001_00000001_f0024_4,00000001,f0024,4,1,bifurcation,0.9928,3
p0001_00000001_f0024_4,00000001,f0024,4,3,bifurcation,1.0,3
p0001_00000001_f0024_4,00000001,f0024,4,5,short_branch_artifact,0.6026,3
p0001_00000001_f0024_4,00000001,f0024,4,6,short_branch_artifact,0.6195,3
p0001_00000001_f0024_4,00000001,f0024,4,7,short_branch_artifact,0.5513,3
p0001_00000001_f0024_4,00000001,f0024,4,8,crossing_or_overlap,0.7099,4
p0001_00000001_f0024_4,00000001,f0024,4,10,short_branch_artifact,0.5767,3
p0001_00000001_f0024_4,00000001,f0024,4,13,short_branch_artifact,0.6265,3
p0001_00000001_f0024_4,00000001,f0024,4,15,short_branch_artifact,0.5718,3
p0001_00000001_f0024_4,00000001,f0024,4,17,short_branch_artifact,0.5292,3
p0001_00000001_f0024_4,00000001,f0024,4,18,short_branch_artifact,0.5791,3
p0001_00000001_f0024_4,00000001,f0024,4,20,short_branch_artifact,0.5872,3
p0001_00000001_f0024_4,00000001,f0024,4,25,bifurcation,1.0,3
p0001_00000001_f0024_4,00000001,f0024,4,27,short_branch_artifact,0.6021,3
p0001_00000001_f0024_4,00000001,f0024,4,28,bifurcation,0.9967,3
p0001_00000001_f0024_4,00000001,f0024,4,31,short_branch_artifact,0.5658,3
p0001_00000001_f0024_4,00000001,f0024,4,39,bifurcation,0.9682,3
p0001_00000001_f0024_4,00000001,f0024,4,44,bifurcation,0.7863,3
p0001_00000001_f0024_4,00000001,f0024,4,51,short_branch_artifact,0.6224,3
p0001_00000001_f0024_4,00000001,f0024,4,54,bifurcation,0.9495,3
p0001_00000001_f0024_4,00000001,f0024,4,59,short_branch_artifact,0.6473,3
p0001_00000001_f0024_4,00000001,f0024,4,69,crossing_or_overlap,0.6754,4
p0001_00000001_f0024_4,00000001,f0024,4,70,short_branch_artifact,0.6154,3
p0001_00000001_f0024_4,00000001,f0024,4,71,short_branch_artifact,0.6045,3
p0001_00000001_f0024_4,00000001,f0024,4,78,short_branch_artifact,0.6034,3
p0001_00000001_f0024_4,00000001,f0024,4,80,short_branch_artifact,0.6289,3
p0001_00000001_f0024_4,00000001,f0024,4,85,short_branch_artifact,0.6414,3
p0001_00000001_f0024_4,00000001,f0024,4,87,short_branch_artifact,0.6346,3
p0001_00000001_f0024_4,00000001,f0024,4,93,short_branch_artifact,0.6277,3
p0001_00000001_f0024_4,00000001,f0024,4,95,short_branch_artifact,0.6034,3
p0001_00000001_f0024_4,00000001,f0024,4,105,short_branch_artifact,0.6387,3
p0001_00000001_f0024_4,00000001,f0024,4,113,short_branch_artifact,0.6249,3
p0001_00000001_f0024_4,00000001,f0024,4,121,crossing_or_overlap,0.6678,4
p0001_00000001_f0024_4,00000001,f0024,4,126,bifurcation,0.8708,3
p0001_00000001_f0024_4,00000001,f0024,4,127,bifurcation,1.0,3
p0001_00000001_f0024_4,00000001,f0024,4,148,short_branch_artifact,0.6267,3
p0001_00000001_f0025_4,00000001,f0025,4,1,bifurcation,0.983,3
p0001_00000001_f0025_4,00000001,f0025,4,3,bifurcation,1.0,3
p0001_00000001_f0025_4,00000001,f0025,4,5,short_branch_artifact,0.614,3
p0001_00000001_f0025_4,00000001,f0025,4,6,uncertain_complex_junction,0.75,5
p0001_00000001_f0025_4,00000001,f0025,4,7,short_branch_artifact,0.5942,3
p0001_00000001_f0025_4,00000001,f0025,4,8,short_branch_artifact,0.5701,3
p0001_00000001_f0025_4,00000001,f0025,4,10,crossing_or_overlap,0.7509,4
p0001_00000001_f0025_4,00000001,f0025,4,20,short_branch_artifact,0.6231,3
p0001_00000001_f0025_4,00000001,f0025,4,21,short_branch_artifact,0.6131,3
p0001_00000001_f0025_4,00000001,f0025,4,22,crossing_or_overlap,0.8226,4
p0001_00000001_f0025_4,00000001,f0025,4,23,short_branch_artifact,0.6075,3
p0001_00000001_f0025_4,00000001,f0025,4,24,short_branch_artifact,0.5209,3
p0001_00000001_f0025_4,00000001,f0025,4,26,crossing_or_overlap,0.7936,4
p0001_00000001_f0025_4,00000001,f0025,4,27,bifurcation,0.9489,3
p0001_00000001_f0025_4,00000001,f0025,4,28,bifurcation,1.0,3
p0001_00000001_f0025_4,00000001,f0025,4,34,crossing_or_overlap,0.7414,4
p0001_00000001_f0025_4,00000001,f0025,4,35,short_branch_artifact,0.5513,3
p0001_00000001_f0025_4,00000001,f0025,4,36,short_branch_artifact,0.5816,3
p0001_00000001_f0025_4,00000001,f0025,4,38,short_branch_artifact,0.5232,3
p0001_00000001_f0025_4,00000001,f0025,4,41,bifurcation,0.9639,3
p0001_00000001_f0025_4,00000001,f0025,4,42,short_branch_artifact,0.5563,3
p0001_00000001_f0025_4,00000001,f0025,4,44,short_branch_artifact,0.6422,3
p0001_00000001_f0025_4,00000001,f0025,4,46,short_branch_artifact,0.5948,3
p0001_00000001_f0025_4,00000001,f0025,4,51,short_branch_artifact,0.553,3
p0001_00000001_f0025_4,00000001,f0025,4,55,short_branch_artifact,0.6312,3
p0001_00000001_f0025_4,00000001,f0025,4,56,short_branch_artifact,0.6163,3
p0001_00000001_f0025_4,00000001,f0025,4,57,crossing_or_overlap,0.7499,4
p0001_00000001_f0025_4,00000001,f0025,4,62,short_branch_artifact,0.5243,3
p0001_00000001_f0025_4,00000001,f0025,4,66,short_branch_artifact,0.6277,3
p0001_00000001_f0025_4,00000001,f0025,4,67,short_branch_artifact,0.6056,3
p0001_00000001_f0025_4,00000001,f0025,4,71,bifurcation,0.8678,3
p0001_00000001_f0025_4,00000001,f0025,4,74,short_branch_artifact,0.6125,3
p0001_00000001_f0025_4,00000001,f0025,4,80,short_branch_artifact,0.5961,3
p0001_00000001_f0025_4,00000001,f0025,4,83,short_branch_artifact,0.5685,3
p0001_00000001_f0025_4,00000001,f0025,4,84,short_branch_artifact,0.6027,3
p0001_00000001_f0025_4,00000001,f0025,4,91,short_branch_artifact,0.5855,3
p0001_00000001_f0025_4,00000001,f0025,4,104,short_branch_artifact,0.5812,3
p0001_00000001_f0025_4,00000001,f0025,4,108,short_branch_artifact,0.6006,3
p0001_00000001_f0025_4,00000001,f0025,4,110,bifurcation,0.9585,3
p0001_00000001_f0025_4,00000001,f0025,4,122,short_branch_artifact,0.623,3
p0001_00000001_f0025_4,00000001,f0025,4,123,short_branch_artifact,0.5897,3
p0001_00000001_f0025_4,00000001,f0025,4,124,short_branch_artifact,0.5986,3
p0001_00000001_f0025_4,00000001,f0025,4,127,bifurcation,0.9686,3
p0001_00000001_f0025_4,00000001,f0025,4,129,bifurcation,1.0,3
p0001_00000001_f0025_4,00000001,f0025,4,130,short_branch_artifact,0.6278,3
p0001_00000001_f0025_4,00000001,f0025,4,136,short_branch_artifact,0.6404,3
p0001_00000001_f0025_4,00000001,f0025,4,164,bifurcation,1.0,3
p0001_00000001_f0026_4,00000001,f0026,4,1,bifurcation,0.9957,3
p0001_00000001_f0026_4,00000001,f0026,4,3,crossing_or_overlap,0.6869,4
p0001_00000001_f0026_4,00000001,f0026,4,7,short_branch_artifact,0.5827,3
p0001_00000001_f0026_4,00000001,f0026,4,8,crossing_or_overlap,0.804,4
p0001_00000001_f0026_4,00000001,f0026,4,9,short_branch_artifact,0.596,3
p0001_00000001_f0026_4,00000001,f0026,4,10,short_branch_artifact,0.5925,3
p0001_00000001_f0026_4,00000001,f0026,4,13,short_branch_artifact,0.6002,3
p0001_00000001_f0026_4,00000001,f0026,4,15,short_branch_artifact,0.5929,3
p0001_00000001_f0026_4,00000001,f0026,4,17,bifurcation,0.9895,3
p0001_00000001_f0026_4,00000001,f0026,4,19,uncertain_high_order_branch,0.5635,4
p0001_00000001_f0026_4,00000001,f0026,4,24,short_branch_artifact,0.6264,3
p0001_00000001_f0026_4,00000001,f0026,4,25,bifurcation,1.0,3
p0001_00000001_f0026_4,00000001,f0026,4,27,short_branch_artifact,0.578,3
p0001_00000001_f0026_4,00000001,f0026,4,29,uncertain_high_order_branch,0.621,4
p0001_00000001_f0026_4,00000001,f0026,4,32,bifurcation,1.0,3
p0001_00000001_f0026_4,00000001,f0026,4,34,short_branch_artifact,0.6289,3
p0001_00000001_f0026_4,00000001,f0026,4,35,short_branch_artifact,0.6149,3
p0001_00000001_f0026_4,00000001,f0026,4,40,bifurcation,1.0,3
p0001_00000001_f0026_4,00000001,f0026,4,48,short_branch_artifact,0.5697,3
p0001_00000001_f0026_4,00000001,f0026,4,49,short_branch_artifact,0.611,3
p0001_00000001_f0026_4,00000001,f0026,4,51,bifurcation,0.8964,3
p0001_00000001_f0026_4,00000001,f0026,4,60,short_branch_artifact,0.6133,3
p0001_00000001_f0026_4,00000001,f0026,4,61,short_branch_artifact,0.591,3
p0001_00000001_f0026_4,00000001,f0026,4,67,short_branch_artifact,0.5685,3
p0001_00000001_f0026_4,00000001,f0026,4,69,short_branch_artifact,0.5963,3
p0001_00000001_f0026_4,00000001,f0026,4,76,short_branch_artifact,0.6061,3
p0001_00000001_f0026_4,00000001,f0026,4,77,bifurcation,0.9651,3
p0001_00000001_f0026_4,00000001,f0026,4,80,short_branch_artifact,0.6054,3
p0001_00000001_f0026_4,00000001,f0026,4,81,bifurcation,0.9196,3
p0001_00000001_f0026_4,00000001,f0026,4,84,crossing_or_overlap,0.7637,4
p0001_00000001_f0026_4,00000001,f0026,4,87,bifurcation,0.8469,3
p0001_00000001_f0026_4,00000001,f0026,4,88,short_branch_artifact,0.5929,3
p0001_00000001_f0026_4,00000001,f0026,4,93,short_branch_artifact,0.609,3
p0001_00000001_f0026_4,00000001,f0026,4,96,bifurcation,0.9647,3
p0001_00000001_f0026_4,00000001,f0026,4,99,crossing_or_overlap,0.7512,4
p0001_00000001_f0026_4,00000001,f0026,4,111,short_branch_artifact,0.5822,3
p0001_00000001_f0026_4,00000001,f0026,4,113,bifurcation,1.0,3
p0001_00000001_f0026_4,00000001,f0026,4,115,short_branch_artifact,0.6211,3
p0001_00000001_f0026_4,00000001,f0026,4,118,bifurcation,0.9795,3
p0001_00000001_f0026_4,00000001,f0026,4,121,short_branch_artifact,0.6093,3
p0001_00000001_f0026_4,00000001,f0026,4,125,short_branch_artifact,0.5944,3
p0001_00000001_f0026_4,00000001,f0026,4,128,short_branch_artifact,0.5946,3
p0001_00000001_f0026_4,00000001,f0026,4,130,short_branch_artifact,0.5773,3
p0001_00000001_f0026_4,00000001,f0026,4,132,short_branch_artifact,0.5963,3
p0001_00000001_f0026_4,00000001,f0026,4,159,bifurcation,1.0,3
p0001_00000001_f0026_4,00000001,f0026,4,161,bifurcation,0.9513,3
p0001_00000001_f0026_4,00000001,f0026,4,190,short_branch_artifact,0.6059,3
p0001_00000001_f0029_1,00000001,f0029,1,4,bifurcation,0.9945,3
p0001_00000001_f0029_1,00000001,f0029,1,6,short_branch_artifact,0.5787,3
p0001_00000001_f0029_1,00000001,f0029,1,7,crossing_or_overlap,0.9176,4
p0001_00000001_f0029_1,00000001,f0029,1,8,short_branch_artifact,0.574,3
p0001_00000001_f0029_1,00000001,f0029,1,10,short_branch_artifact,0.544,3
p0001_00000001_f0029_1,00000001,f0029,1,15,crossing_or_overlap,0.6964,4
p0001_00000001_f0029_1,00000001,f0029,1,17,short_branch_artifact,0.5734,3
p0001_00000001_f0029_1,00000001,f0029,1,20,short_branch_artifact,0.5982,3
p0001_00000001_f0029_1,00000001,f0029,1,28,bifurcation,0.8797,3
p0001_00000001_f0029_1,00000001,f0029,1,29,short_branch_artifact,0.5198,3
p0001_00000001_f0029_1,00000001,f0029,1,30,short_branch_artifact,0.5712,3
p0001_00000001_f0029_1,00000001,f0029,1,31,short_branch_artifact,0.5155,3
p0001_00000001_f0029_1,00000001,f0029,1,33,short_branch_artifact,0.6059,3
p0001_00000001_f0029_1,00000001,f0029,1,34,bifurcation,0.9637,3
p0001_00000001_f0029_1,00000001,f0029,1,37,short_branch_artifact,0.6256,3
p0001_00000001_f0029_1,00000001,f0029,1,38,bifurcation,0.9492,3
p0001_00000001_f0029_1,00000001,f0029,1,39,short_branch_artifact,0.5862,3
p0001_00000001_f0029_1,00000001,f0029,1,42,short_branch_artifact,0.5885,3
p0001_00000001_f0029_1,00000001,f0029,1,45,bifurcation,1.0,3
p0001_00000001_f0029_1,00000001,f0029,1,47,short_branch_artifact,0.6412,3
p0001_00000001_f0029_1,00000001,f0029,1,56,short_branch_artifact,0.6369,3
p0001_00000001_f0029_1,00000001,f0029,1,59,short_branch_artifact,0.533,3
p0001_00000001_f0029_1,00000001,f0029,1,66,short_branch_artifact,0.6042,3
p0001_00000001_f0029_1,00000001,f0029,1,68,short_branch_artifact,0.5843,3
p0001_00000001_f0029_1,00000001,f0029,1,76,short_branch_artifact,0.6298,3
p0001_00000001_f0029_1,00000001,f0029,1,78,short_branch_artifact,0.5342,3
p0001_00000001_f0029_1,00000001,f0029,1,84,short_branch_artifact,0.6308,3
p0001_00000001_f0029_1,00000001,f0029,1,86,short_branch_artifact,0.6188,3
p0001_00000001_f0029_1,00000001,f0029,1,92,crossing_or_overlap,0.7136,4
p0001_00000001_f0029_1,00000001,f0029,1,95,short_branch_artifact,0.6353,3
p0001_00000001_f0029_1,00000001,f0029,1,96,short_branch_artifact,0.6436,3
p0001_00000001_f0029_1,00000001,f0029,1,97,bifurcation,0.9832,3
p0001_00000001_f0029_1,00000001,f0029,1,98,short_branch_artifact,0.5982,3
p0001_00000001_f0029_1,00000001,f0029,1,102,short_branch_artifact,0.6259,3
p0001_00000001_f0029_1,00000001,f0029,1,112,short_branch_artifact,0.6293,3
p0001_00000001_f0029_1,00000001,f0029,1,114,bifurcation,0.9359,3
p0001_00000001_f0029_1,00000001,f0029,1,122,bifurcation,1.0,3
p0001_00000001_f0029_1,00000001,f0029,1,125,short_branch_artifact,0.6066,3
p0001_00000001_f0029_1,00000001,f0029,1,133,short_branch_artifact,0.578,3
p0001_00000001_f0029_1,00000001,f0029,1,135,short_branch_artifact,0.6295,3
p0001_00000001_f0029_1,00000001,f0029,1,136,short_branch_artifact,0.6136,3
p0001_00000001_f0029_1,00000001,f0029,1,138,bifurcation,1.0,3
p0001_00000001_f0029_1,00000001,f0029,1,150,short_branch_artifact,0.6457,3
p0001_00000001_f0029_1,00000001,f0029,1,152,short_branch_artifact,0.6418,3
p0001_00000001_f0029_1,00000001,f0029,1,154,bifurcation,0.889,3
p0001_00000001_f0029_1,00000001,f0029,1,180,short_branch_artifact,0.623,3
p0001_00000001_f0029_1,00000001,f0029,1,186,short_branch_artifact,0.618,3
p0001_00000001_f0029_1,00000001,f0029,1,199,short_branch_artifact,0.6405,3
p0001_00000001_f0029_1,00000001,f0029,1,213,short_branch_artifact,0.6257,3
p0001_00000001_f0029_1,00000001,f0029,1,236,short_branch_artifact,0.6069,3
p0001_00000001_f0031_1,00000001,f0031,1,4,short_branch_artifact,0.6236,3
p0001_00000001_f0031_1,00000001,f0031,1,5,short_branch_artifact,0.5748,3
p0001_00000001_f0031_1,00000001,f0031,1,6,short_branch_artifact,0.6105,3
p0001_00000001_f0031_1,00000001,f0031,1,7,crossing_or_overlap,0.6642,4
p0001_00000001_f0031_1,00000001,f0031,1,8,bifurcation,0.972,3
p0001_00000001_f0031_1,00000001,f0031,1,10,short_branch_artifact,0.598,3
p0001_00000001_f0031_1,00000001,f0031,1,11,short_branch_artifact,0.6171,3
p0001_00000001_f0031_1,00000001,f0031,1,16,short_branch_artifact,0.5503,3
p0001_00000001_f0031_1,00000001,f0031,1,17,uncertain_high_order_branch,0.6955,4
p0001_00000001_f0031_1,00000001,f0031,1,18,crossing_or_overlap,0.8196,4
p0001_00000001_f0031_1,00000001,f0031,1,19,short_branch_artifact,0.5799,3
p0001_00000001_f0031_1,00000001,f0031,1,24,short_branch_artifact,0.4965,3
p0001_00000001_f0031_1,00000001,f0031,1,26,short_branch_artifact,0.5873,3
p0001_00000001_f0031_1,00000001,f0031,1,30,crossing_or_overlap,0.8131,4
p0001_00000001_f0031_1,00000001,f0031,1,31,uncertain_high_order_branch,0.6676,4
p0001_00000001_f0031_1,00000001,f0031,1,32,bifurcation,0.9428,3
p0001_00000001_f0031_1,00000001,f0031,1,36,bifurcation,0.9599,3
p0001_00000001_f0031_1,00000001,f0031,1,44,bifurcation,1.0,3
p0001_00000001_f0031_1,00000001,f0031,1,50,bifurcation,0.9276,3
p0001_00000001_f0031_1,00000001,f0031,1,58,short_branch_artifact,0.6327,3
p0001_00000001_f0031_1,00000001,f0031,1,62,short_branch_artifact,0.6073,3
p0001_00000001_f0031_1,00000001,f0031,1,66,uncertain_high_order_branch,0.6483,4
p0001_00000001_f0031_1,00000001,f0031,1,70,short_branch_artifact,0.6229,3
p0001_00000001_f0031_1,00000001,f0031,1,78,short_branch_artifact,0.5982,3
p0001_00000001_f0031_1,00000001,f0031,1,79,crossing_or_overlap,0.7757,4
p0001_00000001_f0031_1,00000001,f0031,1,88,short_branch_artifact,0.6076,3
p0001_00000001_f0031_1,00000001,f0031,1,89,bifurcation,0.9349,3
p0001_00000001_f0031_1,00000001,f0031,1,99,short_branch_artifact,0.6156,3
p0001_00000001_f0031_1,00000001,f0031,1,103,short_branch_artifact,0.6003,3
p0001_00000001_f0031_1,00000001,f0031,1,107,short_branch_artifact,0.5769,3
p0001_00000001_f0031_1,00000001,f0031,1,109,short_branch_artifact,0.6391,3
p0001_00000001_f0031_1,00000001,f0031,1,111,short_branch_artifact,0.6017,3
p0001_00000001_f0031_1,00000001,f0031,1,114,crossing_or_overlap,0.675,4
p0001_00000001_f0031_1,00000001,f0031,1,120,short_branch_artifact,0.5871,3
p0001_00000001_f0031_1,00000001,f0031,1,125,bifurcation,0.8868,3
p0001_00000001_f0031_1,00000001,f0031,1,127,bifurcation,0.9956,3
p0001_00000001_f0031_1,00000001,f0031,1,130,crossing_or_overlap,0.8138,4
p0001_00000001_f0031_1,00000001,f0031,1,133,short_branch_artifact,0.6392,3
p0001_00000001_f0031_1,00000001,f0031,1,134,bifurcation,1.0,3
p0001_00000001_f0031_1,00000001,f0031,1,138,short_branch_artifact,0.6445,3
p0001_00000001_f0031_1,00000001,f0031,1,143,short_branch_artifact,0.6128,3
p0001_00000001_f0031_1,00000001,f0031,1,148,short_branch_artifact,0.6481,3
p0001_00000001_f0031_1,00000001,f0031,1,152,short_branch_artifact,0.5982,3
p0001_00000001_f0031_1,00000001,f0031,1,161,short_branch_artifact,0.6124,3
p0001_00000001_f0031_1,00000001,f0031,1,169,uncertain_high_order_branch,0.5632,4
p0001_00000001_f0031_1,00000001,f0031,1,171,short_branch_artifact,0.637,3
p0001_00000001_f0031_1,00000001,f0031,1,179,crossing_or_overlap,0.706,4
p0001_00000001_f0031_1,00000001,f0031,1,181,crossing_or_overlap,0.6637,4
p0001_00000001_f0031_1,00000001,f0031,1,190,short_branch_artifact,0.6115,3
p0001_00000001_f0031_1,00000001,f0031,1,195,short_branch_artifact,0.6077,3
p0001_00000001_f0031_1,00000001,f0031,1,197,short_branch_artifact,0.6104,3
p0001_00000001_f0031_1,00000001,f0031,1,199,bifurcation,1.0,3
p0001_00000001_f0031_1,00000001,f0031,1,200,bifurcation,1.0,3
p0001_00000001_f0031_1,00000001,f0031,1,201,short_branch_artifact,0.6223,3
p0001_00000001_f0031_1,00000001,f0031,1,212,bifurcation,1.0,3
p0001_00000001_f0031_1,00000001,f0031,1,213,short_branch_artifact,0.6314,3
p0001_00000001_f0031_1,00000001,f0031,1,239,short_branch_artifact,0.6062,3
p0001_00000001_f0032_1,00000001,f0032,1,5,short_branch_artifact,0.6148,3
p0001_00000001_f0032_1,00000001,f0032,1,6,short_branch_artifact,0.5878,3
p0001_00000001_f0032_1,00000001,f0032,1,10,short_branch_artifact,0.5637,3
p0001_00000001_f0032_1,00000001,f0032,1,11,short_branch_artifact,0.5977,3
p0001_00000001_f0032_1,00000001,f0032,1,12,short_branch_artifact,0.5367,3
p0001_00000001_f0032_1,00000001,f0032,1,14,short_branch_artifact,0.5988,3
p0001_00000001_f0032_1,00000001,f0032,1,17,short_branch_artifact,0.4673,3
p0001_00000001_f0032_1,00000001,f0032,1,18,short_branch_artifact,0.6411,3
p0001_00000001_f0032_1,00000001,f0032,1,19,short_branch_artifact,0.5964,3
p0001_00000001_f0032_1,00000001,f0032,1,23,bifurcation,0.7943,3
p0001_00000001_f0032_1,00000001,f0032,1,24,bifurcation,0.9103,3
p0001_00000001_f0032_1,00000001,f0032,1,25,short_branch_artifact,0.6149,3
p0001_00000001_f0032_1,00000001,f0032,1,28,short_branch_artifact,0.6242,3
p0001_00000001_f0032_1,00000001,f0032,1,35,short_branch_artifact,0.5779,3
p0001_00000001_f0032_1,00000001,f0032,1,42,bifurcation,0.9832,3
p0001_00000001_f0032_1,00000001,f0032,1,44,bifurcation,0.8703,3
p0001_00000001_f0032_1,00000001,f0032,1,45,bifurcation,0.9512,3
p0001_00000001_f0032_1,00000001,f0032,1,57,bifurcation,0.9059,3
p0001_00000001_f0032_1,00000001,f0032,1,60,bifurcation,0.9544,3
p0001_00000001_f0032_1,00000001,f0032,1,71,short_branch_artifact,0.5779,3
p0001_00000001_f0032_1,00000001,f0032,1,72,short_branch_artifact,0.5587,3
p0001_00000001_f0032_1,00000001,f0032,1,73,short_branch_artifact,0.5693,3
p0001_00000001_f0032_1,00000001,f0032,1,75,short_branch_artifact,0.5932,3
p0001_00000001_f0032_1,00000001,f0032,1,79,crossing_or_overlap,0.7669,4
p0001_00000001_f0032_1,00000001,f0032,1,81,short_branch_artifact,0.6105,3
p0001_00000001_f0032_1,00000001,f0032,1,85,short_branch_artifact,0.5766,3
p0001_00000001_f0032_1,00000001,f0032,1,90,short_branch_artifact,0.6361,3
p0001_00000001_f0032_1,00000001,f0032,1,96,short_branch_artifact,0.5614,3
p0001_00000001_f0032_1,00000001,f0032,1,97,short_branch_artifact,0.5562,3
p0001_00000001_f0032_1,00000001,f0032,1,99,short_branch_artifact,0.6125,3
p0001_00000001_f0032_1,00000001,f0032,1,103,short_branch_artifact,0.5996,3
p0001_00000001_f0032_1,00000001,f0032,1,104,short_branch_artifact,0.6102,3
p0001_00000001_f0032_1,00000001,f0032,1,107,bifurcation,1.0,3
p0001_00000001_f0032_1,00000001,f0032,1,111,bifurcation,1.0,3
p0001_00000001_f0032_1,00000001,f0032,1,112,short_branch_artifact,0.621,3
p0001_00000001_f0032_1,00000001,f0032,1,113,short_branch_artifact,0.5674,3
p0001_00000001_f0032_1,00000001,f0032,1,114,short_branch_artifact,0.614,3
p0001_00000001_f0032_1,00000001,f0032,1,122,crossing_or_overlap,0.8527,4
p0001_00000001_f0032_1,00000001,f0032,1,123,short_branch_artifact,0.6244,3
p0001_00000001_f0032_1,00000001,f0032,1,124,short_branch_artifact,0.6348,3
p0001_00000001_f0032_1,00000001,f0032,1,125,short_branch_artifact,0.6142,3
p0001_00000001_f0032_1,00000001,f0032,1,130,short_branch_artifact,0.6156,3
p0001_00000001_f0032_1,00000001,f0032,1,134,short_branch_artifact,0.6139,3
p0001_00000001_f0032_1,00000001,f0032,1,136,bifurcation,1.0,3
p0001_00000001_f0032_1,00000001,f0032,1,148,short_branch_artifact,0.6041,3
p0001_00000001_f0032_1,00000001,f0032,1,152,short_branch_artifact,0.5948,3
p0001_00000001_f0032_1,00000001,f0032,1,156,short_branch_artifact,0.624,3
p0001_00000001_f0032_1,00000001,f0032,1,159,short_branch_artifact,0.515,3
p0001_00000001_f0032_1,00000001,f0032,1,162,short_branch_artifact,0.5978,3
p0001_00000001_f0032_1,00000001,f0032,1,183,short_branch_artifact,0.6055,3
p0001_00000001_f0032_1,00000001,f0032,1,191,short_branch_artifact,0.6324,3
p0001_00000001_f0032_1,00000001,f0032,1,192,short_branch_artifact,0.6077,3
p0001_00000001_f0032_1,00000001,f0032,1,204,short_branch_artifact,0.6303,3
p0001_00000001_f0032_1,00000001,f0032,1,206,short_branch_artifact,0.6197,3
p0001_00000001_f0032_1,00000001,f0032,1,210,short_branch_artifact,0.6338,3
p0001_00000001_f0032_1,00000001,f0032,1,234,short_branch_artifact,0.5949,3
p0001_00000001_f0032_1,00000001,f0032,1,262,crossing_or_overlap,0.8899,4
p0001_00000001_f0035_1,00000001,f0035,1,5,short_branch_artifact,0.6438,3
p0001_00000001_f0035_1,00000001,f0035,1,6,short_branch_artifact,0.5592,3
p0001_00000001_f0035_1,00000001,f0035,1,9,short_branch_artifact,0.5837,3
p0001_00000001_f0035_1,00000001,f0035,1,10,crossing_or_overlap,0.8526,4
p0001_00000001_f0035_1,00000001,f0035,1,12,crossing_or_overlap,0.6974,4
p0001_00000001_f0035_1,00000001,f0035,1,18,short_branch_artifact,0.5843,3
p0001_00000001_f0035_1,00000001,f0035,1,22,short_branch_artifact,0.5342,3
p0001_00000001_f0035_1,00000001,f0035,1,24,short_branch_artifact,0.5743,3
p0001_00000001_f0035_1,00000001,f0035,1,26,short_branch_artifact,0.5333,3
p0001_00000001_f0035_1,00000001,f0035,1,30,short_branch_artifact,0.6493,3
p0001_00000001_f0035_1,00000001,f0035,1,31,short_branch_artifact,0.5873,3
p0001_00000001_f0035_1,00000001,f0035,1,32,short_branch_artifact,0.633,3
p0001_00000001_f0035_1,00000001,f0035,1,34,short_branch_artifact,0.5496,3
p0001_00000001_f0035_1,00000001,f0035,1,43,bifurcation,0.9772,3
p0001_00000001_f0035_1,00000001,f0035,1,46,short_branch_artifact,0.5991,3
p0001_00000001_f0035_1,00000001,f0035,1,54,bifurcation,0.8729,3
p0001_00000001_f0035_1,00000001,f0035,1,55,short_branch_artifact,0.641,3
p0001_00000001_f0035_1,00000001,f0035,1,60,short_branch_artifact,0.5928,3
p0001_00000001_f0035_1,00000001,f0035,1,62,short_branch_artifact,0.595,3
p0001_00000001_f0035_1,00000001,f0035,1,63,short_branch_artifact,0.6438,3
p0001_00000001_f0035_1,00000001,f0035,1,68,short_branch_artifact,0.578,3
p0001_00000001_f0035_1,00000001,f0035,1,69,short_branch_artifact,0.63,3
p0001_00000001_f0035_1,00000001,f0035,1,72,short_branch_artifact,0.5896,3
p0001_00000001_f0035_1,00000001,f0035,1,73,short_branch_artifact,0.5932,3
p0001_00000001_f0035_1,00000001,f0035,1,74,short_branch_artifact,0.58,3
p0001_00000001_f0035_1,00000001,f0035,1,75,short_branch_artifact,0.5486,3
p0001_00000001_f0035_1,00000001,f0035,1,76,short_branch_artifact,0.6336,3
p0001_00000001_f0035_1,00000001,f0035,1,77,short_branch_artifact,0.6219,3
p0001_00000001_f0035_1,00000001,f0035,1,78,short_branch_artifact,0.6051,3
p0001_00000001_f0035_1,00000001,f0035,1,81,short_branch_artifact,0.6236,3
p0001_00000001_f0035_1,00000001,f0035,1,83,short_branch_artifact,0.6177,3
p0001_00000001_f0035_1,00000001,f0035,1,84,short_branch_artifact,0.6221,3
p0001_00000001_f0035_1,00000001,f0035,1,87,crossing_or_overlap,0.8119,4
p0001_00000001_f0035_1,00000001,f0035,1,88,short_branch_artifact,0.6416,3
p0001_00000001_f0035_1,00000001,f0035,1,91,short_branch_artifact,0.6243,3
p0001_00000001_f0035_1,00000001,f0035,1,93,short_branch_artifact,0.6221,3
p0001_00000001_f0035_1,00000001,f0035,1,95,short_branch_artifact,0.6066,3
p0001_00000001_f0035_1,00000001,f0035,1,97,short_branch_artifact,0.6128,3
p0001_00000001_f0035_1,00000001,f0035,1,102,short_branch_artifact,0.5932,3
p0001_00000001_f0035_1,00000001,f0035,1,111,short_branch_artifact,0.6207,3
p0001_00000001_f0035_1,00000001,f0035,1,112,short_branch_artifact,0.6033,3
p0001_00000001_f0035_1,00000001,f0035,1,113,crossing_or_overlap,0.8512,4
p0001_00000001_f0035_1,00000001,f0035,1,115,short_branch_artifact,0.57,3
p0001_00000001_f0035_1,00000001,f0035,1,116,short_branch_artifact,0.6161,3
p0001_00000001_f0035_1,00000001,f0035,1,117,short_branch_artifact,0.6085,3
p0001_00000001_f0035_1,00000001,f0035,1,119,short_branch_artifact,0.6338,3
p0001_00000001_f0035_1,00000001,f0035,1,123,short_branch_artifact,0.6314,3
p0001_00000001_f0035_1,00000001,f0035,1,125,short_branch_artifact,0.6216,3
p0001_00000001_f0035_1,00000001,f0035,1,130,short_branch_artifact,0.6425,3
p0001_00000001_f0035_1,00000001,f0035,1,131,short_branch_artifact,0.5841,3
p0001_00000001_f0035_1,00000001,f0035,1,132,short_branch_artifact,0.6028,3
p0001_00000001_f0035_1,00000001,f0035,1,136,short_branch_artifact,0.6058,3
p0001_00000001_f0035_1,00000001,f0035,1,142,short_branch_artifact,0.6027,3
p0001_00000001_f0035_1,00000001,f0035,1,148,short_branch_artifact,0.6345,3
p0001_00000001_f0035_1,00000001,f0035,1,152,short_branch_artifact,0.6316,3
p0001_00000001_f0035_1,00000001,f0035,1,153,bifurcation,1.0,3
p0001_00000001_f0035_1,00000001,f0035,1,156,short_branch_artifact,0.599,3
p0001_00000001_f0035_1,00000001,f0035,1,165,bifurcation,1.0,3
p0001_00000001_f0035_1,00000001,f0035,1,191,short_branch_artifact,0.5712,3
p0001_00000001_f0035_1,00000001,f0035,1,195,bifurcation,0.9893,3
p0001_00000001_f0035_1,00000001,f0035,1,205,short_branch_artifact,0.6355,3
p0001_00000001_f0035_1,00000001,f0035,1,209,short_branch_artifact,0.6425,3
p0001_00000001_f0035_1,00000001,f0035,1,221,bifurcation,0.9845,3
p0001_00000001_f0035_1,00000001,f0035,1,223,bifurcation,0.9386,3
p0001_00000001_f0035_1,00000001,f0035,1,224,bifurcation,0.9349,3
p0001_00000001_f0035_1,00000001,f0035,1,241,crossing_or_overlap,0.8065,4
p0001_00000001_f0035_1,00000001,f0035,1,256,short_branch_artifact,0.6354,3
p0001_00000001_f0035_1,00000001,f0035,1,259,short_branch_artifact,0.6301,3
p0001_00000001_f0035_1,00000001,f0035,1,263,short_branch_artifact,0.6415,3
p0001_00000001_f0035_1,00000001,f0035,1,278,short_branch_artifact,0.5923,3
p0001_00000001_f0035_1,00000001,f0035,1,300,short_branch_artifact,0.6149,3
p0001_00000001_f0035_1,00000001,f0035,1,301,short_branch_artifact,0.6221,3
p0001_00000001_f0037_1,00000001,f0037,1,3,short_branch_artifact,0.6465,3
p0001_00000001_f0037_1,00000001,f0037,1,5,short_branch_artifact,0.5927,3
p0001_00000001_f0037_1,00000001,f0037,1,7,short_branch_artifact,0.5913,3
p0001_00000001_f0037_1,00000001,f0037,1,8,short_branch_artifact,0.5797,3
p0001_00000001_f0037_1,00000001,f0037,1,12,crossing_or_overlap,0.86,4
p0001_00000001_f0037_1,00000001,f0037,1,13,crossing_or_overlap,0.6674,4
p0001_00000001_f0037_1,00000001,f0037,1,14,crossing_or_overlap,0.7332,4
p0001_00000001_f0037_1,00000001,f0037,1,18,short_branch_artifact,0.6377,3
p0001_00000001_f0037_1,00000001,f0037,1,19,short_branch_artifact,0.6033,3
p0001_00000001_f0037_1,00000001,f0037,1,22,short_branch_artifact,0.5611,3
p0001_00000001_f0037_1,00000001,f0037,1,23,short_branch_artifact,0.4512,3
p0001_00000001_f0037_1,00000001,f0037,1,26,short_branch_artifact,0.5058,3
p0001_00000001_f0037_1,00000001,f0037,1,27,short_branch_artifact,0.622,3
p0001_00000001_f0037_1,00000001,f0037,1,29,crossing_or_overlap,0.6742,4
p0001_00000001_f0037_1,00000001,f0037,1,30,short_branch_artifact,0.5371,3
p0001_00000001_f0037_1,00000001,f0037,1,32,short_branch_artifact,0.6237,3
p0001_00000001_f0037_1,00000001,f0037,1,34,short_branch_artifact,0.613,3
p0001_00000001_f0037_1,00000001,f0037,1,36,short_branch_artifact,0.6141,3
p0001_00000001_f0037_1,00000001,f0037,1,40,short_branch_artifact,0.5696,3
p0001_00000001_f0037_1,00000001,f0037,1,41,short_branch_artifact,0.6096,3
p0001_00000001_f0037_1,00000001,f0037,1,47,bifurcation,0.846,3
p0001_00000001_f0037_1,00000001,f0037,1,48,short_branch_artifact,0.5572,3
p0001_00000001_f0037_1,00000001,f0037,1,49,short_branch_artifact,0.5571,3
p0001_00000001_f0037_1,00000001,f0037,1,56,short_branch_artifact,0.6332,3
p0001_00000001_f0037_1,00000001,f0037,1,62,short_branch_artifact,0.6176,3
p0001_00000001_f0037_1,00000001,f0037,1,65,short_branch_artifact,0.4729,3
p0001_00000001_f0037_1,00000001,f0037,1,74,short_branch_artifact,0.6344,3
p0001_00000001_f0037_1,00000001,f0037,1,79,short_branch_artifact,0.6058,3
p0001_00000001_f0037_1,00000001,f0037,1,83,short_branch_artifact,0.5971,3
p0001_00000001_f0037_1,00000001,f0037,1,87,short_branch_artifact,0.5818,3
p0001_00000001_f0037_1,00000001,f0037,1,93,short_branch_artifact,0.5765,3
p0001_00000001_f0037_1,00000001,f0037,1,95,short_branch_artifact,0.6119,3
p0001_00000001_f0037_1,00000001,f0037,1,96,short_branch_artifact,0.6063,3
p0001_00000001_f0037_1,00000001,f0037,1,97,short_branch_artifact,0.6305,3
p0001_00000001_f0037_1,00000001,f0037,1,99,short_branch_artifact,0.581,3
p0001_00000001_f0037_1,00000001,f0037,1,101,bifurcation,0.9595,3
p0001_00000001_f0037_1,00000001,f0037,1,102,short_branch_artifact,0.6305,3
p0001_00000001_f0037_1,00000001,f0037,1,105,short_branch_artifact,0.6394,3
p0001_00000001_f0037_1,00000001,f0037,1,106,bifurcation,0.9204,3
p0001_00000001_f0037_1,00000001,f0037,1,114,short_branch_artifact,0.581,3
p0001_00000001_f0037_1,00000001,f0037,1,115,crossing_or_overlap,0.682,4
p0001_00000001_f0037_1,00000001,f0037,1,118,short_branch_artifact,0.6218,3
p0001_00000001_f0037_1,00000001,f0037,1,123,short_branch_artifact,0.6163,3
p0001_00000001_f0037_1,00000001,f0037,1,129,short_branch_artifact,0.6412,3
p0001_00000001_f0037_1,00000001,f0037,1,131,crossing_or_overlap,0.915,4
p0001_00000001_f0037_1,00000001,f0037,1,138,short_branch_artifact,0.5727,3
p0001_00000001_f0037_1,00000001,f0037,1,140,short_branch_artifact,0.6039,3
p0001_00000001_f0037_1,00000001,f0037,1,142,short_branch_artifact,0.594,3
p0001_00000001_f0037_1,00000001,f0037,1,144,short_branch_artifact,0.5875,3
p0001_00000001_f0037_1,00000001,f0037,1,145,short_branch_artifact,0.644,3
p0001_00000001_f0037_1,00000001,f0037,1,149,short_branch_artifact,0.5852,3
p0001_00000001_f0037_1,00000001,f0037,1,150,short_branch_artifact,0.6149,3
p0001_00000001_f0037_1,00000001,f0037,1,156,bifurcation,1.0,3
p0001_00000001_f0037_1,00000001,f0037,1,158,short_branch_artifact,0.6248,3
p0001_00000001_f0037_1,00000001,f0037,1,163,short_branch_artifact,0.6343,3
p0001_00000001_f0037_1,00000001,f0037,1,172,short_branch_artifact,0.6324,3
p0001_00000001_f0037_1,00000001,f0037,1,175,short_branch_artifact,0.6383,3
p0001_00000001_f0037_1,00000001,f0037,1,189,crossing_or_overlap,0.8769,4
p0001_00000001_f0037_1,00000001,f0037,1,208,short_branch_artifact,0.624,3
p0001_00000001_f0037_1,00000001,f0037,1,229,bifurcation,1.0,3
p0001_00000001_f0037_1,00000001,f0037,1,231,short_branch_artifact,0.621,3
p0001_00000001_f0037_1,00000001,f0037,1,244,short_branch_artifact,0.5831,3
p0001_00000001_f0037_1,00000001,f0037,1,265,short_branch_artifact,0.6102,3
p0001_00000001_f0037_1,00000001,f0037,1,266,short_branch_artifact,0.5778,3
p0001_00000001_f0041_1,00000001,f0041,1,3,bifurcation,0.9786,3
p0001_00000001_f0041_1,00000001,f0041,1,5,short_branch_artifact,0.5311,3
p0001_00000001_f0041_1,00000001,f0041,1,6,short_branch_artifact,0.5973,3
p0001_00000001_f0041_1,00000001,f0041,1,8,short_branch_artifact,0.6108,3
p0001_00000001_f0041_1,00000001,f0041,1,9,short_branch_artifact,0.5508,3
p0001_00000001_f0041_1,00000001,f0041,1,12,crossing_or_overlap,0.7082,4
p0001_00000001_f0041_1,00000001,f0041,1,13,short_branch_artifact,0.5388,3
p0001_00000001_f0041_1,00000001,f0041,1,17,short_branch_artifact,0.6271,3
p0001_00000001_f0041_1,00000001,f0041,1,21,bifurcation,0.868,3
p0001_00000001_f0041_1,00000001,f0041,1,23,short_branch_artifact,0.477,3
p0001_00000001_f0041_1,00000001,f0041,1,24,short_branch_artifact,0.5971,3
p0001_00000001_f0041_1,00000001,f0041,1,25,short_branch_artifact,0.6226,3
p0001_00000001_f0041_1,00000001,f0041,1,26,short_branch_artifact,0.5419,3
p0001_00000001_f0041_1,00000001,f0041,1,30,short_branch_artifact,0.5942,3
p0001_00000001_f0041_1,00000001,f0041,1,31,bifurcation,0.924,3
p0001_00000001_f0041_1,00000001,f0041,1,35,uncertain_high_order_branch,0.7768,4
p0001_00000001_f0041_1,00000001,f0041,1,42,bifurcation,0.9059,3
p0001_00000001_f0041_1,00000001,f0041,1,44,short_branch_artifact,0.6214,3
p0001_00000001_f0041_1,00000001,f0041,1,48,bifurcation,0.9566,3
p0001_00000001_f0041_1,00000001,f0041,1,53,short_branch_artifact,0.6329,3
p0001_00000001_f0041_1,00000001,f0041,1,63,short_branch_artifact,0.641,3
p0001_00000001_f0041_1,00000001,f0041,1,72,bifurcation,0.9655,3
p0001_00000001_f0041_1,00000001,f0041,1,74,short_branch_artifact,0.5495,3
p0001_00000001_f0041_1,00000001,f0041,1,75,uncertain_high_order_branch,0.6995,4
p0001_00000001_f0041_1,00000001,f0041,1,80,bifurcation,1.0,3
p0001_00000001_f0041_1,00000001,f0041,1,86,short_branch_artifact,0.6402,3
p0001_00000001_f0041_1,00000001,f0041,1,87,short_branch_artifact,0.6069,3
p0001_00000001_f0041_1,00000001,f0041,1,91,short_branch_artifact,0.5851,3
p0001_00000001_f0041_1,00000001,f0041,1,93,short_branch_artifact,0.6414,3
p0001_00000001_f0041_1,00000001,f0041,1,99,short_branch_artifact,0.6093,3
p0001_00000001_f0041_1,00000001,f0041,1,102,crossing_or_overlap,0.8804,4
p0001_00000001_f0041_1,00000001,f0041,1,103,short_branch_artifact,0.6156,3
p0001_00000001_f0041_1,00000001,f0041,1,107,short_branch_artifact,0.6075,3
p0001_00000001_f0041_1,00000001,f0041,1,109,short_branch_artifact,0.6461,3
p0001_00000001_f0041_1,00000001,f0041,1,113,short_branch_artifact,0.6057,3
p0001_00000001_f0041_1,00000001,f0041,1,114,short_branch_artifact,0.5954,3
p0001_00000001_f0041_1,00000001,f0041,1,115,short_branch_artifact,0.5989,3
p0001_00000001_f0041_1,00000001,f0041,1,116,short_branch_artifact,0.63,3
p0001_00000001_f0041_1,00000001,f0041,1,120,short_branch_artifact,0.5784,3
p0001_00000001_f0041_1,00000001,f0041,1,121,crossing_or_overlap,0.8961,4
p0001_00000001_f0041_1,00000001,f0041,1,125,short_branch_artifact,0.6306,3
p0001_00000001_f0041_1,00000001,f0041,1,133,short_branch_artifact,0.6408,3
p0001_00000001_f0041_1,00000001,f0041,1,137,short_branch_artifact,0.6331,3
p0001_00000001_f0041_1,00000001,f0041,1,138,short_branch_artifact,0.6226,3
p0001_00000001_f0041_1,00000001,f0041,1,144,short_branch_artifact,0.6454,3
p0001_00000001_f0041_1,00000001,f0041,1,145,bifurcation,1.0,3
p0001_00000001_f0041_1,00000001,f0041,1,146,short_branch_artifact,0.6296,3
p0001_00000001_f0041_1,00000001,f0041,1,148,short_branch_artifact,0.6382,3
p0001_00000001_f0041_1,00000001,f0041,1,149,short_branch_artifact,0.6408,3
p0001_00000001_f0041_1,00000001,f0041,1,150,short_branch_artifact,0.5819,3
p0001_00000001_f0041_1,00000001,f0041,1,155,short_branch_artifact,0.6354,3
p0001_00000001_f0041_1,00000001,f0041,1,164,short_branch_artifact,0.6269,3
p0001_00000001_f0041_1,00000001,f0041,1,166,short_branch_artifact,0.6405,3
p0001_00000001_f0041_1,00000001,f0041,1,167,short_branch_artifact,0.6091,3
p0001_00000001_f0041_1,00000001,f0041,1,170,short_branch_artifact,0.6255,3
p0001_00000001_f0041_1,00000001,f0041,1,176,short_branch_artifact,0.5492,3
p0001_00000001_f0041_1,00000001,f0041,1,200,short_branch_artifact,0.6094,3
p0001_00000001_f0041_1,00000001,f0041,1,203,short_branch_artifact,0.6235,3
p0001_00000001_f0041_1,00000001,f0041,1,206,short_branch_artifact,0.6328,3
p0001_00000001_f0041_1,00000001,f0041,1,207,short_branch_artifact,0.6197,3
p0001_00000001_f0041_1,00000001,f0041,1,208,bifurcation,0.9692,3
p0001_00000001_f0041_1,00000001,f0041,1,209,short_branch_artifact,0.624,3
p0001_00000001_f0041_1,00000001,f0041,1,211,short_branch_artifact,0.6459,3
p0001_00000001_f0041_1,00000001,f0041,1,212,short_branch_artifact,0.6159,3
p0001_00000001_f0041_1,00000001,f0041,1,239,short_branch_artifact,0.6385,3
p0001_00000001_f0041_1,00000001,f0041,1,242,short_branch_artifact,0.6341,3
p0001_00000001_f0041_1,00000001,f0041,1,262,short_branch_artifact,0.6471,3
p0001_00000001_f0041_1,00000001,f0041,1,276,bifurcation,0.9717,3
p0001_00000001_f0043_1,00000001,f0043,1,2,short_branch_artifact,0.5254,3
p0001_00000001_f0043_1,00000001,f0043,1,3,short_branch_artifact,0.5975,3
p0001_00000001_f0043_1,00000001,f0043,1,4,bifurcation,1.0,3
p0001_00000001_f0043_1,00000001,f0043,1,6,short_branch_artifact,0.5773,3
p0001_00000001_f0043_1,00000001,f0043,1,8,short_branch_artifact,0.576,3
p0001_00000001_f0043_1,00000001,f0043,1,9,short_branch_artifact,0.5529,3
p0001_00000001_f0043_1,00000001,f0043,1,12,short_branch_artifact,0.5381,3
p0001_00000001_f0043_1,00000001,f0043,1,14,short_branch_artifact,0.5837,3
p0001_00000001_f0043_1,00000001,f0043,1,17,short_branch_artifact,0.6187,3
p0001_00000001_f0043_1,00000001,f0043,1,19,short_branch_artifact,0.6252,3
p0001_00000001_f0043_1,00000001,f0043,1,21,short_branch_artifact,0.6021,3
p0001_00000001_f0043_1,00000001,f0043,1,22,short_branch_artifact,0.5288,3
p0001_00000001_f0043_1,00000001,f0043,1,23,short_branch_artifact,0.5934,3
p0001_00000001_f0043_1,00000001,f0043,1,25,short_branch_artifact,0.5246,3
p0001_00000001_f0043_1,00000001,f0043,1,29,bifurcation,0.8544,3
p0001_00000001_f0043_1,00000001,f0043,1,30,short_branch_artifact,0.5939,3
p0001_00000001_f0043_1,00000001,f0043,1,35,short_branch_artifact,0.6,3
p0001_00000001_f0043_1,00000001,f0043,1,37,short_branch_artifact,0.5767,3
p0001_00000001_f0043_1,00000001,f0043,1,40,short_branch_artifact,0.6299,3
p0001_00000001_f0043_1,00000001,f0043,1,44,short_branch_artifact,0.6143,3
p0001_00000001_f0043_1,00000001,f0043,1,47,short_branch_artifact,0.5666,3
p0001_00000001_f0043_1,00000001,f0043,1,49,short_branch_artifact,0.5742,3
p0001_00000001_f0043_1,00000001,f0043,1,53,short_branch_artifact,0.5845,3
p0001_00000001_f0043_1,00000001,f0043,1,54,bifurcation,0.9354,3
p0001_00000001_f0043_1,00000001,f0043,1,65,bifurcation,0.9657,3
p0001_00000001_f0043_1,00000001,f0043,1,66,short_branch_artifact,0.6095,3
p0001_00000001_f0043_1,00000001,f0043,1,70,short_branch_artifact,0.6458,3
p0001_00000001_f0043_1,00000001,f0043,1,80,short_branch_artifact,0.6014,3
p0001_00000001_f0043_1,00000001,f0043,1,82,short_branch_artifact,0.6214,3
p0001_00000001_f0043_1,00000001,f0043,1,84,short_branch_artifact,0.6056,3
p0001_00000001_f0043_1,00000001,f0043,1,89,short_branch_artifact,0.6071,3
p0001_00000001_f0043_1,00000001,f0043,1,91,short_branch_artifact,0.5623,3
p0001_00000001_f0043_1,00000001,f0043,1,93,short_branch_artifact,0.5886,3
p0001_00000001_f0043_1,00000001,f0043,1,95,short_branch_artifact,0.6004,3
p0001_00000001_f0043_1,00000001,f0043,1,96,short_branch_artifact,0.6,3
p0001_00000001_f0043_1,00000001,f0043,1,99,short_branch_artifact,0.5934,3
p0001_00000001_f0043_1,00000001,f0043,1,101,bifurcation,0.9518,3
p0001_00000001_f0043_1,00000001,f0043,1,105,bifurcation,1.0,3
p0001_00000001_f0043_1,00000001,f0043,1,109,short_branch_artifact,0.6021,3
p0001_00000001_f0043_1,00000001,f0043,1,110,short_branch_artifact,0.6005,3
p0001_00000001_f0043_1,00000001,f0043,1,111,crossing_or_overlap,0.8776,4
p0001_00000001_f0043_1,00000001,f0043,1,116,short_branch_artifact,0.5589,3
p0001_00000001_f0043_1,00000001,f0043,1,120,short_branch_artifact,0.646,3
p0001_00000001_f0043_1,00000001,f0043,1,126,short_branch_artifact,0.5916,3
p0001_00000001_f0043_1,00000001,f0043,1,128,short_branch_artifact,0.6134,3
p0001_00000001_f0043_1,00000001,f0043,1,135,short_branch_artifact,0.6191,3
p0001_00000001_f0043_1,00000001,f0043,1,136,short_branch_artifact,0.5627,3
p0001_00000001_f0043_1,00000001,f0043,1,138,short_branch_artifact,0.644,3
p0001_00000001_f0043_1,00000001,f0043,1,140,short_branch_artifact,0.5728,3
p0001_00000001_f0043_1,00000001,f0043,1,141,short_branch_artifact,0.6405,3
p0001_00000001_f0043_1,00000001,f0043,1,143,short_branch_artifact,0.6067,3
p0001_00000001_f0043_1,00000001,f0043,1,146,short_branch_artifact,0.6392,3
p0001_00000001_f0043_1,00000001,f0043,1,150,short_branch_artifact,0.634,3
p0001_00000001_f0043_1,00000001,f0043,1,161,bifurcation,1.0,3
p0001_00000001_f0043_1,00000001,f0043,1,166,bifurcation,0.9472,3
p0001_00000001_f0043_1,00000001,f0043,1,169,short_branch_artifact,0.6052,3
p0001_00000001_f0043_1,00000001,f0043,1,171,crossing_or_overlap,0.8329,4
p0001_00000001_f0043_1,00000001,f0043,1,173,short_branch_artifact,0.5485,3
p0001_00000001_f0043_1,00000001,f0043,1,175,bifurcation,0.928,3
p0001_00000001_f0043_1,00000001,f0043,1,202,bifurcation,0.9784,3
p0001_00000001_f0043_1,00000001,f0043,1,203,short_branch_artifact,0.6207,3
p0001_00000001_f0043_1,00000001,f0043,1,212,bifurcation,1.0,3
p0001_00000001_f0043_1,00000001,f0043,1,213,bifurcation,1.0,3
p0001_00000001_f0043_1,00000001,f0043,1,216,short_branch_artifact,0.6314,3
p0001_00000001_f0043_1,00000001,f0043,1,217,short_branch_artifact,0.6212,3
p0001_00000001_f0043_1,00000001,f0043,1,241,short_branch_artifact,0.6267,3
p0001_00000001_f0043_1,00000001,f0043,1,245,short_branch_artifact,0.6293,3
p0001_00000001_f0043_1,00000001,f0043,1,249,bifurcation,0.9852,3
p0001_00000001_f0043_1,00000001,f0043,1,265,short_branch_artifact,0.6193,3
p0001_00000001_f0043_1,00000001,f0043,1,273,short_branch_artifact,0.6299,3
p0001_00000001_f0043_1,00000001,f0043,1,280,short_branch_artifact,0.636,3
p0001_00000001_f0043_1,00000001,f0043,1,282,short_branch_artifact,0.5955,3
p0001_00000001_f0043_1,00000001,f0043,1,299,short_branch_artifact,0.6441,3
p0001_00000001_f0047_1,00000001,f0047,1,1,short_branch_artifact,0.6376,3
p0001_00000001_f0047_1,00000001,f0047,1,6,crossing_or_overlap,0.7703,4
p0001_00000001_f0047_1,00000001,f0047,1,7,short_branch_artifact,0.5972,3
p0001_00000001_f0047_1,00000001,f0047,1,8,short_branch_artifact,0.6112,3
p0001_00000001_f0047_1,00000001,f0047,1,10,short_branch_artifact,0.6252,3
p0001_00000001_f0047_1,00000001,f0047,1,14,short_branch_artifact,0.5823,3
p0001_00000001_f0047_1,00000001,f0047,1,17,short_branch_artifact,0.588,3
p0001_00000001_f0047_1,00000001,f0047,1,18,short_branch_artifact,0.4765,3
p0001_00000001_f0047_1,00000001,f0047,1,19,bifurcation,1.0,3
p0001_00000001_f0047_1,00000001,f0047,1,21,short_branch_artifact,0.6378,3
p0001_00000001_f0047_1,00000001,f0047,1,22,short_branch_artifact,0.6114,3
p0001_00000001_f0047_1,00000001,f0047,1,23,short_branch_artifact,0.5507,3
p0001_00000001_f0047_1,00000001,f0047,1,24,short_branch_artifact,0.5892,3
p0001_00000001_f0047_1,00000001,f0047,1,25,short_branch_artifact,0.5982,3
p0001_00000001_f0047_1,00000001,f0047,1,32,short_branch_artifact,0.6018,3
p0001_00000001_f0047_1,00000001,f0047,1,33,short_branch_artifact,0.585,3
p0001_00000001_f0047_1,00000001,f0047,1,34,short_branch_artifact,0.5827,3
p0001_00000001_f0047_1,00000001,f0047,1,38,uncertain_high_order_branch,0.5965,4
p0001_00000001_f0047_1,00000001,f0047,1,39,short_branch_artifact,0.6384,3
p0001_00000001_f0047_1,00000001,f0047,1,41,crossing_or_overlap,0.8003,4
p0001_00000001_f0047_1,00000001,f0047,1,48,short_branch_artifact,0.6197,3
p0001_00000001_f0047_1,00000001,f0047,1,49,short_branch_artifact,0.506,3
p0001_00000001_f0047_1,00000001,f0047,1,50,short_branch_artifact,0.6363,3
p0001_00000001_f0047_1,00000001,f0047,1,56,short_branch_artifact,0.45,3
p0001_00000001_f0047_1,00000001,f0047,1,57,short_branch_artifact,0.6242,3
p0001_00000001_f0047_1,00000001,f0047,1,58,short_branch_artifact,0.6346,3
p0001_00000001_f0047_1,00000001,f0047,1,65,short_branch_artifact,0.519,3
p0001_00000001_f0047_1,00000001,f0047,1,82,crossing_or_overlap,0.7825,4
p0001_00000001_f0047_1,00000001,f0047,1,84,short_branch_artifact,0.6448,3
p0001_00000001_f0047_1,00000001,f0047,1,85,short_branch_artifact,0.5648,3
p0001_00000001_f0047_1,00000001,f0047,1,94,short_branch_artifact,0.636,3
p0001_00000001_f0047_1,00000001,f0047,1,96,short_branch_artifact,0.6086,3
p0001_00000001_f0047_1,00000001,f0047,1,97,short_branch_artifact,0.565,3
p0001_00000001_f0047_1,00000001,f0047,1,102,short_branch_artifact,0.64,3
p0001_00000001_f0047_1,00000001,f0047,1,103,short_branch_artifact,0.6399,3
p0001_00000001_f0047_1,00000001,f0047,1,104,bifurcation,1.0,3
p0001_00000001_f0047_1,00000001,f0047,1,108,crossing_or_overlap,0.702,4
p0001_00000001_f0047_1,00000001,f0047,1,109,short_branch_artifact,0.6042,3
p0001_00000001_f0047_1,00000001,f0047,1,111,short_branch_artifact,0.6009,3
p0001_00000001_f0047_1,00000001,f0047,1,113,crossing_or_overlap,0.6828,4
p0001_00000001_f0047_1,00000001,f0047,1,114,short_branch_artifact,0.6163,3
p0001_00000001_f0047_1,00000001,f0047,1,119,short_branch_artifact,0.606,3
p0001_00000001_f0047_1,00000001,f0047,1,121,short_branch_artifact,0.5946,3
p0001_00000001_f0047_1,00000001,f0047,1,122,short_branch_artifact,0.5885,3
p0001_00000001_f0047_1,00000001,f0047,1,132,short_branch_artifact,0.6188,3
p0001_00000001_f0047_1,00000001,f0047,1,133,bifurcation,0.9705,3
p0001_00000001_f0047_1,00000001,f0047,1,142,crossing_or_overlap,0.8731,4
p0001_00000001_f0047_1,00000001,f0047,1,148,crossing_or_overlap,0.7404,4
p0001_00000001_f0047_1,00000001,f0047,1,150,short_branch_artifact,0.5852,3
p0001_00000001_f0047_1,00000001,f0047,1,153,bifurcation,0.9313,3
p0001_00000001_f0047_1,00000001,f0047,1,154,short_branch_artifact,0.6215,3
p0001_00000001_f0047_1,00000001,f0047,1,160,crossing_or_overlap,0.7847,4
p0001_00000001_f0047_1,00000001,f0047,1,164,bifurcation,0.969,3
p0001_00000001_f0047_1,00000001,f0047,1,167,short_branch_artifact,0.6206,3
p0001_00000001_f0047_1,00000001,f0047,1,168,bifurcation,0.9109,3
p0001_00000001_f0047_1,00000001,f0047,1,169,crossing_or_overlap,0.7407,4
p0001_00000001_f0047_1,00000001,f0047,1,170,short_branch_artifact,0.6031,3
p0001_00000001_f0047_1,00000001,f0047,1,173,short_branch_artifact,0.6333,3
p0001_00000001_f0047_1,00000001,f0047,1,179,short_branch_artifact,0.6448,3
p0001_00000001_f0047_1,00000001,f0047,1,186,short_branch_artifact,0.6273,3
p0001_00000001_f0047_1,00000001,f0047,1,191,short_branch_artifact,0.6095,3
p0001_00000001_f0047_1,00000001,f0047,1,220,bifurcation,0.9754,3
p0001_00000001_f0047_1,00000001,f0047,1,233,short_branch_artifact,0.6036,3
p0001_00000001_f0047_1,00000001,f0047,1,234,short_branch_artifact,0.5781,3
p0001_00000001_f0047_1,00000001,f0047,1,252,short_branch_artifact,0.6313,3
p0001_00000001_f0047_1,00000001,f0047,1,254,short_branch_artifact,0.5973,3
p0001_00000001_f0047_1,00000001,f0047,1,260,short_branch_artifact,0.5925,3
p0001_00000001_f0047_1,00000001,f0047,1,263,short_branch_artifact,0.6387,3
p0001_00000001_f0047_1,00000001,f0047,1,264,short_branch_artifact,0.6189,3
p0001_00000001_f0047_1,00000001,f0047,1,266,short_branch_artifact,0.605,3
p0001_00000001_f0047_1,00000001,f0047,1,270,bifurcation,0.997,3
p0001_00000001_f0047_1,00000001,f0047,1,272,short_branch_artifact,0.6162,3
p0001_00000001_f0047_1,00000001,f0047,1,273,bifurcation,0.9446,3
p0001_00000001_f0047_1,00000001,f0047,1,311,short_branch_artifact,0.6018,3
p0001_00000001_f0047_1,00000001,f0047,1,315,short_branch_artifact,0.6008,3
p0001_00000001_f0047_1,00000001,f0047,1,324,short_branch_artifact,0.6216,3
p0001_00000001_f0047_1,00000001,f0047,1,325,short_branch_artifact,0.5886,3
p0001_00000001_f0047_1,00000001,f0047,1,332,short_branch_artifact,0.6214,3
p0001_00000001_f0047_1,00000001,f0047,1,342,bifurcation,0.9307,3
p0001_00000001_f0047_1,00000001,f0047,1,353,short_branch_artifact,0.6207,3
p0001_00000002_f0019_1,00000002,f0019,1,5,short_branch_artifact,0.6473,3
p0001_00000002_f0019_1,00000002,f0019,1,11,bifurcation,0.899,3
p0001_00000002_f0019_1,00000002,f0019,1,13,short_branch_artifact,0.6174,3
p0001_00000002_f0019_1,00000002,f0019,1,15,short_branch_artifact,0.5638,3
p0001_00000002_f0019_1,00000002,f0019,1,19,short_branch_artifact,0.6387,3
p0001_00000002_f0019_1,00000002,f0019,1,20,short_branch_artifact,0.5857,3
p0001_00000002_f0019_1,00000002,f0019,1,26,short_branch_artifact,0.628,3
p0001_00000002_f0019_1,00000002,f0019,1,30,short_branch_artifact,0.6144,3
p0001_00000002_f0019_1,00000002,f0019,1,31,short_branch_artifact,0.5895,3
p0001_00000002_f0019_1,00000002,f0019,1,32,short_branch_artifact,0.5877,3
p0001_00000002_f0019_1,00000002,f0019,1,36,short_branch_artifact,0.5944,3
p0001_00000002_f0024_1,00000002,f0024,1,0,short_branch_artifact,0.5829,3
p0001_00000002_f0024_1,00000002,f0024,1,8,short_branch_artifact,0.5234,3
p0001_00000002_f0024_1,00000002,f0024,1,9,short_branch_artifact,0.4732,3
p0001_00000002_f0024_1,00000002,f0024,1,14,short_branch_artifact,0.565,3
p0001_00000002_f0024_1,00000002,f0024,1,16,short_branch_artifact,0.6051,3
p0001_00000002_f0024_1,00000002,f0024,1,18,crossing_or_overlap,0.8094,4
p0001_00000002_f0024_1,00000002,f0024,1,19,bifurcation,1.0,3
p0001_00000002_f0024_1,00000002,f0024,1,20,short_branch_artifact,0.6349,3
p0001_00000002_f0024_1,00000002,f0024,1,21,short_branch_artifact,0.6302,3
p0001_00000002_f0024_1,00000002,f0024,1,22,short_branch_artifact,0.632,3
p0001_00000002_f0024_1,00000002,f0024,1,24,short_branch_artifact,0.6053,3
p0001_00000002_f0024_1,00000002,f0024,1,25,short_branch_artifact,0.5498,3
p0001_00000002_f0024_1,00000002,f0024,1,28,short_branch_artifact,0.6436,3
p0001_00000002_f0024_1,00000002,f0024,1,33,short_branch_artifact,0.5691,3
p0001_00000002_f0024_1,00000002,f0024,1,34,short_branch_artifact,0.542,3
p0001_00000002_f0024_1,00000002,f0024,1,35,short_branch_artifact,0.6349,3
p0001_00000002_f0024_1,00000002,f0024,1,39,short_branch_artifact,0.5511,3
p0001_00000002_f0024_1,00000002,f0024,1,40,short_branch_artifact,0.5946,3
p0001_00000002_f0024_1,00000002,f0024,1,43,short_branch_artifact,0.5379,3
p0001_00000002_f0024_1,00000002,f0024,1,56,bifurcation,0.9187,3
p0001_00000002_f0024_1,00000002,f0024,1,58,short_branch_artifact,0.6028,3
p0001_00000002_f0024_1,00000002,f0024,1,62,short_branch_artifact,0.5934,3
p0001_00000002_f0024_1,00000002,f0024,1,70,short_branch_artifact,0.554,3
p0001_00000002_f0024_1,00000002,f0024,1,73,short_branch_artifact,0.5917,3
p0001_00000002_f0024_1,00000002,f0024,1,75,short_branch_artifact,0.621,3
p0001_00000002_f0024_1,00000002,f0024,1,76,bifurcation,1.0,3
p0001_00000002_f0024_1,00000002,f0024,1,85,short_branch_artifact,0.6285,3
p0001_00000002_f0024_1,00000002,f0024,1,86,short_branch_artifact,0.6182,3
p0001_00000002_f0024_1,00000002,f0024,1,91,short_branch_artifact,0.6379,3
p0001_00000002_f0024_1,00000002,f0024,1,94,bifurcation,0.9819,3
p0001_00000002_f0024_1,00000002,f0024,1,99,short_branch_artifact,0.6355,3
p0001_00000002_f0024_1,00000002,f0024,1,123,short_branch_artifact,0.6441,3
p0001_00000002_f0024_1,00000002,f0024,1,126,short_branch_artifact,0.6326,3
p0001_00000002_f0024_1,00000002,f0024,1,138,short_branch_artifact,0.635,3
p0001_00000002_f0024_1,00000002,f0024,1,141,short_branch_artifact,0.6175,3
p0001_00000002_f0024_1,00000002,f0024,1,146,short_branch_artifact,0.6092,3
p0001_00000002_f0026_1,00000002,f0026,1,3,bifurcation,0.8724,3
p0001_00000002_f0026_1,00000002,f0026,1,9,short_branch_artifact,0.5137,3
p0001_00000002_f0026_1,00000002,f0026,1,12,short_branch_artifact,0.5548,3
p0001_00000002_f0026_1,00000002,f0026,1,14,short_branch_artifact,0.5432,3
p0001_00000002_f0026_1,00000002,f0026,1,17,crossing_or_overlap,0.7664,4
p0001_00000002_f0026_1,00000002,f0026,1,18,short_branch_artifact,0.6426,3
p0001_00000002_f0026_1,00000002,f0026,1,22,short_branch_artifact,0.5961,3
p0001_00000002_f0026_1,00000002,f0026,1,24,short_branch_artifact,0.5742,3
p0001_00000002_f0026_1,00000002,f0026,1,26,short_branch_artifact,0.621,3
p0001_00000002_f0026_1,00000002,f0026,1,27,short_branch_artifact,0.614,3
p0001_00000002_f0026_1,00000002,f0026,1,28,short_branch_artifact,0.6428,3
p0001_00000002_f0026_1,00000002,f0026,1,33,short_branch_artifact,0.6434,3
p0001_00000002_f0026_1,00000002,f0026,1,34,short_branch_artifact,0.6253,3
p0001_00000002_f0026_1,00000002,f0026,1,35,short_branch_artifact,0.6355,3
p0001_00000002_f0026_1,00000002,f0026,1,40,short_branch_artifact,0.6006,3
p0001_00000002_f0026_1,00000002,f0026,1,42,short_branch_artifact,0.5451,3
p0001_00000002_f0026_1,00000002,f0026,1,45,crossing_or_overlap,0.6554,4
p0001_00000002_f0026_1,00000002,f0026,1,48,bifurcation,0.9655,3
p0001_00000002_f0026_1,00000002,f0026,1,50,short_branch_artifact,0.5935,3
p0001_00000002_f0026_1,00000002,f0026,1,53,uncertain_high_order_branch,0.6008,4
p0001_00000002_f0026_1,00000002,f0026,1,56,short_branch_artifact,0.5208,3
p0001_00000002_f0026_1,00000002,f0026,1,68,short_branch_artifact,0.556,3
p0001_00000002_f0026_1,00000002,f0026,1,69,short_branch_artifact,0.6189,3
p0001_00000002_f0026_1,00000002,f0026,1,70,bifurcation,0.8392,3
p0001_00000002_f0026_1,00000002,f0026,1,73,short_branch_artifact,0.5851,3
p0001_00000002_f0026_1,00000002,f0026,1,76,crossing_or_overlap,0.9069,4
p0001_00000002_f0026_1,00000002,f0026,1,90,short_branch_artifact,0.6028,3
p0001_00000002_f0026_1,00000002,f0026,1,99,short_branch_artifact,0.6145,3
p0001_00000002_f0026_1,00000002,f0026,1,106,bifurcation,0.9462,3
p0001_00000002_f0026_1,00000002,f0026,1,110,short_branch_artifact,0.6198,3
p0001_00000002_f0026_1,00000002,f0026,1,116,short_branch_artifact,0.6141,3
p0001_00000002_f0026_1,00000002,f0026,1,120,short_branch_artifact,0.6393,3
p0001_00000002_f0026_1,00000002,f0026,1,121,short_branch_artifact,0.6202,3
p0001_00000002_f0026_1,00000002,f0026,1,127,short_branch_artifact,0.6345,3
p0001_00000002_f0026_1,00000002,f0026,1,128,bifurcation,1.0,3
p0001_00000002_f0026_1,00000002,f0026,1,136,bifurcation,1.0,3
p0001_00000002_f0026_1,00000002,f0026,1,139,short_branch_artifact,0.6371,3
p0001_00000002_f0026_1,00000002,f0026,1,141,short_branch_artifact,0.6391,3
p0001_00000002_f0026_1,00000002,f0026,1,146,bifurcation,1.0,3
p0001_00000002_f0026_1,00000002,f0026,1,154,short_branch_artifact,0.6232,3
p0001_00000002_f0026_1,00000002,f0026,1,158,short_branch_artifact,0.6468,3
p0001_00000002_f0026_1,00000002,f0026,1,164,short_branch_artifact,0.6222,3
p0001_00000002_f0026_1,00000002,f0026,1,168,bifurcation,1.0,3
p0001_00000002_f0026_1,00000002,f0026,1,171,short_branch_artifact,0.6283,3
p0001_00000002_f0026_1,00000002,f0026,1,178,bifurcation,1.0,3
p0001_00000002_f0026_1,00000002,f0026,1,180,short_branch_artifact,0.6066,3
p0001_00000002_f0035_1,00000002,f0035,1,0,uncertain_high_order_branch,0.6368,4
p0001_00000002_f0035_1,00000002,f0035,1,9,short_branch_artifact,0.5753,3
p0001_00000002_f0035_1,00000002,f0035,1,11,short_branch_artifact,0.5826,3
p0001_00000002_f0035_1,00000002,f0035,1,13,short_branch_artifact,0.6068,3
p0001_00000002_f0035_1,00000002,f0035,1,14,crossing_or_overlap,0.6625,4
p0001_00000002_f0035_1,00000002,f0035,1,15,short_branch_artifact,0.5926,3
p0001_00000002_f0035_1,00000002,f0035,1,16,short_branch_artifact,0.6252,3
p0001_00000002_f0035_1,00000002,f0035,1,18,short_branch_artifact,0.6162,3
p0001_00000002_f0035_1,00000002,f0035,1,22,uncertain_complex_junction,0.6582,5
p0001_00000002_f0035_1,00000002,f0035,1,23,short_branch_artifact,0.6265,3
p0001_00000002_f0035_1,00000002,f0035,1,25,short_branch_artifact,0.5679,3
p0001_00000002_f0035_1,00000002,f0035,1,27,short_branch_artifact,0.6001,3
p0001_00000002_f0035_1,00000002,f0035,1,28,short_branch_artifact,0.5134,3
p0001_00000002_f0035_1,00000002,f0035,1,30,short_branch_artifact,0.5746,3
p0001_00000002_f0035_1,00000002,f0035,1,31,short_branch_artifact,0.6191,3
p0001_00000002_f0035_1,00000002,f0035,1,35,short_branch_artifact,0.5353,3
p0001_00000002_f0035_1,00000002,f0035,1,42,short_branch_artifact,0.5686,3
p0001_00000002_f0035_1,00000002,f0035,1,43,short_branch_artifact,0.6027,3
p0001_00000002_f0035_1,00000002,f0035,1,45,bifurcation,0.9226,3
p0001_00000002_f0035_1,00000002,f0035,1,50,short_branch_artifact,0.5793,3
p0001_00000002_f0035_1,00000002,f0035,1,53,short_branch_artifact,0.6168,3
p0001_00000002_f0035_1,00000002,f0035,1,58,short_branch_artifact,0.568,3
p0001_00000002_f0035_1,00000002,f0035,1,61,short_branch_artifact,0.5671,3
p0001_00000002_f0035_1,00000002,f0035,1,63,short_branch_artifact,0.6068,3
p0001_00000002_f0035_1,00000002,f0035,1,66,short_branch_artifact,0.5914,3
p0001_00000002_f0035_1,00000002,f0035,1,77,short_branch_artifact,0.5516,3
p0001_00000002_f0035_1,00000002,f0035,1,84,bifurcation,0.9861,3
p0001_00000002_f0035_1,00000002,f0035,1,86,short_branch_artifact,0.6001,3
p0001_00000002_f0035_1,00000002,f0035,1,90,short_branch_artifact,0.5589,3
p0001_00000002_f0035_1,00000002,f0035,1,92,short_branch_artifact,0.6049,3
p0001_00000002_f0035_1,00000002,f0035,1,95,short_branch_artifact,0.5814,3
p0001_00000002_f0035_1,00000002,f0035,1,97,short_branch_artifact,0.5997,3
p0001_00000002_f0035_1,00000002,f0035,1,101,crossing_or_overlap,0.9032,4
p0001_00000002_f0035_1,00000002,f0035,1,105,bifurcation,0.9237,3
p0001_00000002_f0035_1,00000002,f0035,1,106,short_branch_artifact,0.5997,3
p0001_00000002_f0035_1,00000002,f0035,1,107,crossing_or_overlap,0.7829,4
p0001_00000002_f0035_1,00000002,f0035,1,108,bifurcation,0.9739,3
p0001_00000002_f0035_1,00000002,f0035,1,112,short_branch_artifact,0.5833,3
p0001_00000002_f0035_1,00000002,f0035,1,124,bifurcation,1.0,3
p0001_00000002_f0035_1,00000002,f0035,1,131,short_branch_artifact,0.5992,3
p0001_00000002_f0035_1,00000002,f0035,1,132,bifurcation,0.9595,3
p0001_00000002_f0035_1,00000002,f0035,1,134,short_branch_artifact,0.5823,3
p0001_00000002_f0035_1,00000002,f0035,1,140,short_branch_artifact,0.6163,3
p0001_00000002_f0035_1,00000002,f0035,1,141,short_branch_artifact,0.6184,3
p0001_00000002_f0035_1,00000002,f0035,1,154,short_branch_artifact,0.5682,3
p0001_00000002_f0035_1,00000002,f0035,1,156,short_branch_artifact,0.5909,3
p0001_00000002_f0035_1,00000002,f0035,1,160,short_branch_artifact,0.5905,3
p0001_00000002_f0035_1,00000002,f0035,1,167,short_branch_artifact,0.6095,3
p0001_00000002_f0035_1,00000002,f0035,1,169,short_branch_artifact,0.6042,3
p0001_00000002_f0035_1,00000002,f0035,1,172,short_branch_artifact,0.5854,3
p0001_00000002_f0035_1,00000002,f0035,1,176,short_branch_artifact,0.6228,3
p0001_00000002_f0035_1,00000002,f0035,1,185,short_branch_artifact,0.597,3
p0001_00000002_f0035_1,00000002,f0035,1,187,short_branch_artifact,0.6269,3
p0001_00000002_f0035_1,00000002,f0035,1,189,short_branch_artifact,0.6143,3
p0001_00000002_f0035_1,00000002,f0035,1,192,bifurcation,1.0,3
p0001_00000002_f0035_1,00000002,f0035,1,196,short_branch_artifact,0.5875,3
p0001_00000002_f0035_1,00000002,f0035,1,205,short_branch_artifact,0.6261,3
p0001_00000002_f0035_1,00000002,f0035,1,212,short_branch_artifact,0.6261,3
p0001_00000002_f0035_1,00000002,f0035,1,214,short_branch_artifact,0.6047,3
p0001_00000002_f0035_1,00000002,f0035,1,216,short_branch_artifact,0.6019,3
p0001_00000002_f0035_1,00000002,f0035,1,219,bifurcation,1.0,3
p0001_00000002_f0035_1,00000002,f0035,1,221,short_branch_artifact,0.6122,3
p0001_00000002_f0035_1,00000002,f0035,1,226,short_branch_artifact,0.6135,3
p0001_00000002_f0037_1,00000002,f0037,1,5,short_branch_artifact,0.619,3
p0001_00000002_f0037_1,00000002,f0037,1,8,short_branch_artifact,0.5395,3
p0001_00000002_f0037_1,00000002,f0037,1,13,uncertain_complex_junction,0.6264,5
p0001_00000002_f0037_1,00000002,f0037,1,16,short_branch_artifact,0.5947,3
p0001_00000002_f0037_1,00000002,f0037,1,18,short_branch_artifact,0.6132,3
p0001_00000002_f0037_1,00000002,f0037,1,20,short_branch_artifact,0.6348,3
p0001_00000002_f0037_1,00000002,f0037,1,24,short_branch_artifact,0.598,3
p0001_00000002_f0037_1,00000002,f0037,1,26,short_branch_artifact,0.5822,3
p0001_00000002_f0037_1,00000002,f0037,1,27,short_branch_artifact,0.6245,3
p0001_00000002_f0037_1,00000002,f0037,1,28,bifurcation,0.9449,3
p0001_00000002_f0037_1,00000002,f0037,1,29,short_branch_artifact,0.6137,3
p0001_00000002_f0037_1,00000002,f0037,1,33,short_branch_artifact,0.6154,3
p0001_00000002_f0037_1,00000002,f0037,1,35,short_branch_artifact,0.5398,3
p0001_00000002_f0037_1,00000002,f0037,1,38,short_branch_artifact,0.6071,3
p0001_00000002_f0037_1,00000002,f0037,1,39,short_branch_artifact,0.629,3
p0001_00000002_f0037_1,00000002,f0037,1,40,short_branch_artifact,0.5731,3
p0001_00000002_f0037_1,00000002,f0037,1,41,short_branch_artifact,0.5513,3
p0001_00000002_f0037_1,00000002,f0037,1,42,short_branch_artifact,0.617,3
p0001_00000002_f0037_1,00000002,f0037,1,46,short_branch_artifact,0.6042,3
p0001_00000002_f0037_1,00000002,f0037,1,48,crossing_or_overlap,0.6509,4
p0001_00000002_f0037_1,00000002,f0037,1,51,short_branch_artifact,0.6098,3
p0001_00000002_f0037_1,00000002,f0037,1,52,short_branch_artifact,0.6176,3
p0001_00000002_f0037_1,00000002,f0037,1,53,short_branch_artifact,0.5396,3
p0001_00000002_f0037_1,00000002,f0037,1,55,short_branch_artifact,0.5815,3
p0001_00000002_f0037_1,00000002,f0037,1,56,short_branch_artifact,0.601,3
p0001_00000002_f0037_1,00000002,f0037,1,62,short_branch_artifact,0.6199,3
p0001_00000002_f0037_1,00000002,f0037,1,73,short_branch_artifact,0.6058,3
p0001_00000002_f0037_1,00000002,f0037,1,74,short_branch_artifact,0.6208,3
p0001_00000002_f0037_1,00000002,f0037,1,76,short_branch_artifact,0.5955,3
p0001_00000002_f0037_1,00000002,f0037,1,77,short_branch_artifact,0.54,3
p0001_00000002_f0037_1,00000002,f0037,1,81,bifurcation,0.959,3
p0001_00000002_f0037_1,00000002,f0037,1,82,short_branch_artifact,0.5885,3
p0001_00000002_f0037_1,00000002,f0037,1,84,bifurcation,0.8856,3
p0001_00000002_f0037_1,00000002,f0037,1,90,short_branch_artifact,0.5983,3
p0001_00000002_f0037_1,00000002,f0037,1,91,short_branch_artifact,0.644,3
p0001_00000002_f0037_1,00000002,f0037,1,94,bifurcation,0.9956,3
p0001_00000002_f0037_1,00000002,f0037,1,95,bifurcation,0.851,3
p0001_00000002_f0037_1,00000002,f0037,1,101,bifurcation,0.8849,3
p0001_00000002_f0037_1,00000002,f0037,1,102,short_branch_artifact,0.6359,3
p0001_00000002_f0037_1,00000002,f0037,1,105,short_branch_artifact,0.5998,3
p0001_00000002_f0037_1,00000002,f0037,1,111,short_branch_artifact,0.6203,3
p0001_00000002_f0037_1,00000002,f0037,1,115,crossing_or_overlap,0.9161,4
p0001_00000002_f0037_1,00000002,f0037,1,119,short_branch_artifact,0.5544,3
p0001_00000002_f0037_1,00000002,f0037,1,120,crossing_or_overlap,0.8068,4
p0001_00000002_f0037_1,00000002,f0037,1,127,short_branch_artifact,0.5466,3
p0001_00000002_f0037_1,00000002,f0037,1,132,short_branch_artifact,0.6386,3
p0001_00000002_f0037_1,00000002,f0037,1,135,crossing_or_overlap,0.707,4
p0001_00000002_f0037_1,00000002,f0037,1,140,short_branch_artifact,0.6401,3
p0001_00000002_f0037_1,00000002,f0037,1,141,short_branch_artifact,0.6346,3
p0001_00000002_f0037_1,00000002,f0037,1,147,short_branch_artifact,0.567,3
p0001_00000002_f0037_1,00000002,f0037,1,149,crossing_or_overlap,0.8562,4
p0001_00000002_f0037_1,00000002,f0037,1,155,short_branch_artifact,0.5915,3
p0001_00000002_f0037_1,00000002,f0037,1,157,short_branch_artifact,0.6314,3
p0001_00000002_f0037_1,00000002,f0037,1,161,short_branch_artifact,0.6214,3
p0001_00000002_f0037_1,00000002,f0037,1,169,short_branch_artifact,0.6176,3
p0001_00000002_f0037_1,00000002,f0037,1,170,short_branch_artifact,0.5723,3
p0001_00000002_f0037_1,00000002,f0037,1,176,short_branch_artifact,0.5944,3
p0001_00000002_f0037_1,00000002,f0037,1,178,short_branch_artifact,0.6335,3
p0001_00000002_f0037_1,00000002,f0037,1,183,short_branch_artifact,0.6296,3
p0001_00000002_f0037_1,00000002,f0037,1,187,short_branch_artifact,0.6394,3
p0001_00000002_f0037_1,00000002,f0037,1,188,short_branch_artifact,0.6233,3
p0001_00000002_f0037_1,00000002,f0037,1,190,short_branch_artifact,0.6354,3
p0001_00000002_f0037_1,00000002,f0037,1,193,crossing_or_overlap,0.8216,4
p0001_00000002_f0037_1,00000002,f0037,1,202,short_branch_artifact,0.6293,3
p0001_00000002_f0037_1,00000002,f0037,1,206,short_branch_artifact,0.6241,3
p0001_00000002_f0037_1,00000002,f0037,1,212,short_branch_artifact,0.6388,3
p0001_00000002_f0037_1,00000002,f0037,1,215,short_branch_artifact,0.6247,3
p0001_00000002_f0037_1,00000002,f0037,1,218,bifurcation,1.0,3
p0001_00000002_f0037_1,00000002,f0037,1,223,short_branch_artifact,0.6273,3
p0001_00000002_f0037_1,00000002,f0037,1,229,short_branch_artifact,0.57,3
p0001_00000002_f0037_1,00000002,f0037,1,238,short_branch_artifact,0.5963,3
p0001_00000002_f0037_1,00000002,f0037,1,239,short_branch_artifact,0.6304,3
p0001_00000002_f0037_1,00000002,f0037,1,241,short_branch_artifact,0.6106,3
p0001_00000002_f0037_1,00000002,f0037,1,242,short_branch_artifact,0.6152,3
p0001_00000002_f0037_1,00000002,f0037,1,243,short_branch_artifact,0.5932,3
p0001_00000002_f0037_1,00000002,f0037,1,247,short_branch_artifact,0.6326,3
p0001_00000002_f0037_1,00000002,f0037,1,248,short_branch_artifact,0.6263,3
p0001_00000002_f0037_1,00000002,f0037,1,249,short_branch_artifact,0.6313,3
p0001_00000002_f0037_1,00000002,f0037,1,254,short_branch_artifact,0.6269,3
p0001_00000002_f0037_1,00000002,f0037,1,259,short_branch_artifact,0.6173,3
p0001_00000002_f0037_1,00000002,f0037,1,261,short_branch_artifact,0.6305,3
p0001_00000002_f0037_1,00000002,f0037,1,267,bifurcation,1.0,3
p0001_00000002_f0037_1,00000002,f0037,1,272,short_branch_artifact,0.5974,3
p0001_00000002_f0037_1,00000002,f0037,1,277,short_branch_artifact,0.6396,3
p0001_00000002_f0037_1,00000002,f0037,1,291,short_branch_artifact,0.631,3
p0001_00000002_f0037_1,00000002,f0037,1,297,short_branch_artifact,0.6022,3
p0001_00000002_f0039_1,00000002,f0039,1,0,short_branch_artifact,0.6263,3
p0001_00000002_f0039_1,00000002,f0039,1,2,short_branch_artifact,0.45,3
p0001_00000002_f0039_1,00000002,f0039,1,9,uncertain_high_order_branch,0.6432,4
p0001_00000002_f0039_1,00000002,f0039,1,13,short_branch_artifact,0.5933,3
p0001_00000002_f0039_1,00000002,f0039,1,18,crossing_or_overlap,0.6473,4
p0001_00000002_f0039_1,00000002,f0039,1,19,short_branch_artifact,0.6045,3
p0001_00000002_f0039_1,00000002,f0039,1,20,crossing_or_overlap,0.9,4
p0001_00000002_f0039_1,00000002,f0039,1,22,short_branch_artifact,0.6466,3
p0001_00000002_f0039_1,00000002,f0039,1,27,short_branch_artifact,0.624,3
p0001_00000002_f0039_1,00000002,f0039,1,30,crossing_or_overlap,0.7284,4
p0001_00000002_f0039_1,00000002,f0039,1,31,short_branch_artifact,0.6338,3
p0001_00000002_f0039_1,00000002,f0039,1,32,uncertain_complex_junction,0.6944,8
p0001_00000002_f0039_1,00000002,f0039,1,34,short_branch_artifact,0.5883,3
p0001_00000002_f0039_1,00000002,f0039,1,40,short_branch_artifact,0.5794,3
p0001_00000002_f0039_1,00000002,f0039,1,47,short_branch_artifact,0.5955,3
p0001_00000002_f0039_1,00000002,f0039,1,48,short_branch_artifact,0.6096,3
p0001_00000002_f0039_1,00000002,f0039,1,49,short_branch_artifact,0.5287,3
p0001_00000002_f0039_1,00000002,f0039,1,52,short_branch_artifact,0.5607,3
p0001_00000002_f0039_1,00000002,f0039,1,54,short_branch_artifact,0.5813,3
p0001_00000002_f0039_1,00000002,f0039,1,55,short_branch_artifact,0.5882,3
p0001_00000002_f0039_1,00000002,f0039,1,56,short_branch_artifact,0.6295,3
p0001_00000002_f0039_1,00000002,f0039,1,57,short_branch_artifact,0.5399,3
p0001_00000002_f0039_1,00000002,f0039,1,64,short_branch_artifact,0.54,3
p0001_00000002_f0039_1,00000002,f0039,1,72,short_branch_artifact,0.5484,3
p0001_00000002_f0039_1,00000002,f0039,1,87,bifurcation,0.9661,3
p0001_00000002_f0039_1,00000002,f0039,1,88,short_branch_artifact,0.6132,3
p0001_00000002_f0039_1,00000002,f0039,1,94,crossing_or_overlap,0.7445,4
p0001_00000002_f0039_1,00000002,f0039,1,100,bifurcation,1.0,3
p0001_00000002_f0039_1,00000002,f0039,1,101,bifurcation,0.9494,3
p0001_00000002_f0039_1,00000002,f0039,1,102,short_branch_artifact,0.6151,3
p0001_00000002_f0039_1,00000002,f0039,1,103,short_branch_artifact,0.6034,3
p0001_00000002_f0039_1,00000002,f0039,1,108,short_branch_artifact,0.5437,3
p0001_00000002_f0039_1,00000002,f0039,1,114,short_branch_artifact,0.6094,3
p0001_00000002_f0039_1,00000002,f0039,1,117,short_branch_artifact,0.5978,3
p0001_00000002_f0039_1,00000002,f0039,1,121,short_branch_artifact,0.6061,3
p0001_00000002_f0039_1,00000002,f0039,1,126,crossing_or_overlap,0.8421,4
p0001_00000002_f0039_1,00000002,f0039,1,128,short_branch_artifact,0.6261,3
p0001_00000002_f0039_1,00000002,f0039,1,129,short_branch_artifact,0.631,3
p0001_00000002_f0039_1,00000002,f0039,1,132,short_branch_artifact,0.6195,3
p0001_00000002_f0039_1,00000002,f0039,1,136,short_branch_artifact,0.5726,3
p0001_00000002_f0039_1,00000002,f0039,1,137,short_branch_artifact,0.596,3
p0001_00000002_f0039_1,00000002,f0039,1,140,short_branch_artifact,0.5998,3
p0001_00000002_f0039_1,00000002,f0039,1,148,short_branch_artifact,0.6178,3
p0001_00000002_f0039_1,00000002,f0039,1,154,short_branch_artifact,0.6179,3
p0001_00000002_f0039_1,00000002,f0039,1,156,bifurcation,0.9725,3
p0001_00000002_f0039_1,00000002,f0039,1,158,short_branch_artifact,0.609,3
p0001_00000002_f0039_1,00000002,f0039,1,160,crossing_or_overlap,0.7753,4
p0001_00000002_f0039_1,00000002,f0039,1,162,short_branch_artifact,0.5742,3
p0001_00000002_f0039_1,00000002,f0039,1,167,bifurcation,1.0,3
p0001_00000002_f0039_1,00000002,f0039,1,170,short_branch_artifact,0.6283,3
p0001_00000002_f0039_1,00000002,f0039,1,171,short_branch_artifact,0.6348,3
p0001_00000002_f0039_1,00000002,f0039,1,179,short_branch_artifact,0.6073,3
p0001_00000002_f0039_1,00000002,f0039,1,180,bifurcation,0.9477,3
p0001_00000002_f0039_1,00000002,f0039,1,187,short_branch_artifact,0.6085,3
p0001_00000002_f0039_1,00000002,f0039,1,188,short_branch_artifact,0.6357,3
p0001_00000002_f0039_1,00000002,f0039,1,200,short_branch_artifact,0.6483,3
p0001_00000002_f0039_1,00000002,f0039,1,205,short_branch_artifact,0.6211,3
p0001_00000002_f0039_1,00000002,f0039,1,207,short_branch_artifact,0.6258,3
p0001_00000002_f0039_1,00000002,f0039,1,211,short_branch_artifact,0.5986,3
p0001_00000002_f0039_1,00000002,f0039,1,212,short_branch_artifact,0.621,3
p0001_00000002_f0039_1,00000002,f0039,1,221,crossing_or_overlap,0.8556,4
p0001_00000002_f0039_1,00000002,f0039,1,225,short_branch_artifact,0.6361,3
p0001_00000002_f0039_1,00000002,f0039,1,226,short_branch_artifact,0.6059,3
p0001_00000002_f0039_1,00000002,f0039,1,228,short_branch_artifact,0.6437,3
p0001_00000002_f0039_1,00000002,f0039,1,229,short_branch_artifact,0.6113,3
p0001_00000002_f0039_1,00000002,f0039,1,230,short_branch_artifact,0.6337,3
p0001_00000002_f0039_1,00000002,f0039,1,235,short_branch_artifact,0.636,3
p0001_00000002_f0039_1,00000002,f0039,1,240,short_branch_artifact,0.6295,3
p0001_00000002_f0039_1,00000002,f0039,1,241,short_branch_artifact,0.6124,3
p0001_00000002_f0039_1,00000002,f0039,1,247,short_branch_artifact,0.6228,3
p0001_00000002_f0039_1,00000002,f0039,1,253,short_branch_artifact,0.6184,3
p0001_00000002_f0039_1,00000002,f0039,1,254,short_branch_artifact,0.5807,3
p0001_00000002_f0039_1,00000002,f0039,1,263,short_branch_artifact,0.6171,3
p0001_00000002_f0039_1,00000002,f0039,1,264,short_branch_artifact,0.6214,3
p0001_00000002_f0039_1,00000002,f0039,1,278,short_branch_artifact,0.6194,3
p0001_00000002_f0041_1,00000002,f0041,1,0,bifurcation,0.907,3
p0001_00000002_f0041_1,00000002,f0041,1,5,short_branch_artifact,0.564,3
p0001_00000002_f0041_1,00000002,f0041,1,9,short_branch_artifact,0.5327,3
p0001_00000002_f0041_1,00000002,f0041,1,10,short_branch_artifact,0.5394,3
p0001_00000002_f0041_1,00000002,f0041,1,13,short_branch_artifact,0.6317,3
p0001_00000002_f0041_1,00000002,f0041,1,15,bifurcation,0.8844,3
p0001_00000002_f0041_1,00000002,f0041,1,17,short_branch_artifact,0.5547,3
p0001_00000002_f0041_1,00000002,f0041,1,20,short_branch_artifact,0.5225,3
p0001_00000002_f0041_1,00000002,f0041,1,22,short_branch_artifact,0.5992,3
p0001_00000002_f0041_1,00000002,f0041,1,23,short_branch_artifact,0.6037,3
p0001_00000002_f0041_1,00000002,f0041,1,25,bifurcation,0.9273,3
p0001_00000002_f0041_1,00000002,f0041,1,26,uncertain_complex_junction,0.6771,5
p0001_00000002_f0041_1,00000002,f0041,1,27,short_branch_artifact,0.5957,3
p0001_00000002_f0041_1,00000002,f0041,1,30,short_branch_artifact,0.5572,3
p0001_00000002_f0041_1,00000002,f0041,1,31,short_branch_artifact,0.5656,3
p0001_00000002_f0041_1,00000002,f0041,1,33,short_branch_artifact,0.5819,3
p0001_00000002_f0041_1,00000002,f0041,1,37,short_branch_artifact,0.5135,3
p0001_00000002_f0041_1,00000002,f0041,1,38,short_branch_artifact,0.6217,3
p0001_00000002_f0041_1,00000002,f0041,1,41,short_branch_artifact,0.6307,3
p0001_00000002_f0041_1,00000002,f0041,1,48,short_branch_artifact,0.5888,3
p0001_00000002_f0041_1,00000002,f0041,1,51,short_branch_artifact,0.6287,3
p0001_00000002_f0041_1,00000002,f0041,1,53,short_branch_artifact,0.5817,3
p0001_00000002_f0041_1,00000002,f0041,1,56,bifurcation,1.0,3
p0001_00000002_f0041_1,00000002,f0041,1,60,short_branch_artifact,0.5261,3
p0001_00000002_f0041_1,00000002,f0041,1,66,short_branch_artifact,0.6237,3
p0001_00000002_f0041_1,00000002,f0041,1,73,short_branch_artifact,0.6236,3
p0001_00000002_f0041_1,00000002,f0041,1,76,crossing_or_overlap,0.8317,4
p0001_00000002_f0041_1,00000002,f0041,1,81,short_branch_artifact,0.607,3
p0001_00000002_f0041_1,00000002,f0041,1,85,short_branch_artifact,0.5707,3
p0001_00000002_f0041_1,00000002,f0041,1,87,uncertain_complex_junction,0.75,5
p0001_00000002_f0041_1,00000002,f0041,1,93,short_branch_artifact,0.6125,3
p0001_00000002_f0041_1,00000002,f0041,1,95,crossing_or_overlap,0.6973,4
p0001_00000002_f0041_1,00000002,f0041,1,96,short_branch_artifact,0.5993,3
p0001_00000002_f0041_1,00000002,f0041,1,97,short_branch_artifact,0.6317,3
p0001_00000002_f0041_1,00000002,f0041,1,98,short_branch_artifact,0.6179,3
p0001_00000002_f0041_1,00000002,f0041,1,99,short_branch_artifact,0.5939,3
p0001_00000002_f0041_1,00000002,f0041,1,108,short_branch_artifact,0.6244,3
p0001_00000002_f0041_1,00000002,f0041,1,110,short_branch_artifact,0.6165,3
p0001_00000002_f0041_1,00000002,f0041,1,112,short_branch_artifact,0.6395,3
p0001_00000002_f0041_1,00000002,f0041,1,114,bifurcation,1.0,3
p0001_00000002_f0041_1,00000002,f0041,1,115,bifurcation,0.9284,3
p0001_00000002_f0041_1,00000002,f0041,1,118,short_branch_artifact,0.6329,3
p0001_00000002_f0041_1,00000002,f0041,1,122,short_branch_artifact,0.6308,3
p0001_00000002_f0041_1,00000002,f0041,1,129,short_branch_artifact,0.6233,3
p0001_00000002_f0041_1,00000002,f0041,1,132,short_branch_artifact,0.6166,3
p0001_00000002_f0041_1,00000002,f0041,1,135,short_branch_artifact,0.6174,3
p0001_00000002_f0041_1,00000002,f0041,1,142,short_branch_artifact,0.5807,3
p0001_00000002_f0041_1,00000002,f0041,1,154,short_branch_artifact,0.58,3
p0001_00000002_f0041_1,00000002,f0041,1,163,short_branch_artifact,0.6141,3
p0001_00000002_f0041_1,00000002,f0041,1,164,short_branch_artifact,0.6408,3
p0001_00000002_f0041_1,00000002,f0041,1,165,bifurcation,1.0,3
p0001_00000002_f0041_1,00000002,f0041,1,166,bifurcation,0.9701,3
p0001_00000002_f0041_1,00000002,f0041,1,172,bifurcation,0.965,3
p0001_00000002_f0041_1,00000002,f0041,1,173,short_branch_artifact,0.5602,3
p0001_00000002_f0041_1,00000002,f0041,1,183,short_branch_artifact,0.6085,3
p0001_00000002_f0041_1,00000002,f0041,1,184,short_branch_artifact,0.5606,3
p0001_00000002_f0041_1,00000002,f0041,1,185,short_branch_artifact,0.5958,3
p0001_00000002_f0041_1,00000002,f0041,1,201,short_branch_artifact,0.6308,3
p0001_00000002_f0041_1,00000002,f0041,1,202,short_branch_artifact,0.6392,3
p0001_00000002_f0041_1,00000002,f0041,1,211,short_branch_artifact,0.5928,3
p0001_00000002_f0041_1,00000002,f0041,1,212,short_branch_artifact,0.5996,3
p0001_00000002_f0041_1,00000002,f0041,1,216,short_branch_artifact,0.5947,3
p0001_00000002_f0041_1,00000002,f0041,1,219,short_branch_artifact,0.5807,3
p0001_00000002_f0041_1,00000002,f0041,1,222,short_branch_artifact,0.582,3
p0001_00000002_f0041_1,00000002,f0041,1,223,short_branch_artifact,0.6202,3
p0001_00000002_f0041_1,00000002,f0041,1,224,short_branch_artifact,0.5972,3
p0001_00000002_f0041_1,00000002,f0041,1,225,short_branch_artifact,0.606,3
p0001_00000002_f0041_1,00000002,f0041,1,232,short_branch_artifact,0.5998,3
p0001_00000002_f0041_1,00000002,f0041,1,238,short_branch_artifact,0.61,3
p0001_00000002_f0041_1,00000002,f0041,1,248,bifurcation,1.0,3
p0001_00000002_f0041_1,00000002,f0041,1,257,short_branch_artifact,0.6362,3
p0001_00000002_f0044_1,00000002,f0044,1,3,short_branch_artifact,0.6146,3
p0001_00000002_f0044_1,00000002,f0044,1,4,short_branch_artifact,0.6156,3
p0001_00000002_f0044_1,00000002,f0044,1,7,short_branch_artifact,0.616,3
p0001_00000002_f0044_1,00000002,f0044,1,11,short_branch_artifact,0.5681,3
p0001_00000002_f0044_1,00000002,f0044,1,12,short_branch_artifact,0.6199,3
p0001_00000002_f0044_1,00000002,f0044,1,13,short_branch_artifact,0.5211,3
p0001_00000002_f0044_1,00000002,f0044,1,17,short_branch_artifact,0.5501,3
p0001_00000002_f0044_1,00000002,f0044,1,18,short_branch_artifact,0.6364,3
p0001_00000002_f0044_1,00000002,f0044,1,20,short_branch_artifact,0.6297,3
p0001_00000002_f0044_1,00000002,f0044,1,22,short_branch_artifact,0.615,3
p0001_00000002_f0044_1,00000002,f0044,1,28,short_branch_artifact,0.5678,3
p0001_00000002_f0044_1,00000002,f0044,1,29,short_branch_artifact,0.6049,3
p0001_00000002_f0044_1,00000002,f0044,1,32,short_branch_artifact,0.5694,3
p0001_00000002_f0044_1,00000002,f0044,1,33,short_branch_artifact,0.5644,3
p0001_00000002_f0044_1,00000002,f0044,1,34,short_branch_artifact,0.5196,3
p0001_00000002_f0044_1,00000002,f0044,1,35,short_branch_artifact,0.5965,3
p0001_00000002_f0044_1,00000002,f0044,1,38,short_branch_artifact,0.5162,3
p0001_00000002_f0044_1,00000002,f0044,1,39,short_branch_artifact,0.6369,3
p0001_00000002_f0044_1,00000002,f0044,1,42,short_branch_artifact,0.6098,3
p0001_00000002_f0044_1,00000002,f0044,1,47,bifurcation,0.9736,3
p0001_00000002_f0044_1,00000002,f0044,1,56,short_branch_artifact,0.6132,3
p0001_00000002_f0044_1,00000002,f0044,1,59,short_branch_artifact,0.5533,3
p0001_00000002_f0044_1,00000002,f0044,1,63,crossing_or_overlap,0.8208,4
p0001_00000002_f0044_1,00000002,f0044,1,64,short_branch_artifact,0.6317,3
p0001_00000002_f0044_1,00000002,f0044,1,67,crossing_or_overlap,0.7593,4
p0001_00000002_f0044_1,00000002,f0044,1,68,short_branch_artifact,0.6174,3
p0001_00000002_f0044_1,00000002,f0044,1,70,short_branch_artifact,0.6005,3
p0001_00000002_f0044_1,00000002,f0044,1,73,bifurcation,0.9586,3
p0001_00000002_f0044_1,00000002,f0044,1,74,bifurcation,0.9756,3
p0001_00000002_f0044_1,00000002,f0044,1,82,short_branch_artifact,0.6267,3
p0001_00000002_f0044_1,00000002,f0044,1,83,short_branch_artifact,0.6483,3
p0001_00000002_f0044_1,00000002,f0044,1,86,short_branch_artifact,0.6282,3
p0001_00000002_f0044_1,00000002,f0044,1,87,bifurcation,0.9768,3
p0001_00000002_f0044_1,00000002,f0044,1,90,short_branch_artifact,0.5943,3
p0001_00000002_f0044_1,00000002,f0044,1,92,short_branch_artifact,0.6092,3
p0001_00000002_f0044_1,00000002,f0044,1,96,short_branch_artifact,0.6006,3
p0001_00000002_f0044_1,00000002,f0044,1,97,short_branch_artifact,0.6357,3
p0001_00000002_f0044_1,00000002,f0044,1,101,short_branch_artifact,0.6119,3
p0001_00000002_f0044_1,00000002,f0044,1,102,short_branch_artifact,0.6211,3
p0001_00000002_f0044_1,00000002,f0044,1,106,short_branch_artifact,0.5901,3
p0001_00000002_f0044_1,00000002,f0044,1,108,short_branch_artifact,0.6131,3
p0001_00000002_f0044_1,00000002,f0044,1,109,short_branch_artifact,0.5937,3
p0001_00000002_f0044_1,00000002,f0044,1,110,bifurcation,1.0,3
p0001_00000002_f0044_1,00000002,f0044,1,112,bifurcation,0.9775,3
p0001_00000002_f0044_1,00000002,f0044,1,116,short_branch_artifact,0.6014,3
p0001_00000002_f0044_1,00000002,f0044,1,121,bifurcation,1.0,3
p0001_00000002_f0044_1,00000002,f0044,1,122,short_branch_artifact,0.5868,3
p0001_00000002_f0044_1,00000002,f0044,1,126,short_branch_artifact,0.5759,3
p0001_00000002_f0044_1,00000002,f0044,1,129,bifurcation,1.0,3
p0001_00000002_f0044_1,00000002,f0044,1,145,short_branch_artifact,0.6371,3
p0001_00000002_f0044_1,00000002,f0044,1,153,short_branch_artifact,0.62,3
p0001_00000002_f0044_1,00000002,f0044,1,154,short_branch_artifact,0.5492,3
p0001_00000002_f0044_1,00000002,f0044,1,155,short_branch_artifact,0.6067,3
p0001_00000002_f0044_1,00000002,f0044,1,164,short_branch_artifact,0.6091,3
p0001_00000002_f0044_1,00000002,f0044,1,168,short_branch_artifact,0.6047,3
p0001_00000002_f0044_1,00000002,f0044,1,169,short_branch_artifact,0.6283,3
p0001_00000002_f0044_1,00000002,f0044,1,171,short_branch_artifact,0.6274,3
p0001_00000002_f0044_1,00000002,f0044,1,172,short_branch_artifact,0.6292,3
p0001_00000002_f0044_1,00000002,f0044,1,174,short_branch_artifact,0.6186,3
p0001_00000002_f0044_1,00000002,f0044,1,175,short_branch_artifact,0.6274,3
p0001_00000002_f0044_1,00000002,f0044,1,181,short_branch_artifact,0.635,3
p0001_00000002_f0044_1,00000002,f0044,1,182,short_branch_artifact,0.641,3
p0001_00000002_f0044_1,00000002,f0044,1,183,short_branch_artifact,0.588,3
p0001_00000002_f0044_1,00000002,f0044,1,187,short_branch_artifact,0.6176,3
p0001_00000002_f0044_1,00000002,f0044,1,189,short_branch_artifact,0.5908,3
p0001_00000002_f0044_1,00000002,f0044,1,191,short_branch_artifact,0.6193,3
p0001_00000002_f0044_1,00000002,f0044,1,193,short_branch_artifact,0.622,3
p0001_00000002_f0044_1,00000002,f0044,1,200,short_branch_artifact,0.6284,3
p0001_00000002_f0044_1,00000002,f0044,1,207,short_branch_artifact,0.6338,3
p0001_00000002_f0044_1,00000002,f0044,1,208,short_branch_artifact,0.5926,3
p0001_00000002_f0044_1,00000002,f0044,1,211,short_branch_artifact,0.5648,3
p0001_00000002_f0044_1,00000002,f0044,1,212,short_branch_artifact,0.6344,3
p0001_00000002_f0044_1,00000002,f0044,1,213,short_branch_artifact,0.6138,3
p0001_00000002_f0044_1,00000002,f0044,1,217,short_branch_artifact,0.57,3
p0001_00000002_f0044_1,00000002,f0044,1,220,short_branch_artifact,0.62,3
p0001_00000002_f0044_1,00000002,f0044,1,221,short_branch_artifact,0.6305,3
p0001_00000002_f0044_1,00000002,f0044,1,227,short_branch_artifact,0.5897,3
p0001_00000002_f0044_1,00000002,f0044,1,228,short_branch_artifact,0.6352,3
p0001_00000002_f0044_1,00000002,f0044,1,233,short_branch_artifact,0.5993,3
p0001_00000002_f0044_1,00000002,f0044,1,242,short_branch_artifact,0.6271,3
p0001_00000002_f0044_1,00000002,f0044,1,244,bifurcation,0.9727,3
p0001_00000002_f0044_1,00000002,f0044,1,247,short_branch_artifact,0.6361,3
p0001_00000002_f0044_1,00000002,f0044,1,261,short_branch_artifact,0.5958,3
p0001_00000002_f0044_1,00000002,f0044,1,275,short_branch_artifact,0.5943,3
p0001_00000002_f0051_1,00000002,f0051,1,1,short_branch_artifact,0.4776,3
p0001_00000002_f0051_1,00000002,f0051,1,10,short_branch_artifact,0.5782,3
p0001_00000002_f0051_1,00000002,f0051,1,13,short_branch_artifact,0.6292,3
p0001_00000002_f0051_1,00000002,f0051,1,16,short_branch_artifact,0.5711,3
p0001_00000002_f0051_1,00000002,f0051,1,18,short_branch_artifact,0.5997,3
p0001_00000002_f0051_1,00000002,f0051,1,20,short_branch_artifact,0.6138,3
p0001_00000002_f0051_1,00000002,f0051,1,22,short_branch_artifact,0.554,3
p0001_00000002_f0051_1,00000002,f0051,1,23,short_branch_artifact,0.6244,3
p0001_00000002_f0051_1,00000002,f0051,1,25,short_branch_artifact,0.6095,3
p0001_00000002_f0051_1,00000002,f0051,1,26,short_branch_artifact,0.5983,3
p0001_00000002_f0051_1,00000002,f0051,1,27,short_branch_artifact,0.5965,3
p0001_00000002_f0051_1,00000002,f0051,1,28,short_branch_artifact,0.626,3
p0001_00000002_f0051_1,00000002,f0051,1,29,short_branch_artifact,0.6178,3
p0001_00000002_f0051_1,00000002,f0051,1,30,short_branch_artifact,0.5443,3
p0001_00000002_f0051_1,00000002,f0051,1,37,short_branch_artifact,0.5507,3
p0001_00000002_f0051_1,00000002,f0051,1,39,short_branch_artifact,0.6275,3
p0001_00000002_f0051_1,00000002,f0051,1,40,short_branch_artifact,0.5908,3
p0001_00000002_f0051_1,00000002,f0051,1,41,short_branch_artifact,0.6214,3
p0001_00000002_f0051_1,00000002,f0051,1,42,uncertain_high_order_branch,0.75,4
p0001_00000002_f0051_1,00000002,f0051,1,43,short_branch_artifact,0.5807,3
p0001_00000002_f0051_1,00000002,f0051,1,62,short_branch_artifact,0.575,3
p0001_00000002_f0051_1,00000002,f0051,1,63,short_branch_artifact,0.5727,3
p0001_00000002_f0051_1,00000002,f0051,1,64,short_branch_artifact,0.5972,3
p0001_00000002_f0051_1,00000002,f0051,1,66,short_branch_artifact,0.6292,3
p0001_00000002_f0051_1,00000002,f0051,1,67,short_branch_artifact,0.5938,3
p0001_00000002_f0051_1,00000002,f0051,1,69,short_branch_artifact,0.5437,3
p0001_00000002_f0051_1,00000002,f0051,1,74,short_branch_artifact,0.6338,3
p0001_00000002_f0051_1,00000002,f0051,1,77,short_branch_artifact,0.6243,3
p0001_00000002_f0051_1,00000002,f0051,1,79,short_branch_artifact,0.6082,3
p0001_00000002_f0051_1,00000002,f0051,1,82,short_branch_artifact,0.5295,3
p0001_00000002_f0051_1,00000002,f0051,1,83,crossing_or_overlap,0.7698,4
p0001_00000002_f0051_1,00000002,f0051,1,84,short_branch_artifact,0.5777,3
p0001_00000002_f0051_1,00000002,f0051,1,86,short_branch_artifact,0.6387,3
p0001_00000002_f0051_1,00000002,f0051,1,91,short_branch_artifact,0.6002,3
p0001_00000002_f0051_1,00000002,f0051,1,100,short_branch_artifact,0.5823,3
p0001_00000002_f0051_1,00000002,f0051,1,102,crossing_or_overlap,0.7254,4
p0001_00000002_f0051_1,00000002,f0051,1,104,short_branch_artifact,0.5045,3
p0001_00000002_f0051_1,00000002,f0051,1,106,short_branch_artifact,0.6318,3
p0001_00000002_f0051_1,00000002,f0051,1,109,short_branch_artifact,0.5789,3
p0001_00000002_f0051_1,00000002,f0051,1,112,bifurcation,0.9543,3
p0001_00000002_f0051_1,00000002,f0051,1,117,short_branch_artifact,0.5498,3
p0001_00000002_f0051_1,00000002,f0051,1,125,short_branch_artifact,0.6207,3
p0001_00000002_f0051_1,00000002,f0051,1,126,short_branch_artifact,0.6371,3
p0001_00000002_f0051_1,00000002,f0051,1,127,short_branch_artifact,0.6197,3
p0001_00000002_f0051_1,00000002,f0051,1,128,short_branch_artifact,0.5351,3
p0001_00000002_f0051_1,00000002,f0051,1,138,short_branch_artifact,0.6167,3
p0001_00000002_f0051_1,00000002,f0051,1,141,short_branch_artifact,0.612,3
p0001_00000002_f0051_1,00000002,f0051,1,143,short_branch_artifact,0.6181,3
p0001_00000002_f0051_1,00000002,f0051,1,145,short_branch_artifact,0.5589,3
p0001_00000002_f0051_1,00000002,f0051,1,152,short_branch_artifact,0.5901,3
p0001_00000002_f0051_1,00000002,f0051,1,154,short_branch_artifact,0.6037,3
p0001_00000002_f0051_1,00000002,f0051,1,156,crossing_or_overlap,0.8139,4
p0001_00000002_f0051_1,00000002,f0051,1,170,short_branch_artifact,0.6432,3
p0001_00000002_f0051_1,00000002,f0051,1,172,crossing_or_overlap,0.7524,4
p0001_00000002_f0051_1,00000002,f0051,1,175,short_branch_artifact,0.5614,3
p0001_00000002_f0051_1,00000002,f0051,1,181,bifurcation,0.9217,3
p0001_00000002_f0051_1,00000002,f0051,1,188,short_branch_artifact,0.6323,3
p0001_00000002_f0051_1,00000002,f0051,1,200,short_branch_artifact,0.6116,3
p0001_00000002_f0051_1,00000002,f0051,1,201,short_branch_artifact,0.6106,3
p0001_00000002_f0051_1,00000002,f0051,1,202,short_branch_artifact,0.5887,3
p0001_00000002_f0051_1,00000002,f0051,1,210,short_branch_artifact,0.6298,3
p0001_00000002_f0051_1,00000002,f0051,1,214,short_branch_artifact,0.578,3
p0001_00000002_f0051_1,00000002,f0051,1,216,short_branch_artifact,0.5995,3
p0001_00000002_f0051_1,00000002,f0051,1,221,short_branch_artifact,0.6092,3
p0001_00000002_f0051_1,00000002,f0051,1,222,bifurcation,0.986,3
p0001_00000002_f0051_1,00000002,f0051,1,224,short_branch_artifact,0.6095,3
p0001_00000002_f0051_1,00000002,f0051,1,226,short_branch_artifact,0.6169,3
p0001_00000002_f0051_1,00000002,f0051,1,229,short_branch_artifact,0.6064,3
p0001_00000002_f0051_1,00000002,f0051,1,230,short_branch_artifact,0.6144,3
p0001_00000002_f0051_1,00000002,f0051,1,231,bifurcation,1.0,3
p0001_00000002_f0051_1,00000002,f0051,1,234,bifurcation,1.0,3
p0001_00000002_f0051_1,00000002,f0051,1,237,bifurcation,0.9815,3
p0001_00000002_f0051_1,00000002,f0051,1,240,short_branch_artifact,0.6308,3
p0001_00000002_f0051_1,00000002,f0051,1,242,bifurcation,1.0,3
p0001_00000002_f0051_1,00000002,f0051,1,249,bifurcation,1.0,3
p0001_00000002_f0051_1,00000002,f0051,1,256,short_branch_artifact,0.6356,3
p0001_00000002_f0051_1,00000002,f0051,1,257,short_branch_artifact,0.6199,3
p0001_00000002_f0053_1,00000002,f0053,1,0,short_branch_artifact,0.4886,3
p0001_00000002_f0053_1,00000002,f0053,1,8,short_branch_artifact,0.6409,3
p0001_00000002_f0053_1,00000002,f0053,1,9,short_branch_artifact,0.5789,3
p0001_00000002_f0053_1,00000002,f0053,1,12,short_branch_artifact,0.6005,3
p0001_00000002_f0053_1,00000002,f0053,1,18,short_branch_artifact,0.6417,3
p0001_00000002_f0053_1,00000002,f0053,1,20,short_branch_artifact,0.6353,3
p0001_00000002_f0053_1,00000002,f0053,1,21,short_branch_artifact,0.5766,3
p0001_00000002_f0053_1,00000002,f0053,1,23,short_branch_artifact,0.6198,3
p0001_00000002_f0053_1,00000002,f0053,1,24,short_branch_artifact,0.6153,3
p0001_00000002_f0053_1,00000002,f0053,1,29,bifurcation,0.9441,3
p0001_00000002_f0053_1,00000002,f0053,1,32,crossing_or_overlap,0.6531,4
p0001_00000002_f0053_1,00000002,f0053,1,33,short_branch_artifact,0.5199,3
p0001_00000002_f0053_1,00000002,f0053,1,34,short_branch_artifact,0.6209,3
p0001_00000002_f0053_1,00000002,f0053,1,36,short_branch_artifact,0.6373,3
p0001_00000002_f0053_1,00000002,f0053,1,39,short_branch_artifact,0.6296,3
p0001_00000002_f0053_1,00000002,f0053,1,45,short_branch_artifact,0.5944,3
p0001_00000002_f0053_1,00000002,f0053,1,47,short_branch_artifact,0.6127,3
p0001_00000002_f0053_1,00000002,f0053,1,49,short_branch_artifact,0.6423,3
p0001_00000002_f0053_1,00000002,f0053,1,51,short_branch_artifact,0.5616,3
p0001_00000002_f0053_1,00000002,f0053,1,53,short_branch_artifact,0.5925,3
p0001_00000002_f0053_1,00000002,f0053,1,66,short_branch_artifact,0.5718,3
p0001_00000002_f0053_1,00000002,f0053,1,69,short_branch_artifact,0.5348,3
p0001_00000002_f0053_1,00000002,f0053,1,71,short_branch_artifact,0.6207,3
p0001_00000002_f0053_1,00000002,f0053,1,76,short_branch_artifact,0.6454,3
p0001_00000002_f0053_1,00000002,f0053,1,81,short_branch_artifact,0.6329,3
p0001_00000002_f0053_1,00000002,f0053,1,83,short_branch_artifact,0.5836,3
p0001_00000002_f0053_1,00000002,f0053,1,84,short_branch_artifact,0.6281,3
p0001_00000002_f0053_1,00000002,f0053,1,86,short_branch_artifact,0.6084,3
p0001_00000002_f0053_1,00000002,f0053,1,89,short_branch_artifact,0.5831,3
p0001_00000002_f0053_1,00000002,f0053,1,90,bifurcation,0.9251,3
p0001_00000002_f0053_1,00000002,f0053,1,91,short_branch_artifact,0.6371,3
p0001_00000002_f0053_1,00000002,f0053,1,98,short_branch_artifact,0.6039,3
p0001_00000002_f0053_1,00000002,f0053,1,100,short_branch_artifact,0.6356,3
p0001_00000002_f0053_1,00000002,f0053,1,107,short_branch_artifact,0.5926,3
p0001_00000002_f0053_1,00000002,f0053,1,108,short_branch_artifact,0.6202,3
p0001_00000002_f0053_1,00000002,f0053,1,109,crossing_or_overlap,0.9289,4
p0001_00000002_f0053_1,00000002,f0053,1,113,bifurcation,0.9034,3
p0001_00000002_f0053_1,00000002,f0053,1,114,crossing_or_overlap,0.728,4
p0001_00000002_f0053_1,00000002,f0053,1,119,bifurcation,0.953,3
p0001_00000002_f0053_1,00000002,f0053,1,124,crossing_or_overlap,0.7959,4
p0001_00000002_f0053_1,00000002,f0053,1,133,short_branch_artifact,0.5868,3
p0001_00000002_f0053_1,00000002,f0053,1,143,short_branch_artifact,0.6023,3
p0001_00000002_f0053_1,00000002,f0053,1,147,short_branch_artifact,0.6034,3
p0001_00000002_f0053_1,00000002,f0053,1,150,short_branch_artifact,0.6231,3
p0001_00000002_f0053_1,00000002,f0053,1,154,uncertain_complex_junction,0.75,5
p0001_00000002_f0053_1,00000002,f0053,1,161,short_branch_artifact,0.5702,3
p0001_00000002_f0053_1,00000002,f0053,1,163,short_branch_artifact,0.5946,3
p0001_00000002_f0053_1,00000002,f0053,1,170,crossing_or_overlap,0.8844,4
p0001_00000002_f0053_1,00000002,f0053,1,171,short_branch_artifact,0.6415,3
p0001_00000002_f0053_1,00000002,f0053,1,172,short_branch_artifact,0.6392,3
p0001_00000002_f0053_1,00000002,f0053,1,178,short_branch_artifact,0.6007,3
p0001_00000002_f0053_1,00000002,f0053,1,179,crossing_or_overlap,0.63,4
p0001_00000002_f0053_1,00000002,f0053,1,193,short_branch_artifact,0.627,3
p0001_00000002_f0053_1,00000002,f0053,1,195,short_branch_artifact,0.6249,3
p0001_00000002_f0053_1,00000002,f0053,1,198,short_branch_artifact,0.6188,3
p0001_00000002_f0053_1,00000002,f0053,1,199,short_branch_artifact,0.6427,3
p0001_00000002_f0053_1,00000002,f0053,1,200,short_branch_artifact,0.6072,3
p0001_00000002_f0053_1,00000002,f0053,1,207,short_branch_artifact,0.596,3
p0001_00000002_f0053_1,00000002,f0053,1,211,short_branch_artifact,0.5947,3
p0001_00000002_f0053_1,00000002,f0053,1,216,short_branch_artifact,0.5712,3
p0001_00000002_f0053_1,00000002,f0053,1,217,short_branch_artifact,0.6307,3
p0001_00000002_f0053_1,00000002,f0053,1,227,short_branch_artifact,0.6239,3
p0001_00000002_f0053_1,00000002,f0053,1,230,short_branch_artifact,0.5918,3
p0001_00000002_f0053_1,00000002,f0053,1,231,short_branch_artifact,0.602,3
p0001_00000002_f0053_1,00000002,f0053,1,232,short_branch_artifact,0.5868,3
p0001_00000002_f0053_1,00000002,f0053,1,233,short_branch_artifact,0.6042,3
p0001_00000002_f0053_1,00000002,f0053,1,234,short_branch_artifact,0.6261,3
p0001_00000002_f0053_1,00000002,f0053,1,237,short_branch_artifact,0.586,3
p0001_00000002_f0053_1,00000002,f0053,1,239,short_branch_artifact,0.6312,3
p0001_00000002_f0053_1,00000002,f0053,1,240,short_branch_artifact,0.6163,3
p0001_00000002_f0053_1,00000002,f0053,1,241,bifurcation,0.8449,3
p0001_00000002_f0053_1,00000002,f0053,1,248,short_branch_artifact,0.5965,3
p0001_00000002_f0053_1,00000002,f0053,1,250,short_branch_artifact,0.6082,3
p0001_00000002_f0053_1,00000002,f0053,1,252,short_branch_artifact,0.6368,3
p0001_00000002_f0053_1,00000002,f0053,1,254,short_branch_artifact,0.6202,3
p0001_00000002_f0053_1,00000002,f0053,1,256,short_branch_artifact,0.613,3
p0001_00000002_f0053_1,00000002,f0053,1,259,crossing_or_overlap,0.7659,4
p0001_00000002_f0053_1,00000002,f0053,1,262,short_branch_artifact,0.6265,3
p0001_00000002_f0053_1,00000002,f0053,1,264,short_branch_artifact,0.6365,3
p0001_00000002_f0053_1,00000002,f0053,1,265,bifurcation,1.0,3
p0001_00000002_f0053_1,00000002,f0053,1,270,crossing_or_overlap,0.9091,4
p0001_00000002_f0053_1,00000002,f0053,1,274,short_branch_artifact,0.6141,3
p0001_00000002_f0053_1,00000002,f0053,1,288,short_branch_artifact,0.6171,3
p0001_00000003_f0016_1,00000003,f0016,1,2,short_branch_artifact,0.6326,3
p0001_00000003_f0016_1,00000003,f0016,1,13,short_branch_artifact,0.6418,3
p0001_00000003_f0016_1,00000003,f0016,1,14,short_branch_artifact,0.6392,3
p0001_00000003_f0016_1,00000003,f0016,1,15,short_branch_artifact,0.6393,3
p0001_00000003_f0016_1,00000003,f0016,1,26,short_branch_artifact,0.6431,3
p0001_00000003_f0017_1,00000003,f0017,1,2,short_branch_artifact,0.6177,3
p0001_00000003_f0017_1,00000003,f0017,1,3,short_branch_artifact,0.6231,3
p0001_00000003_f0017_1,00000003,f0017,1,12,short_branch_artifact,0.6481,3
p0001_00000003_f0017_1,00000003,f0017,1,18,short_branch_artifact,0.6195,3
p0001_00000003_f0017_1,00000003,f0017,1,22,short_branch_artifact,0.6402,3
p0001_00000003_f0026_1,00000003,f0026,1,5,short_branch_artifact,0.6384,3
p0001_00000003_f0026_1,00000003,f0026,1,6,short_branch_artifact,0.5699,3
p0001_00000003_f0026_1,00000003,f0026,1,7,short_branch_artifact,0.537,3
p0001_00000003_f0026_1,00000003,f0026,1,9,short_branch_artifact,0.5531,3
p0001_00000003_f0026_1,00000003,f0026,1,14,short_branch_artifact,0.6324,3
p0001_00000003_f0026_1,00000003,f0026,1,15,short_branch_artifact,0.6284,3
p0001_00000003_f0026_1,00000003,f0026,1,16,short_branch_artifact,0.5308,3
p0001_00000003_f0026_1,00000003,f0026,1,17,short_branch_artifact,0.5251,3
p0001_00000003_f0026_1,00000003,f0026,1,20,short_branch_artifact,0.6187,3
p0001_00000003_f0026_1,00000003,f0026,1,22,bifurcation,0.9257,3
p0001_00000003_f0026_1,00000003,f0026,1,24,short_branch_artifact,0.5243,3
p0001_00000003_f0026_1,00000003,f0026,1,26,bifurcation,0.8971,3
p0001_00000003_f0026_1,00000003,f0026,1,29,short_branch_artifact,0.5397,3
p0001_00000003_f0026_1,00000003,f0026,1,30,bifurcation,1.0,3
p0001_00000003_f0026_1,00000003,f0026,1,35,short_branch_artifact,0.641,3
p0001_00000003_f0026_1,00000003,f0026,1,36,short_branch_artifact,0.6451,3
p0001_00000003_f0026_1,00000003,f0026,1,37,short_branch_artifact,0.5801,3
p0001_00000003_f0026_1,00000003,f0026,1,40,short_branch_artifact,0.5585,3
p0001_00000003_f0026_1,00000003,f0026,1,41,short_branch_artifact,0.6077,3
p0001_00000003_f0026_1,00000003,f0026,1,43,short_branch_artifact,0.617,3
p0001_00000003_f0026_1,00000003,f0026,1,44,short_branch_artifact,0.6292,3
p0001_00000003_f0026_1,00000003,f0026,1,46,bifurcation,1.0,3
p0001_00000003_f0026_1,00000003,f0026,1,49,short_branch_artifact,0.6051,3
p0001_00000003_f0026_1,00000003,f0026,1,50,bifurcation,1.0,3
p0001_00000003_f0026_1,00000003,f0026,1,60,short_branch_artifact,0.625,3
p0001_00000003_f0026_1,00000003,f0026,1,69,crossing_or_overlap,0.7606,4
p0001_00000003_f0026_1,00000003,f0026,1,70,crossing_or_overlap,0.6957,4
p0001_00000003_f0026_1,00000003,f0026,1,71,bifurcation,0.9334,3
p0001_00000003_f0026_1,00000003,f0026,1,74,short_branch_artifact,0.6189,3
p0001_00000003_f0026_1,00000003,f0026,1,80,short_branch_artifact,0.6468,3
p0001_00000003_f0026_1,00000003,f0026,1,81,short_branch_artifact,0.6487,3
p0001_00000003_f0026_1,00000003,f0026,1,86,short_branch_artifact,0.608,3
p0001_00000003_f0026_1,00000003,f0026,1,92,short_branch_artifact,0.6137,3
p0001_00000003_f0026_1,00000003,f0026,1,96,bifurcation,0.9308,3
p0001_00000003_f0026_1,00000003,f0026,1,97,bifurcation,1.0,3
p0001_00000003_f0026_1,00000003,f0026,1,103,short_branch_artifact,0.6162,3
p0001_00000003_f0026_1,00000003,f0026,1,105,bifurcation,1.0,3
p0001_00000003_f0026_1,00000003,f0026,1,113,short_branch_artifact,0.6185,3
p0001_00000003_f0026_1,00000003,f0026,1,114,short_branch_artifact,0.619,3
p0001_00000003_f0026_1,00000003,f0026,1,118,short_branch_artifact,0.6034,3
p0001_00000003_f0026_1,00000003,f0026,1,119,short_branch_artifact,0.6308,3
p0001_00000003_f0026_1,00000003,f0026,1,124,short_branch_artifact,0.6316,3
p0001_00000003_f0026_1,00000003,f0026,1,148,bifurcation,1.0,3
p0001_00000003_f0028_1,00000003,f0028,1,3,bifurcation,0.9212,3
p0001_00000003_f0028_1,00000003,f0028,1,4,crossing_or_overlap,0.7062,4
p0001_00000003_f0028_1,00000003,f0028,1,6,short_branch_artifact,0.5978,3
p0001_00000003_f0028_1,00000003,f0028,1,7,short_branch_artifact,0.5448,3
p0001_00000003_f0028_1,00000003,f0028,1,12,short_branch_artifact,0.6401,3
p0001_00000003_f0028_1,00000003,f0028,1,14,short_branch_artifact,0.5596,3
p0001_00000003_f0028_1,00000003,f0028,1,15,short_branch_artifact,0.5351,3
p0001_00000003_f0028_1,00000003,f0028,1,16,uncertain_high_order_branch,0.652,4
p0001_00000003_f0028_1,00000003,f0028,1,17,bifurcation,0.841,3
p0001_00000003_f0028_1,00000003,f0028,1,24,crossing_or_overlap,0.7013,4
p0001_00000003_f0028_1,00000003,f0028,1,25,short_branch_artifact,0.5302,3
p0001_00000003_f0028_1,00000003,f0028,1,26,crossing_or_overlap,0.7257,4
p0001_00000003_f0028_1,00000003,f0028,1,27,uncertain_complex_junction,0.75,5
p0001_00000003_f0028_1,00000003,f0028,1,31,short_branch_artifact,0.6232,3
p0001_00000003_f0028_1,00000003,f0028,1,44,short_branch_artifact,0.5955,3
p0001_00000003_f0028_1,00000003,f0028,1,45,short_branch_artifact,0.6018,3
p0001_00000003_f0028_1,00000003,f0028,1,49,crossing_or_overlap,0.7845,4
p0001_00000003_f0028_1,00000003,f0028,1,62,short_branch_artifact,0.6324,3
p0001_00000003_f0028_1,00000003,f0028,1,63,bifurcation,1.0,3
p0001_00000003_f0028_1,00000003,f0028,1,75,short_branch_artifact,0.6154,3
p0001_00000003_f0028_1,00000003,f0028,1,79,crossing_or_overlap,0.9087,4
p0001_00000003_f0028_1,00000003,f0028,1,81,short_branch_artifact,0.6257,3
p0001_00000003_f0028_1,00000003,f0028,1,90,short_branch_artifact,0.603,3
p0001_00000003_f0028_1,00000003,f0028,1,95,short_branch_artifact,0.6352,3
p0001_00000003_f0028_1,00000003,f0028,1,103,short_branch_artifact,0.6184,3
p0001_00000003_f0028_1,00000003,f0028,1,109,short_branch_artifact,0.5843,3
p0001_00000003_f0028_1,00000003,f0028,1,110,short_branch_artifact,0.5851,3
p0001_00000003_f0028_1,00000003,f0028,1,113,bifurcation,1.0,3
p0001_00000003_f0028_1,00000003,f0028,1,115,bifurcation,0.9355,3
p0001_00000003_f0028_1,00000003,f0028,1,120,short_branch_artifact,0.5908,3
p0001_00000003_f0028_1,00000003,f0028,1,122,short_branch_artifact,0.5975,3
p0001_00000003_f0028_1,00000003,f0028,1,124,short_branch_artifact,0.6046,3
p0001_00000003_f0028_1,00000003,f0028,1,130,bifurcation,0.9455,3
p0001_00000003_f0028_1,00000003,f0028,1,134,crossing_or_overlap,0.6982,4
p0001_00000003_f0028_1,00000003,f0028,1,138,short_branch_artifact,0.6105,3
p0001_00000003_f0028_1,00000003,f0028,1,148,short_branch_artifact,0.6203,3
p0001_00000003_f0028_1,00000003,f0028,1,163,short_branch_artifact,0.5921,3
p0001_00000003_f0029_1,00000003,f0029,1,3,short_branch_artifact,0.5658,3
p0001_00000003_f0029_1,00000003,f0029,1,4,short_branch_artifact,0.5727,3
p0001_00000003_f0029_1,00000003,f0029,1,5,short_branch_artifact,0.5736,3
p0001_00000003_f0029_1,00000003,f0029,1,7,short_branch_artifact,0.525,3
p0001_00000003_f0029_1,00000003,f0029,1,10,short_branch_artifact,0.55,3
p0001_00000003_f0029_1,00000003,f0029,1,12,crossing_or_overlap,0.7735,4
p0001_00000003_f0029_1,00000003,f0029,1,13,short_branch_artifact,0.5825,3
p0001_00000003_f0029_1,00000003,f0029,1,14,crossing_or_overlap,0.6391,4
p0001_00000003_f0029_1,00000003,f0029,1,18,short_branch_artifact,0.552,3
p0001_00000003_f0029_1,00000003,f0029,1,19,uncertain_high_order_branch,0.5223,4
p0001_00000003_f0029_1,00000003,f0029,1,20,short_branch_artifact,0.5519,3
p0001_00000003_f0029_1,00000003,f0029,1,23,short_branch_artifact,0.6233,3
p0001_00000003_f0029_1,00000003,f0029,1,27,short_branch_artifact,0.5728,3
p0001_00000003_f0029_1,00000003,f0029,1,34,short_branch_artifact,0.6464,3
p0001_00000003_f0029_1,00000003,f0029,1,35,short_branch_artifact,0.6369,3
p0001_00000003_f0029_1,00000003,f0029,1,44,short_branch_artifact,0.6193,3
p0001_00000003_f0029_1,00000003,f0029,1,45,crossing_or_overlap,0.8703,4
p0001_00000003_f0029_1,00000003,f0029,1,60,short_branch_artifact,0.6123,3
p0001_00000003_f0029_1,00000003,f0029,1,62,short_branch_artifact,0.6286,3
p0001_00000003_f0029_1,00000003,f0029,1,68,short_branch_artifact,0.6369,3
p0001_00000003_f0029_1,00000003,f0029,1,72,short_branch_artifact,0.6422,3
p0001_00000003_f0029_1,00000003,f0029,1,81,crossing_or_overlap,0.7417,4
p0001_00000003_f0029_1,00000003,f0029,1,84,short_branch_artifact,0.6355,3
p0001_00000003_f0029_1,00000003,f0029,1,87,uncertain_high_order_branch,0.7177,4
p0001_00000003_f0029_1,00000003,f0029,1,88,short_branch_artifact,0.6091,3
p0001_00000003_f0029_1,00000003,f0029,1,98,short_branch_artifact,0.6151,3
p0001_00000003_f0029_1,00000003,f0029,1,107,crossing_or_overlap,0.8109,4
p0001_00000003_f0029_1,00000003,f0029,1,113,crossing_or_overlap,0.8873,4
p0001_00000003_f0029_1,00000003,f0029,1,118,short_branch_artifact,0.6322,3
p0001_00000003_f0029_1,00000003,f0029,1,121,short_branch_artifact,0.564,3
p0001_00000003_f0029_1,00000003,f0029,1,122,short_branch_artifact,0.6138,3
p0001_00000003_f0029_1,00000003,f0029,1,128,short_branch_artifact,0.6028,3
p0001_00000003_f0029_1,00000003,f0029,1,130,short_branch_artifact,0.5737,3
p0001_00000003_f0029_1,00000003,f0029,1,131,bifurcation,0.9422,3
p0001_00000003_f0029_1,00000003,f0029,1,132,bifurcation,0.9134,3
p0001_00000003_f0029_1,00000003,f0029,1,133,short_branch_artifact,0.5946,3
p0001_00000003_f0029_1,00000003,f0029,1,134,short_branch_artifact,0.5936,3
p0001_00000003_f0029_1,00000003,f0029,1,138,short_branch_artifact,0.6283,3
p0001_00000003_f0029_1,00000003,f0029,1,144,short_branch_artifact,0.5874,3
p0001_00000003_f0029_1,00000003,f0029,1,146,bifurcation,0.9291,3
p0001_00000003_f0029_1,00000003,f0029,1,147,short_branch_artifact,0.6184,3
p0001_00000003_f0029_1,00000003,f0029,1,150,bifurcation,0.9748,3
p0001_00000003_f0029_1,00000003,f0029,1,179,bifurcation,0.9604,3
p0001_00000003_f0029_1,00000003,f0029,1,205,short_branch_artifact,0.6006,3
p0001_00000003_f0032_1,00000003,f0032,1,5,short_branch_artifact,0.5686,3
p0001_00000003_f0032_1,00000003,f0032,1,6,short_branch_artifact,0.5841,3
p0001_00000003_f0032_1,00000003,f0032,1,7,bifurcation,0.8419,3
p0001_00000003_f0032_1,00000003,f0032,1,8,bifurcation,0.8617,3
p0001_00000003_f0032_1,00000003,f0032,1,9,short_branch_artifact,0.5822,3
p0001_00000003_f0032_1,00000003,f0032,1,10,short_branch_artifact,0.6036,3
p0001_00000003_f0032_1,00000003,f0032,1,11,short_branch_artifact,0.5742,3
p0001_00000003_f0032_1,00000003,f0032,1,12,crossing_or_overlap,0.7349,4
p0001_00000003_f0032_1,00000003,f0032,1,15,short_branch_artifact,0.5678,3
p0001_00000003_f0032_1,00000003,f0032,1,18,short_branch_artifact,0.5334,3
p0001_00000003_f0032_1,00000003,f0032,1,19,short_branch_artifact,0.6348,3
p0001_00000003_f0032_1,00000003,f0032,1,28,bifurcation,0.9201,3
p0001_00000003_f0032_1,00000003,f0032,1,31,short_branch_artifact,0.6304,3
p0001_00000003_f0032_1,00000003,f0032,1,32,short_branch_artifact,0.6085,3
p0001_00000003_f0032_1,00000003,f0032,1,33,short_branch_artifact,0.5208,3
p0001_00000003_f0032_1,00000003,f0032,1,39,crossing_or_overlap,0.7696,4
p0001_00000003_f0032_1,00000003,f0032,1,41,short_branch_artifact,0.6304,3
p0001_00000003_f0032_1,00000003,f0032,1,42,bifurcation,0.9104,3
p0001_00000003_f0032_1,00000003,f0032,1,43,uncertain_high_order_branch,0.7177,4
p0001_00000003_f0032_1,00000003,f0032,1,44,bifurcation,0.9497,3
p0001_00000003_f0032_1,00000003,f0032,1,46,short_branch_artifact,0.6225,3
p0001_00000003_f0032_1,00000003,f0032,1,52,short_branch_artifact,0.6381,3
p0001_00000003_f0032_1,00000003,f0032,1,57,short_branch_artifact,0.6045,3
p0001_00000003_f0032_1,00000003,f0032,1,60,short_branch_artifact,0.6113,3
p0001_00000003_f0032_1,00000003,f0032,1,66,short_branch_artifact,0.624,3
p0001_00000003_f0032_1,00000003,f0032,1,68,short_branch_artifact,0.6259,3
p0001_00000003_f0032_1,00000003,f0032,1,69,short_branch_artifact,0.6429,3
p0001_00000003_f0032_1,00000003,f0032,1,75,bifurcation,1.0,3
p0001_00000003_f0032_1,00000003,f0032,1,78,short_branch_artifact,0.5822,3
p0001_00000003_f0032_1,00000003,f0032,1,80,short_branch_artifact,0.6366,3
p0001_00000003_f0032_1,00000003,f0032,1,86,short_branch_artifact,0.5769,3
p0001_00000003_f0032_1,00000003,f0032,1,91,bifurcation,1.0,3
p0001_00000003_f0032_1,00000003,f0032,1,93,short_branch_artifact,0.6105,3
p0001_00000003_f0032_1,00000003,f0032,1,96,short_branch_artifact,0.5514,3
p0001_00000003_f0032_1,00000003,f0032,1,99,short_branch_artifact,0.6214,3
p0001_00000003_f0032_1,00000003,f0032,1,108,short_branch_artifact,0.6272,3
p0001_00000003_f0032_1,00000003,f0032,1,110,short_branch_artifact,0.626,3
p0001_00000003_f0032_1,00000003,f0032,1,111,short_branch_artifact,0.6005,3
p0001_00000003_f0032_1,00000003,f0032,1,115,short_branch_artifact,0.5902,3
p0001_00000003_f0032_1,00000003,f0032,1,118,short_branch_artifact,0.6026,3
p0001_00000003_f0032_1,00000003,f0032,1,120,crossing_or_overlap,0.6959,4
p0001_00000003_f0032_1,00000003,f0032,1,125,short_branch_artifact,0.5958,3
p0001_00000003_f0032_1,00000003,f0032,1,126,short_branch_artifact,0.6357,3
p0001_00000003_f0032_1,00000003,f0032,1,127,short_branch_artifact,0.6238,3
p0001_00000003_f0032_1,00000003,f0032,1,129,short_branch_artifact,0.5877,3
p0001_00000003_f0032_1,00000003,f0032,1,131,short_branch_artifact,0.6301,3
p0001_00000003_f0032_1,00000003,f0032,1,133,short_branch_artifact,0.6208,3
p0001_00000003_f0032_1,00000003,f0032,1,134,short_branch_artifact,0.6022,3
p0001_00000003_f0032_1,00000003,f0032,1,136,short_branch_artifact,0.632,3
p0001_00000003_f0032_1,00000003,f0032,1,137,short_branch_artifact,0.6132,3
p0001_00000003_f0032_1,00000003,f0032,1,138,short_branch_artifact,0.6244,3
p0001_00000003_f0032_1,00000003,f0032,1,141,short_branch_artifact,0.6295,3
p0001_00000003_f0032_1,00000003,f0032,1,143,bifurcation,0.9211,3
p0001_00000003_f0032_1,00000003,f0032,1,145,short_branch_artifact,0.6258,3
p0001_00000003_f0032_1,00000003,f0032,1,153,short_branch_artifact,0.6036,3
p0001_00000003_f0032_1,00000003,f0032,1,154,bifurcation,1.0,3
p0001_00000003_f0032_1,00000003,f0032,1,157,short_branch_artifact,0.6257,3
p0001_00000003_f0032_1,00000003,f0032,1,158,short_branch_artifact,0.6104,3
p0001_00000003_f0032_1,00000003,f0032,1,163,short_branch_artifact,0.589,3
p0001_00000003_f0032_1,00000003,f0032,1,168,bifurcation,0.9023,3
p0001_00000003_f0032_1,00000003,f0032,1,185,bifurcation,1.0,3
p0001_00000003_f0032_1,00000003,f0032,1,208,bifurcation,0.9437,3
p0001_00000003_f0032_1,00000003,f0032,1,210,short_branch_artifact,0.5682,3
p0001_00000004_f0011_1,00000004,f0011,1,3,short_branch_artifact,0.5935,3
p0001_00000004_f0011_1,00000004,f0011,1,4,short_branch_artifact,0.6027,3
p0001_00000004_f0011_1,00000004,f0011,1,7,short_branch_artifact,0.5996,3
p0001_00000004_f0011_1,00000004,f0011,1,11,short_branch_artifact,0.6188,3
p0001_00000004_f0011_1,00000004,f0011,1,14,short_branch_artifact,0.6386,3
p0001_00000004_f0011_1,00000004,f0011,1,15,short_branch_artifact,0.5986,3
p0001_00000004_f0011_1,00000004,f0011,1,24,short_branch_artifact,0.6404,3
p0001_00000004_f0011_1,00000004,f0011,1,25,short_branch_artifact,0.6484,3
p0001_00000004_f0011_1,00000004,f0011,1,31,bifurcation,0.9304,3
p0001_00000004_f0011_1,00000004,f0011,1,32,short_branch_artifact,0.5969,3
p0001_00000004_f0011_1,00000004,f0011,1,33,short_branch_artifact,0.5969,3
p0001_00000004_f0011_1,00000004,f0011,1,35,short_branch_artifact,0.6333,3
p0001_00000004_f0011_1,00000004,f0011,1,36,short_branch_artifact,0.6119,3
p0001_00000004_f0011_1,00000004,f0011,1,37,short_branch_artifact,0.6421,3
p0001_00000004_f0011_1,00000004,f0011,1,38,short_branch_artifact,0.6236,3
p0001_00000004_f0011_1,00000004,f0011,1,39,bifurcation,1.0,3
p0001_00000004_f0011_1,00000004,f0011,1,43,short_branch_artifact,0.6049,3
p0001_00000004_f0019_1,00000004,f0019,1,1,short_branch_artifact,0.629,3
p0001_00000004_f0019_1,00000004,f0019,1,6,short_branch_artifact,0.5974,3
p0001_00000004_f0019_1,00000004,f0019,1,8,short_branch_artifact,0.634,3
p0001_00000004_f0019_1,00000004,f0019,1,18,short_branch_artifact,0.6119,3
p0001_00000004_f0021_1,00000004,f0021,1,2,short_branch_artifact,0.6257,3
p0001_00000004_f0021_1,00000004,f0021,1,9,bifurcation,0.9617,3
p0001_00000004_f0021_1,00000004,f0021,1,15,short_branch_artifact,0.6198,3
p0001_00000004_f0021_1,00000004,f0021,1,16,short_branch_artifact,0.5334,3
p0001_00000004_f0021_1,00000004,f0021,1,20,short_branch_artifact,0.5763,3
p0001_00000004_f0021_1,00000004,f0021,1,22,short_branch_artifact,0.6086,3
p0001_00000004_f0021_1,00000004,f0021,1,23,short_branch_artifact,0.5944,3
p0001_00000004_f0021_1,00000004,f0021,1,25,crossing_or_overlap,0.8161,4
p0001_00000004_f0021_1,00000004,f0021,1,26,short_branch_artifact,0.5646,3
p0001_00000004_f0021_1,00000004,f0021,1,29,short_branch_artifact,0.6481,3
p0001_00000004_f0021_1,00000004,f0021,1,46,short_branch_artifact,0.6139,3
p0001_00000004_f0021_1,00000004,f0021,1,48,short_branch_artifact,0.6358,3
p0001_00000004_f0021_1,00000004,f0021,1,58,short_branch_artifact,0.6029,3
p0001_00000004_f0026_1,00000004,f0026,1,3,short_branch_artifact,0.6399,3
p0001_00000004_f0026_1,00000004,f0026,1,5,short_branch_artifact,0.5973,3
p0001_00000004_f0026_1,00000004,f0026,1,9,short_branch_artifact,0.6243,3
p0001_00000004_f0026_1,00000004,f0026,1,16,short_branch_artifact,0.5285,3
p0001_00000004_f0029_1,00000004,f0029,1,2,short_branch_artifact,0.5952,3
p0001_00000004_f0029_1,00000004,f0029,1,4,short_branch_artifact,0.5757,3
p0001_00000004_f0029_1,00000004,f0029,1,6,crossing_or_overlap,0.7335,4
p0001_00000004_f0029_1,00000004,f0029,1,7,short_branch_artifact,0.5966,3
p0001_00000004_f0029_1,00000004,f0029,1,10,short_branch_artifact,0.6084,3
p0001_00000004_f0029_1,00000004,f0029,1,11,short_branch_artifact,0.6376,3
p0001_00000004_f0029_1,00000004,f0029,1,25,short_branch_artifact,0.6095,3
p0001_00000004_f0031_1,00000004,f0031,1,0,short_branch_artifact,0.6291,3
p0001_00000004_f0031_1,00000004,f0031,1,4,short_branch_artifact,0.6334,3
p0001_00000004_f0031_1,00000004,f0031,1,9,short_branch_artifact,0.6162,3
p0001_00000004_f0031_1,00000004,f0031,1,10,short_branch_artifact,0.6443,3
p0001_00000004_f0031_1,00000004,f0031,1,15,short_branch_artifact,0.6319,3
p0001_00000004_f0031_1,00000004,f0031,1,16,short_branch_artifact,0.6235,3
p0001_00000004_f0031_1,00000004,f0031,1,22,short_branch_artifact,0.6,3
p0001_00000004_f0031_1,00000004,f0031,1,23,short_branch_artifact,0.5859,3
p0001_00000004_f0031_1,00000004,f0031,1,24,short_branch_artifact,0.5149,3
p0001_00000004_f0031_1,00000004,f0031,1,25,short_branch_artifact,0.5434,3
p0001_00000004_f0031_1,00000004,f0031,1,30,bifurcation,0.9081,3
p0001_00000004_f0031_1,00000004,f0031,1,31,bifurcation,1.0,3
p0001_00000004_f0031_1,00000004,f0031,1,43,bifurcation,0.9762,3
p0001_00000004_f0031_1,00000004,f0031,1,47,short_branch_artifact,0.6264,3
p0001_00000004_f0031_1,00000004,f0031,1,50,short_branch_artifact,0.6387,3
p0001_00000004_f0031_1,00000004,f0031,1,53,short_branch_artifact,0.6376,3
p0001_00000004_f0031_1,00000004,f0031,1,58,short_branch_artifact,0.6361,3
p0001_00000004_f0031_1,00000004,f0031,1,73,short_branch_artifact,0.5647,3
p0001_00000004_f0031_1,00000004,f0031,1,78,short_branch_artifact,0.591,3
p0001_00000004_f0034_1,00000004,f0034,1,2,bifurcation,1.0,3
p0001_00000004_f0034_1,00000004,f0034,1,5,short_branch_artifact,0.6226,3
p0001_00000004_f0034_1,00000004,f0034,1,7,short_branch_artifact,0.6361,3
p0001_00000004_f0034_1,00000004,f0034,1,8,short_branch_artifact,0.5646,3
p0001_00000004_f0034_1,00000004,f0034,1,9,bifurcation,1.0,3
p0001_00000004_f0034_1,00000004,f0034,1,16,short_branch_artifact,0.5564,3
p0001_00000004_f0034_1,00000004,f0034,1,17,bifurcation,0.9494,3
p0001_00000004_f0034_1,00000004,f0034,1,19,short_branch_artifact,0.5757,3
p0001_00000004_f0034_1,00000004,f0034,1,22,crossing_or_overlap,0.8827,4
p0001_00000004_f0034_1,00000004,f0034,1,25,bifurcation,0.9204,3
p0001_00000004_f0034_1,00000004,f0034,1,44,short_branch_artifact,0.6091,3
p0001_00000004_f0034_1,00000004,f0034,1,46,short_branch_artifact,0.5193,3
p0001_00000004_f0034_1,00000004,f0034,1,47,short_branch_artifact,0.6117,3
p0001_00000004_f0034_1,00000004,f0034,1,51,short_branch_artifact,0.6219,3
p0001_00000004_f0034_1,00000004,f0034,1,64,short_branch_artifact,0.5719,3
p0001_00000004_f0036_1,00000004,f0036,1,0,short_branch_artifact,0.6339,3
p0001_00000004_f0036_1,00000004,f0036,1,1,short_branch_artifact,0.6021,3
p0001_00000004_f0036_1,00000004,f0036,1,3,short_branch_artifact,0.6381,3
p0001_00000004_f0036_1,00000004,f0036,1,7,short_branch_artifact,0.5845,3
p0001_00000004_f0036_1,00000004,f0036,1,12,short_branch_artifact,0.628,3
p0001_00000004_f0036_1,00000004,f0036,1,16,short_branch_artifact,0.5514,3
p0001_00000004_f0036_1,00000004,f0036,1,20,short_branch_artifact,0.6014,3
p0001_00000004_f0036_1,00000004,f0036,1,22,short_branch_artifact,0.5843,3
p0001_00000004_f0036_1,00000004,f0036,1,23,short_branch_artifact,0.6036,3
p0001_00000004_f0036_1,00000004,f0036,1,24,bifurcation,1.0,3
p0001_00000004_f0036_1,00000004,f0036,1,25,short_branch_artifact,0.614,3
p0001_00000004_f0036_1,00000004,f0036,1,28,short_branch_artifact,0.6155,3
p0001_00000004_f0036_1,00000004,f0036,1,31,bifurcation,0.8389,3
p0001_00000004_f0037_1,00000004,f0037,1,5,crossing_or_overlap,0.824,4
p0001_00000004_f0037_1,00000004,f0037,1,10,short_branch_artifact,0.6324,3
p0001_00000004_f0037_1,00000004,f0037,1,14,short_branch_artifact,0.6179,3
p0001_00000004_f0037_1,00000004,f0037,1,15,short_branch_artifact,0.6425,3
p0001_00000004_f0037_1,00000004,f0037,1,16,short_branch_artifact,0.5773,3
p0001_00000004_f0037_1,00000004,f0037,1,23,bifurcation,0.8808,3
p0001_00000004_f0037_1,00000004,f0037,1,24,bifurcation,0.8746,3
p0001_00000004_f0037_1,00000004,f0037,1,26,short_branch_artifact,0.595,3
p0001_00000004_f0037_1,00000004,f0037,1,28,short_branch_artifact,0.6247,3
p0001_00000004_f0037_1,00000004,f0037,1,29,short_branch_artifact,0.6068,3
p0001_00000004_f0037_1,00000004,f0037,1,31,short_branch_artifact,0.5525,3
p0001_00000004_f0037_1,00000004,f0037,1,36,short_branch_artifact,0.5452,3
p0001_00000004_f0037_1,00000004,f0037,1,39,short_branch_artifact,0.6181,3
p0001_00000004_f0037_1,00000004,f0037,1,40,short_branch_artifact,0.6116,3
p0001_00000004_f0037_1,00000004,f0037,1,41,short_branch_artifact,0.5908,3
p0001_00000004_f0037_1,00000004,f0037,1,42,short_branch_artifact,0.6168,3
p0001_00000004_f0037_1,00000004,f0037,1,43,short_branch_artifact,0.5952,3
p0001_00000004_f0037_1,00000004,f0037,1,45,short_branch_artifact,0.5588,3
p0001_00000004_f0037_1,00000004,f0037,1,67,bifurcation,0.8396,3
p0001_00000004_f0037_1,00000004,f0037,1,70,short_branch_artifact,0.6016,3
p0001_00000004_f0037_1,00000004,f0037,1,85,short_branch_artifact,0.5077,3
p0001_00000004_f0039_1,00000004,f0039,1,1,short_branch_artifact,0.6337,3
p0001_00000004_f0039_1,00000004,f0039,1,14,short_branch_artifact,0.6366,3
p0001_00000004_f0039_1,00000004,f0039,1,19,short_branch_artifact,0.6271,3
p0001_00000004_f0039_1,00000004,f0039,1,21,short_branch_artifact,0.5845,3
p0001_00000004_f0039_1,00000004,f0039,1,26,short_branch_artifact,0.5552,3
p0001_00000004_f0039_1,00000004,f0039,1,29,short_branch_artifact,0.568,3
p0001_00000004_f0039_1,00000004,f0039,1,30,short_branch_artifact,0.624,3
p0001_00000004_f0039_1,00000004,f0039,1,31,short_branch_artifact,0.5885,3
p0001_00000004_f0039_1,00000004,f0039,1,33,short_branch_artifact,0.567,3
p0001_00000004_f0039_1,00000004,f0039,1,37,short_branch_artifact,0.6062,3
p0001_00000004_f0039_1,00000004,f0039,1,55,uncertain_complex_junction,0.72,5
p0001_00000004_f0039_1,00000004,f0039,1,61,short_branch_artifact,0.6436,3
p0001_00000004_f0039_1,00000004,f0039,1,71,short_branch_artifact,0.5423,3
p0003_00000001_f0003_7,00000001,f0003,7,1,short_branch_artifact,0.642,3
p0003_00000001_f0003_7,00000001,f0003,7,6,short_branch_artifact,0.6289,3
p0003_00000001_f0004_7,00000001,f0004,7,6,short_branch_artifact,0.6185,3
p0003_00000001_f0005_7,00000001,f0005,7,1,bifurcation,0.9451,3
p0003_00000001_f0005_7,00000001,f0005,7,6,short_branch_artifact,0.5982,3
p0003_00000001_f0005_7,00000001,f0005,7,11,short_branch_artifact,0.5924,3
p0003_00000001_f0006_7,00000001,f0006,7,4,bifurcation,0.918,3
p0003_00000001_f0006_7,00000001,f0006,7,12,short_branch_artifact,0.6305,3
p0003_00000001_f0006_7,00000001,f0006,7,13,short_branch_artifact,0.6144,3
p0003_00000001_f0006_7,00000001,f0006,7,24,short_branch_artifact,0.5546,3
p0003_00000001_f0006_7,00000001,f0006,7,25,bifurcation,0.9794,3
p0003_00000001_f0007_7,00000001,f0007,7,2,bifurcation,0.9495,3
p0003_00000001_f0007_7,00000001,f0007,7,4,short_branch_artifact,0.5521,3
p0003_00000001_f0007_7,00000001,f0007,7,8,short_branch_artifact,0.5915,3
p0003_00000001_f0007_7,00000001,f0007,7,10,short_branch_artifact,0.5587,3
p0003_00000001_f0007_7,00000001,f0007,7,21,short_branch_artifact,0.5566,3
p0003_00000001_f0007_7,00000001,f0007,7,23,short_branch_artifact,0.5658,3
p0003_00000001_f0008_7,00000001,f0008,7,3,short_branch_artifact,0.5863,3
p0003_00000001_f0008_7,00000001,f0008,7,9,short_branch_artifact,0.6119,3
p0003_00000001_f0008_7,00000001,f0008,7,11,short_branch_artifact,0.618,3
p0003_00000001_f0008_7,00000001,f0008,7,14,short_branch_artifact,0.5854,3
p0003_00000001_f0008_7,00000001,f0008,7,19,short_branch_artifact,0.6098,3
p0003_00000001_f0008_7,00000001,f0008,7,20,short_branch_artifact,0.5664,3
p0003_00000001_f0008_7,00000001,f0008,7,21,bifurcation,0.9902,3
p0003_00000001_f0008_7,00000001,f0008,7,23,short_branch_artifact,0.544,3
p0003_00000001_f0008_7,00000001,f0008,7,25,short_branch_artifact,0.6005,3
p0003_00000001_f0009_7,00000001,f0009,7,3,crossing_or_overlap,0.7237,4
p0003_00000001_f0009_7,00000001,f0009,7,4,short_branch_artifact,0.5253,3
p0003_00000001_f0009_7,00000001,f0009,7,8,short_branch_artifact,0.6239,3
p0003_00000001_f0009_7,00000001,f0009,7,9,short_branch_artifact,0.6173,3
p0003_00000001_f0009_7,00000001,f0009,7,12,bifurcation,1.0,3
p0003_00000001_f0009_7,00000001,f0009,7,13,short_branch_artifact,0.5969,3
p0003_00000001_f0009_7,00000001,f0009,7,16,short_branch_artifact,0.613,3
p0003_00000001_f0009_7,00000001,f0009,7,17,short_branch_artifact,0.6047,3
p0003_00000001_f0009_7,00000001,f0009,7,24,crossing_or_overlap,0.8469,4
p0003_00000001_f0009_7,00000001,f0009,7,31,short_branch_artifact,0.5849,3
p0003_00000001_f0010_7,00000001,f0010,7,0,bifurcation,1.0,3
p0003_00000001_f0010_7,00000001,f0010,7,2,short_branch_artifact,0.6374,3
p0003_00000001_f0010_7,00000001,f0010,7,3,crossing_or_overlap,0.7933,4
p0003_00000001_f0010_7,00000001,f0010,7,5,short_branch_artifact,0.565,3
p0003_00000001_f0010_7,00000001,f0010,7,6,bifurcation,1.0,3
p0003_00000001_f0010_7,00000001,f0010,7,7,short_branch_artifact,0.6153,3
p0003_00000001_f0010_7,00000001,f0010,7,8,short_branch_artifact,0.6151,3
p0003_00000001_f0010_7,00000001,f0010,7,13,short_branch_artifact,0.5956,3
p0003_00000001_f0010_7,00000001,f0010,7,14,crossing_or_overlap,0.7477,4
p0003_00000001_f0010_7,00000001,f0010,7,20,short_branch_artifact,0.6158,3
p0003_00000001_f0010_7,00000001,f0010,7,24,short_branch_artifact,0.5887,3
p0003_00000001_f0010_7,00000001,f0010,7,33,short_branch_artifact,0.6387,3
p0003_00000001_f0010_7,00000001,f0010,7,37,short_branch_artifact,0.6421,3
p0003_00000001_f0010_7,00000001,f0010,7,40,short_branch_artifact,0.5793,3
p0003_00000001_f0010_7,00000001,f0010,7,48,bifurcation,1.0,3
p0003_00000001_f0010_7,00000001,f0010,7,52,short_branch_artifact,0.6383,3
p0003_00000001_f0011_7,00000001,f0011,7,1,short_branch_artifact,0.6474,3
p0003_00000001_f0011_7,00000001,f0011,7,3,short_branch_artifact,0.6046,3
p0003_00000001_f0011_7,00000001,f0011,7,4,short_branch_artifact,0.5546,3
p0003_00000001_f0011_7,00000001,f0011,7,5,short_branch_artifact,0.5795,3
p0003_00000001_f0011_7,00000001,f0011,7,6,short_branch_artifact,0.5838,3
p0003_00000001_f0011_7,00000001,f0011,7,12,short_branch_artifact,0.5723,3
p0003_00000001_f0011_7,00000001,f0011,7,14,short_branch_artifact,0.5973,3
p0003_00000001_f0011_7,00000001,f0011,7,17,short_branch_artifact,0.6376,3
p0003_00000001_f0011_7,00000001,f0011,7,19,short_branch_artifact,0.6061,3
p0003_00000001_f0011_7,00000001,f0011,7,20,short_branch_artifact,0.5966,3
p0003_00000001_f0011_7,00000001,f0011,7,22,short_branch_artifact,0.6082,3
p0003_00000001_f0011_7,00000001,f0011,7,24,short_branch_artifact,0.604,3
p0003_00000001_f0011_7,00000001,f0011,7,25,short_branch_artifact,0.6007,3
p0003_00000001_f0011_7,00000001,f0011,7,31,short_branch_artifact,0.5519,3
p0003_00000001_f0011_7,00000001,f0011,7,33,short_branch_artifact,0.5982,3
p0003_00000001_f0011_7,00000001,f0011,7,39,short_branch_artifact,0.6046,3
p0003_00000001_f0011_7,00000001,f0011,7,40,short_branch_artifact,0.5831,3
p0003_00000001_f0011_7,00000001,f0011,7,45,short_branch_artifact,0.5814,3
p0003_00000001_f0011_7,00000001,f0011,7,47,short_branch_artifact,0.6145,3
p0003_00000001_f0011_7,00000001,f0011,7,48,short_branch_artifact,0.6059,3
p0003_00000001_f0011_7,00000001,f0011,7,53,bifurcation,1.0,3
p0003_00000001_f0011_7,00000001,f0011,7,55,short_branch_artifact,0.6072,3
p0003_00000001_f0011_7,00000001,f0011,7,68,bifurcation,1.0,3
p0003_00000001_f0011_7,00000001,f0011,7,73,bifurcation,1.0,3
p0004_00000003_f0002_3,00000003,f0002,3,2,short_branch_artifact,0.6251,3
p0004_00000003_f0003_3,00000003,f0003,3,2,short_branch_artifact,0.621,3
p0004_00000003_f0003_3,00000003,f0003,3,11,bifurcation,0.8405,3
p0004_00000003_f0003_6,00000003,f0003,6,5,short_branch_artifact,0.5976,3
p0004_00000003_f0003_6,00000003,f0003,6,17,short_branch_artifact,0.6052,3
p0004_00000003_f0004_3,00000003,f0004,3,5,short_branch_artifact,0.5631,3
p0004_00000003_f0004_3,00000003,f0004,3,12,short_branch_artifact,0.611,3
p0004_00000003_f0004_3,00000003,f0004,3,22,short_branch_artifact,0.5944,3
p0004_00000003_f0004_6,00000003,f0004,6,6,short_branch_artifact,0.6325,3
p0004_00000003_f0004_6,00000003,f0004,6,19,bifurcation,1.0,3
p0004_00000003_f0005_3,00000003,f0005,3,1,bifurcation,0.9091,3
p0004_00000003_f0005_3,00000003,f0005,3,4,bifurcation,0.9808,3
p0004_00000003_f0005_3,00000003,f0005,3,6,bifurcation,1.0,3
p0004_00000003_f0005_3,00000003,f0005,3,23,short_branch_artifact,0.6087,3
p0004_00000003_f0005_6,00000003,f0005,6,5,short_branch_artifact,0.579,3
p0004_00000003_f0005_6,00000003,f0005,6,6,short_branch_artifact,0.5919,3
p0004_00000003_f0005_6,00000003,f0005,6,7,short_branch_artifact,0.5992,3
p0004_00000003_f0005_6,00000003,f0005,6,31,short_branch_artifact,0.6161,3
p0004_00000003_f0006_3,00000003,f0006,3,3,short_branch_artifact,0.5561,3
p0004_00000003_f0006_3,00000003,f0006,3,7,short_branch_artifact,0.621,3
p0004_00000003_f0006_3,00000003,f0006,3,10,short_branch_artifact,0.6413,3
p0004_00000003_f0006_3,00000003,f0006,3,33,bifurcation,0.9765,3
p0004_00000003_f0006_6,00000003,f0006,6,4,short_branch_artifact,0.566,3
p0004_00000003_f0006_6,00000003,f0006,6,8,short_branch_artifact,0.62,3
p0004_00000003_f0006_6,00000003,f0006,6,10,short_branch_artifact,0.614,3
p0004_00000003_f0006_6,00000003,f0006,6,27,short_branch_artifact,0.6257,3
p0004_00000003_f0007_3,00000003,f0007,3,8,short_branch_artifact,0.6349,3
p0004_00000003_f0007_3,00000003,f0007,3,12,short_branch_artifact,0.6125,3
p0004_00000003_f0007_3,00000003,f0007,3,15,short_branch_artifact,0.6388,3
p0004_00000003_f0007_3,00000003,f0007,3,21,short_branch_artifact,0.5928,3
p0004_00000003_f0007_3,00000003,f0007,3,35,bifurcation,0.9524,3
p0004_00000003_f0007_6,00000003,f0007,6,6,short_branch_artifact,0.6003,3
p0004_00000003_f0007_6,00000003,f0007,6,9,bifurcation,0.9786,3
p0004_00000003_f0007_6,00000003,f0007,6,12,short_branch_artifact,0.636,3
p0004_00000003_f0007_6,00000003,f0007,6,33,short_branch_artifact,0.5917,3
p0004_00000003_f0007_6,00000003,f0007,6,35,short_branch_artifact,0.6296,3
p0004_00000003_f0008_3,00000003,f0008,3,6,short_branch_artifact,0.6184,3
p0004_00000003_f0008_3,00000003,f0008,3,10,short_branch_artifact,0.6102,3
p0004_00000003_f0008_3,00000003,f0008,3,11,short_branch_artifact,0.6385,3
p0004_00000003_f0008_3,00000003,f0008,3,17,short_branch_artifact,0.6038,3
p0004_00000003_f0008_3,00000003,f0008,3,35,bifurcation,0.9536,3
p0004_00000003_f0008_6,00000003,f0008,6,3,short_branch_artifact,0.5881,3
p0004_00000003_f0008_6,00000003,f0008,6,8,short_branch_artifact,0.6126,3
p0004_00000003_f0008_6,00000003,f0008,6,9,short_branch_artifact,0.5944,3
p0004_00000003_f0008_6,00000003,f0008,6,13,bifurcation,1.0,3
p0004_00000003_f0008_6,00000003,f0008,6,15,short_branch_artifact,0.6379,3
p0004_00000003_f0008_6,00000003,f0008,6,37,short_branch_artifact,0.6216,3
p0004_00000003_f0009_3,00000003,f0009,3,2,bifurcation,0.91,3
p0004_00000003_f0009_3,00000003,f0009,3,4,short_branch_artifact,0.5895,3
p0004_00000003_f0009_3,00000003,f0009,3,6,bifurcation,0.9379,3
p0004_00000003_f0009_3,00000003,f0009,3,18,short_branch_artifact,0.6049,3
p0004_00000003_f0009_6,00000003,f0009,6,6,short_branch_artifact,0.6328,3
p0004_00000003_f0009_6,00000003,f0009,6,8,bifurcation,1.0,3
p0004_00000003_f0009_6,00000003,f0009,6,10,bifurcation,0.9316,3
p0004_00000003_f0009_6,00000003,f0009,6,26,bifurcation,0.7755,3
p0004_00000003_f0009_6,00000003,f0009,6,30,bifurcation,0.7552,3
p0004_00000003_f0009_6,00000003,f0009,6,31,short_branch_artifact,0.6072,3
p0004_00000003_f0009_6,00000003,f0009,6,48,short_branch_artifact,0.6448,3
p0004_00000003_f0010_3,00000003,f0010,3,2,short_branch_artifact,0.6244,3
p0004_00000003_f0010_3,00000003,f0010,3,7,short_branch_artifact,0.6079,3
p0004_00000003_f0010_3,00000003,f0010,3,8,bifurcation,0.9831,3
p0004_00000003_f0010_3,00000003,f0010,3,29,bifurcation,0.8982,3
p0004_00000003_f0010_6,00000003,f0010,6,4,short_branch_artifact,0.5963,3
p0004_00000003_f0010_6,00000003,f0010,6,8,short_branch_artifact,0.5791,3
p0004_00000003_f0010_6,00000003,f0010,6,11,bifurcation,0.9513,3
p0004_00000003_f0010_6,00000003,f0010,6,12,bifurcation,1.0,3
p0004_00000003_f0010_6,00000003,f0010,6,14,short_branch_artifact,0.643,3
p0004_00000003_f0010_6,00000003,f0010,6,29,short_branch_artifact,0.5731,3
p0004_00000003_f0010_6,00000003,f0010,6,32,bifurcation,1.0,3
p0004_00000003_f0011_3,00000003,f0011,3,6,short_branch_artifact,0.6327,3
p0004_00000003_f0011_3,00000003,f0011,3,9,short_branch_artifact,0.6252,3
p0004_00000003_f0011_3,00000003,f0011,3,11,short_branch_artifact,0.6365,3
p0004_00000003_f0011_3,00000003,f0011,3,30,short_branch_artifact,0.6028,3
p0004_00000003_f0011_6,00000003,f0011,6,0,bifurcation,1.0,3
p0004_00000003_f0011_6,00000003,f0011,6,8,short_branch_artifact,0.6241,3
p0004_00000003_f0011_6,00000003,f0011,6,9,short_branch_artifact,0.5212,3
p0004_00000003_f0011_6,00000003,f0011,6,12,bifurcation,0.9885,3
p0004_00000003_f0011_6,00000003,f0011,6,13,short_branch_artifact,0.6449,3
p0004_00000003_f0011_6,00000003,f0011,6,18,bifurcation,0.9076,3
p0004_00000003_f0011_6,00000003,f0011,6,30,short_branch_artifact,0.5617,3
p0004_00000003_f0011_6,00000003,f0011,6,32,short_branch_artifact,0.6397,3
p0004_00000003_f0011_6,00000003,f0011,6,35,short_branch_artifact,0.5684,3
p0004_00000003_f0011_6,00000003,f0011,6,37,short_branch_artifact,0.6194,3
p0004_00000003_f0011_6,00000003,f0011,6,42,short_branch_artifact,0.5902,3
p0004_00000003_f0011_6,00000003,f0011,6,56,short_branch_artifact,0.6253,3
p0004_00000003_f0012_3,00000003,f0012,3,2,short_branch_artifact,0.6383,3
p0004_00000003_f0012_3,00000003,f0012,3,7,bifurcation,1.0,3
p0004_00000003_f0012_3,00000003,f0012,3,8,bifurcation,1.0,3
p0004_00000003_f0012_3,00000003,f0012,3,23,bifurcation,0.9278,3
p0004_00000003_f0012_6,00000003,f0012,6,2,short_branch_artifact,0.6066,3
p0004_00000003_f0012_6,00000003,f0012,6,8,bifurcation,0.9116,3
p0004_00000003_f0012_6,00000003,f0012,6,12,bifurcation,1.0,3
p0004_00000003_f0012_6,00000003,f0012,6,14,short_branch_artifact,0.6271,3
p0004_00000003_f0012_6,00000003,f0012,6,16,short_branch_artifact,0.5335,3
p0004_00000003_f0012_6,00000003,f0012,6,26,short_branch_artifact,0.6057,3
p0004_00000003_f0012_6,00000003,f0012,6,38,short_branch_artifact,0.6382,3
p0004_00000003_f0012_6,00000003,f0012,6,39,short_branch_artifact,0.6328,3
p0004_00000003_f0012_6,00000003,f0012,6,40,short_branch_artifact,0.5689,3
p0004_00000003_f0012_6,00000003,f0012,6,44,short_branch_artifact,0.5618,3
p0004_00000003_f0012_6,00000003,f0012,6,49,short_branch_artifact,0.5836,3
p0004_00000003_f0012_6,00000003,f0012,6,51,short_branch_artifact,0.6318,3
p0004_00000003_f0012_6,00000003,f0012,6,58,short_branch_artifact,0.6441,3
p0004_00000003_f0012_6,00000003,f0012,6,68,short_branch_artifact,0.6024,3
p0004_00000003_f0013_3,00000003,f0013,3,1,bifurcation,1.0,3
p0004_00000003_f0013_3,00000003,f0013,3,5,bifurcation,1.0,3
p0004_00000003_f0013_3,00000003,f0013,3,8,short_branch_artifact,0.6293,3
p0004_00000003_f0013_3,00000003,f0013,3,36,bifurcation,0.9242,3
p0004_00000003_f0013_6,00000003,f0013,6,1,bifurcation,1.0,3
p0004_00000003_f0013_6,00000003,f0013,6,7,short_branch_artifact,0.6185,3
p0004_00000003_f0013_6,00000003,f0013,6,10,short_branch_artifact,0.6237,3
p0004_00000003_f0013_6,00000003,f0013,6,13,short_branch_artifact,0.6312,3
p0004_00000003_f0013_6,00000003,f0013,6,16,short_branch_artifact,0.5508,3
p0004_00000003_f0013_6,00000003,f0013,6,18,short_branch_artifact,0.6122,3
p0004_00000003_f0013_6,00000003,f0013,6,35,short_branch_artifact,0.6279,3
p0004_00000003_f0013_6,00000003,f0013,6,38,crossing_or_overlap,0.7488,4
p0004_00000003_f0013_6,00000003,f0013,6,40,short_branch_artifact,0.5848,3
p0004_00000003_f0013_6,00000003,f0013,6,42,crossing_or_overlap,0.8218,4
p0004_00000003_f0013_6,00000003,f0013,6,49,short_branch_artifact,0.5825,3
p0004_00000003_f0013_6,00000003,f0013,6,50,short_branch_artifact,0.6378,3
p0004_00000003_f0013_6,00000003,f0013,6,57,short_branch_artifact,0.6334,3
p0004_00000003_f0013_6,00000003,f0013,6,69,short_branch_artifact,0.6027,3
p0004_00000003_f0014_3,00000003,f0014,3,2,short_branch_artifact,0.6067,3
p0004_00000003_f0014_3,00000003,f0014,3,6,short_branch_artifact,0.5796,3
p0004_00000003_f0014_3,00000003,f0014,3,9,short_branch_artifact,0.6442,3
p0004_00000003_f0014_3,00000003,f0014,3,33,short_branch_artifact,0.6034,3
p0004_00000003_f0014_3,00000003,f0014,3,41,bifurcation,1.0,3
p0004_00000003_f0014_6,00000003,f0014,6,1,short_branch_artifact,0.586,3
p0004_00000003_f0014_6,00000003,f0014,6,6,short_branch_artifact,0.6403,3
p0004_00000003_f0014_6,00000003,f0014,6,7,short_branch_artifact,0.5155,3
p0004_00000003_f0014_6,00000003,f0014,6,11,short_branch_artifact,0.6312,3
p0004_00000003_f0014_6,00000003,f0014,6,14,short_branch_artifact,0.6308,3
p0004_00000003_f0014_6,00000003,f0014,6,16,short_branch_artifact,0.5587,3
p0004_00000003_f0014_6,00000003,f0014,6,26,short_branch_artifact,0.6097,3
p0004_00000003_f0014_6,00000003,f0014,6,34,short_branch_artifact,0.6247,3
p0004_00000003_f0014_6,00000003,f0014,6,40,bifurcation,0.8985,3
p0004_00000003_f0014_6,00000003,f0014,6,41,bifurcation,0.8112,3
p0004_00000003_f0014_6,00000003,f0014,6,47,short_branch_artifact,0.5966,3
p0004_00000003_f0014_6,00000003,f0014,6,56,short_branch_artifact,0.6275,3
p0004_00000003_f0014_6,00000003,f0014,6,62,short_branch_artifact,0.6458,3
p0004_00000003_f0014_6,00000003,f0014,6,75,short_branch_artifact,0.6229,3
p0004_00000003_f0015_3,00000003,f0015,3,3,short_branch_artifact,0.6084,3
p0004_00000003_f0015_3,00000003,f0015,3,10,short_branch_artifact,0.6306,3
p0004_00000003_f0015_3,00000003,f0015,3,28,bifurcation,0.984,3
p0004_00000003_f0015_3,00000003,f0015,3,55,short_branch_artifact,0.6283,3
p0004_00000003_f0015_6,00000003,f0015,6,5,bifurcation,0.9166,3
p0004_00000003_f0015_6,00000003,f0015,6,11,short_branch_artifact,0.6008,3
p0004_00000003_f0015_6,00000003,f0015,6,15,short_branch_artifact,0.6235,3
p0004_00000003_f0015_6,00000003,f0015,6,30,short_branch_artifact,0.5869,3
p0004_00000003_f0015_6,00000003,f0015,6,34,short_branch_artifact,0.6047,3
p0004_00000003_f0015_6,00000003,f0015,6,52,short_branch_artifact,0.639,3
p0004_00000003_f0015_6,00000003,f0015,6,54,bifurcation,1.0,3
p0004_00000003_f0015_6,00000003,f0015,6,64,short_branch_artifact,0.6343,3
p0004_00000003_f0016_3,00000003,f0016,3,5,short_branch_artifact,0.634,3
p0004_00000003_f0016_3,00000003,f0016,3,10,bifurcation,0.9493,3
p0004_00000003_f0016_3,00000003,f0016,3,14,bifurcation,0.936,3
p0004_00000003_f0016_3,00000003,f0016,3,34,bifurcation,1.0,3
p0004_00000003_f0016_3,00000003,f0016,3,60,short_branch_artifact,0.6325,3
p0004_00000003_f0016_6,00000003,f0016,6,3,short_branch_artifact,0.6279,3
p0004_00000003_f0016_6,00000003,f0016,6,4,short_branch_artifact,0.6107,3
p0004_00000003_f0016_6,00000003,f0016,6,9,uncertain_high_order_branch,0.681,4
p0004_00000003_f0016_6,00000003,f0016,6,14,short_branch_artifact,0.6281,3
p0004_00000003_f0016_6,00000003,f0016,6,28,bifurcation,0.9574,3
p0004_00000003_f0016_6,00000003,f0016,6,45,short_branch_artifact,0.5585,3
p0004_00000003_f0016_6,00000003,f0016,6,46,bifurcation,0.9774,3
p0004_00000003_f0016_6,00000003,f0016,6,63,bifurcation,1.0,3
p0004_00000003_f0016_6,00000003,f0016,6,71,short_branch_artifact,0.6312,3
p0004_00000003_f0016_6,00000003,f0016,6,86,short_branch_artifact,0.633,3
p0004_00000003_f0017_3,00000003,f0017,3,8,short_branch_artifact,0.6005,3
p0004_00000003_f0017_3,00000003,f0017,3,13,bifurcation,0.9831,3
p0004_00000003_f0017_3,00000003,f0017,3,15,short_branch_artifact,0.5738,3
p0004_00000003_f0017_3,00000003,f0017,3,37,short_branch_artifact,0.6307,3
p0004_00000003_f0017_3,00000003,f0017,3,65,bifurcation,0.9344,3
p0004_00000003_f0017_6,00000003,f0017,6,7,bifurcation,0.9202,3
p0004_00000003_f0017_6,00000003,f0017,6,9,bifurcation,1.0,3
p0004_00000003_f0017_6,00000003,f0017,6,10,bifurcation,0.9881,3
p0004_00000003_f0017_6,00000003,f0017,6,14,short_branch_artifact,0.6447,3
p0004_00000003_f0017_6,00000003,f0017,6,19,short_branch_artifact,0.6179,3
p0004_00000003_f0017_6,00000003,f0017,6,21,short_branch_artifact,0.5933,3
p0004_00000003_f0017_6,00000003,f0017,6,35,short_branch_artifact,0.602,3
p0004_00000003_f0017_6,00000003,f0017,6,39,short_branch_artifact,0.6105,3
p0004_00000003_f0017_6,00000003,f0017,6,42,short_branch_artifact,0.6301,3
p0004_00000003_f0017_6,00000003,f0017,6,51,short_branch_artifact,0.5768,3
p0004_00000003_f0017_6,00000003,f0017,6,59,short_branch_artifact,0.5555,3
p0004_00000003_f0017_6,00000003,f0017,6,63,short_branch_artifact,0.6346,3
p0004_00000003_f0017_6,00000003,f0017,6,89,short_branch_artifact,0.6256,3
p0004_00000003_f0017_6,00000003,f0017,6,95,short_branch_artifact,0.6164,3
p0004_00000003_f0017_6,00000003,f0017,6,105,short_branch_artifact,0.6261,3
p0004_00000003_f0017_6,00000003,f0017,6,107,bifurcation,0.9653,3
p0004_00000003_f0018_3,00000003,f0018,3,4,short_branch_artifact,0.5803,3
p0004_00000003_f0018_3,00000003,f0018,3,8,short_branch_artifact,0.5855,3
p0004_00000003_f0018_3,00000003,f0018,3,9,short_branch_artifact,0.604,3
p0004_00000003_f0018_3,00000003,f0018,3,11,short_branch_artifact,0.6368,3
p0004_00000003_f0018_3,00000003,f0018,3,46,bifurcation,0.9361,3
p0004_00000003_f0018_3,00000003,f0018,3,62,short_branch_artifact,0.6326,3
p0004_00000003_f0018_3,00000003,f0018,3,68,short_branch_artifact,0.5928,3
p0004_00000003_f0018_3,00000003,f0018,3,85,short_branch_artifact,0.6027,3
p0004_00000003_f0018_3,00000003,f0018,3,93,short_branch_artifact,0.6336,3
p0004_00000003_f0018_3,00000003,f0018,3,95,bifurcation,0.9554,3
p0004_00000003_f0018_6,00000003,f0018,6,6,short_branch_artifact,0.6246,3
p0004_00000003_f0018_6,00000003,f0018,6,9,short_branch_artifact,0.6084,3
p0004_00000003_f0018_6,00000003,f0018,6,10,short_branch_artifact,0.6285,3
p0004_00000003_f0018_6,00000003,f0018,6,12,short_branch_artifact,0.6068,3
p0004_00000003_f0018_6,00000003,f0018,6,31,short_branch_artifact,0.5818,3
p0004_00000003_f0018_6,00000003,f0018,6,39,short_branch_artifact,0.5764,3
p0004_00000003_f0018_6,00000003,f0018,6,43,bifurcation,0.9647,3
p0004_00000003_f0018_6,00000003,f0018,6,57,short_branch_artifact,0.6136,3
p0004_00000003_f0018_6,00000003,f0018,6,58,short_branch_artifact,0.6284,3
p0004_00000003_f0018_6,00000003,f0018,6,80,short_branch_artifact,0.6469,3
p0004_00000003_f0019_3,00000003,f0019,3,3,short_branch_artifact,0.5941,3
p0004_00000003_f0019_3,00000003,f0019,3,6,short_branch_artifact,0.6072,3
p0004_00000003_f0019_3,00000003,f0019,3,9,short_branch_artifact,0.6464,3
p0004_00000003_f0019_3,00000003,f0019,3,55,short_branch_artifact,0.6068,3
p0004_00000003_f0019_3,00000003,f0019,3,78,short_branch_artifact,0.5825,3
p0004_00000003_f0019_3,00000003,f0019,3,87,short_branch_artifact,0.624,3
p0004_00000003_f0019_3,00000003,f0019,3,88,short_branch_artifact,0.6444,3
p0004_00000003_f0019_3,00000003,f0019,3,91,short_branch_artifact,0.6465,3
p0004_00000003_f0019_3,00000003,f0019,3,102,short_branch_artifact,0.65,3
p0004_00000003_f0019_3,00000003,f0019,3,103,bifurcation,1.0,3
p0004_00000003_f0019_6,00000003,f0019,6,2,short_branch_artifact,0.5898,3
p0004_00000003_f0019_6,00000003,f0019,6,5,short_branch_artifact,0.6269,3
p0004_00000003_f0019_6,00000003,f0019,6,6,short_branch_artifact,0.6029,3
p0004_00000003_f0019_6,00000003,f0019,6,8,short_branch_artifact,0.6338,3
p0004_00000003_f0019_6,00000003,f0019,6,34,short_branch_artifact,0.5999,3
p0004_00000003_f0019_6,00000003,f0019,6,43,crossing_or_overlap,0.673,4
p0004_00000003_f0019_6,00000003,f0019,6,45,short_branch_artifact,0.6368,3
p0004_00000003_f0019_6,00000003,f0019,6,60,short_branch_artifact,0.5875,3
p0004_00000003_f0019_6,00000003,f0019,6,68,short_branch_artifact,0.6091,3
p0004_00000003_f0020_3,00000003,f0020,3,0,bifurcation,0.9066,3
p0004_00000003_f0020_3,00000003,f0020,3,3,bifurcation,1.0,3
p0004_00000003_f0020_3,00000003,f0020,3,7,short_branch_artifact,0.6475,3
p0004_00000003_f0020_3,00000003,f0020,3,9,bifurcation,0.9517,3
p0004_00000003_f0020_3,00000003,f0020,3,36,bifurcation,0.931,3
p0004_00000003_f0020_3,00000003,f0020,3,52,short_branch_artifact,0.618,3
p0004_00000003_f0020_3,00000003,f0020,3,70,short_branch_artifact,0.6214,3
p0004_00000003_f0020_3,00000003,f0020,3,75,short_branch_artifact,0.6362,3
p0004_00000003_f0020_3,00000003,f0020,3,76,short_branch_artifact,0.6173,3
p0004_00000003_f0020_3,00000003,f0020,3,77,short_branch_artifact,0.5812,3
p0004_00000003_f0020_3,00000003,f0020,3,78,short_branch_artifact,0.6104,3
p0004_00000003_f0020_3,00000003,f0020,3,81,short_branch_artifact,0.6272,3
p0004_00000003_f0020_3,00000003,f0020,3,84,short_branch_artifact,0.6223,3
p0004_00000003_f0020_3,00000003,f0020,3,87,short_branch_artifact,0.5968,3
p0004_00000003_f0020_3,00000003,f0020,3,96,short_branch_artifact,0.6494,3
p0004_00000003_f0020_6,00000003,f0020,6,1,short_branch_artifact,0.633,3
p0004_00000003_f0020_6,00000003,f0020,6,5,short_branch_artifact,0.6378,3
p0004_00000003_f0020_6,00000003,f0020,6,7,short_branch_artifact,0.6258,3
p0004_00000003_f0020_6,00000003,f0020,6,9,short_branch_artifact,0.622,3
p0004_00000003_f0020_6,00000003,f0020,6,30,short_branch_artifact,0.5858,3
p0004_00000003_f0020_6,00000003,f0020,6,41,short_branch_artifact,0.5946,3
p0004_00000003_f0020_6,00000003,f0020,6,46,short_branch_artifact,0.5813,3
p0004_00000003_f0020_6,00000003,f0020,6,49,short_branch_artifact,0.6345,3
p0004_00000003_f0020_6,00000003,f0020,6,66,short_branch_artifact,0.6006,3
p0004_00000003_f0020_6,00000003,f0020,6,76,short_branch_artifact,0.6396,3
p0004_00000003_f0020_6,00000003,f0020,6,80,short_branch_artifact,0.6066,3
p0004_00000003_f0020_6,00000003,f0020,6,83,bifurcation,0.9162,3
p0004_00000003_f0020_6,00000003,f0020,6,101,short_branch_artifact,0.6178,3
p0004_00000003_f0020_6,00000003,f0020,6,113,short_branch_artifact,0.6329,3
p0004_00000003_f0020_6,00000003,f0020,6,114,short_branch_artifact,0.6494,3
p0004_00000003_f0021_3,00000003,f0021,3,2,short_branch_artifact,0.5678,3
p0004_00000003_f0021_3,00000003,f0021,3,4,short_branch_artifact,0.617,3
p0004_00000003_f0021_3,00000003,f0021,3,6,bifurcation,1.0,3
p0004_00000003_f0021_3,00000003,f0021,3,8,short_branch_artifact,0.5731,3
p0004_00000003_f0021_3,00000003,f0021,3,35,short_branch_artifact,0.5777,3
p0004_00000003_f0021_3,00000003,f0021,3,49,uncertain_high_order_branch,0.7319,4
p0004_00000003_f0021_3,00000003,f0021,3,79,short_branch_artifact,0.5978,3
p0004_00000003_f0021_3,00000003,f0021,3,87,bifurcation,0.8593,3
p0004_00000003_f0021_3,00000003,f0021,3,98,short_branch_artifact,0.6278,3
p0004_00000003_f0021_3,00000003,f0021,3,114,short_branch_artifact,0.6408,3
p0004_00000003_f0021_3,00000003,f0021,3,118,short_branch_artifact,0.65,3
p0004_00000003_f0021_6,00000003,f0021,6,2,short_branch_artifact,0.622,3
p0004_00000003_f0021_6,00000003,f0021,6,4,short_branch_artifact,0.599,3
p0004_00000003_f0021_6,00000003,f0021,6,8,bifurcation,0.9111,3
p0004_00000003_f0021_6,00000003,f0021,6,9,bifurcation,0.9556,3
p0004_00000003_f0021_6,00000003,f0021,6,10,short_branch_artifact,0.6471,3
p0004_00000003_f0021_6,00000003,f0021,6,12,short_branch_artifact,0.5999,3
p0004_00000003_f0021_6,00000003,f0021,6,18,bifurcation,0.9914,3
p0004_00000003_f0021_6,00000003,f0021,6,20,short_branch_artifact,0.606,3
p0004_00000003_f0021_6,00000003,f0021,6,25,bifurcation,1.0,3
p0004_00000003_f0021_6,00000003,f0021,6,35,short_branch_artifact,0.5913,3
p0004_00000003_f0021_6,00000003,f0021,6,42,short_branch_artifact,0.6064,3
p0004_00000003_f0021_6,00000003,f0021,6,48,short_branch_artifact,0.6152,3
p0004_00000003_f0021_6,00000003,f0021,6,49,bifurcation,0.8998,3
p0004_00000003_f0021_6,00000003,f0021,6,56,short_branch_artifact,0.6049,3
p0004_00000003_f0021_6,00000003,f0021,6,57,short_branch_artifact,0.6006,3
p0004_00000003_f0021_6,00000003,f0021,6,65,short_branch_artifact,0.6423,3
p0004_00000003_f0021_6,00000003,f0021,6,69,short_branch_artifact,0.602,3
p0004_00000003_f0021_6,00000003,f0021,6,79,short_branch_artifact,0.6157,3
p0004_00000003_f0021_6,00000003,f0021,6,80,short_branch_artifact,0.6141,3
p0004_00000003_f0021_6,00000003,f0021,6,107,short_branch_artifact,0.6392,3
p0004_00000003_f0021_6,00000003,f0021,6,115,short_branch_artifact,0.6446,3
p0004_00000003_f0021_6,00000003,f0021,6,117,short_branch_artifact,0.5766,3
p0004_00000003_f0021_6,00000003,f0021,6,133,short_branch_artifact,0.6358,3
p0004_00000003_f0021_6,00000003,f0021,6,134,short_branch_artifact,0.6397,3
p0004_00000003_f0021_6,00000003,f0021,6,135,short_branch_artifact,0.6255,3
p0004_00000003_f0021_6,00000003,f0021,6,145,crossing_or_overlap,0.7858,4
p0004_00000003_f0022_3,00000003,f0022,3,0,bifurcation,0.9518,3
p0004_00000003_f0022_3,00000003,f0022,3,6,short_branch_artifact,0.6433,3
p0004_00000003_f0022_3,00000003,f0022,3,10,short_branch_artifact,0.5913,3
p0004_00000003_f0022_3,00000003,f0022,3,12,short_branch_artifact,0.6433,3
p0004_00000003_f0022_3,00000003,f0022,3,32,short_branch_artifact,0.6138,3
p0004_00000003_f0022_3,00000003,f0022,3,54,bifurcation,0.9856,3
p0004_00000003_f0022_3,00000003,f0022,3,77,short_branch_artifact,0.6096,3
p0004_00000003_f0022_3,00000003,f0022,3,83,short_branch_artifact,0.594,3
p0004_00000003_f0022_3,00000003,f0022,3,92,short_branch_artifact,0.6231,3
p0004_00000003_f0022_3,00000003,f0022,3,106,short_branch_artifact,0.6464,3
p0004_00000003_f0022_3,00000003,f0022,3,107,short_branch_artifact,0.65,3
p0004_00000003_f0022_6,00000003,f0022,6,1,short_branch_artifact,0.5935,3
p0004_00000003_f0022_6,00000003,f0022,6,7,short_branch_artifact,0.6358,3
p0004_00000003_f0022_6,00000003,f0022,6,8,short_branch_artifact,0.6124,3
p0004_00000003_f0022_6,00000003,f0022,6,9,short_branch_artifact,0.5758,3
p0004_00000003_f0022_6,00000003,f0022,6,10,short_branch_artifact,0.6399,3
p0004_00000003_f0022_6,00000003,f0022,6,30,short_branch_artifact,0.6216,3
p0004_00000003_f0022_6,00000003,f0022,6,37,bifurcation,0.9646,3
p0004_00000003_f0022_6,00000003,f0022,6,43,short_branch_artifact,0.6333,3
p0004_00000003_f0022_6,00000003,f0022,6,57,short_branch_artifact,0.6019,3
p0004_00000003_f0022_6,00000003,f0022,6,62,short_branch_artifact,0.6443,3
p0004_00000003_f0022_6,00000003,f0022,6,64,short_branch_artifact,0.6134,3
p0004_00000003_f0022_6,00000003,f0022,6,91,short_branch_artifact,0.624,3
p0004_00000003_f0022_6,00000003,f0022,6,98,short_branch_artifact,0.6063,3
p0004_00000003_f0022_6,00000003,f0022,6,108,short_branch_artifact,0.6106,3
p0004_00000003_f0022_6,00000003,f0022,6,113,short_branch_artifact,0.6232,3
p0004_00000003_f0022_6,00000003,f0022,6,124,short_branch_artifact,0.6032,3
p0004_00000003_f0022_6,00000003,f0022,6,130,short_branch_artifact,0.6212,3
p0004_00000003_f0022_6,00000003,f0022,6,131,short_branch_artifact,0.6448,3
p0004_00000003_f0022_6,00000003,f0022,6,133,bifurcation,0.9914,3
p0004_00000003_f0023_3,00000003,f0023,3,7,bifurcation,1.0,3
p0004_00000003_f0023_3,00000003,f0023,3,9,short_branch_artifact,0.5913,3
p0004_00000003_f0023_3,00000003,f0023,3,11,bifurcation,1.0,3
p0004_00000003_f0023_3,00000003,f0023,3,12,bifurcation,0.9731,3
p0004_00000003_f0023_3,00000003,f0023,3,31,bifurcation,1.0,3
p0004_00000003_f0023_3,00000003,f0023,3,57,bifurcation,0.9923,3
p0004_00000003_f0023_3,00000003,f0023,3,81,short_branch_artifact,0.6024,3
p0004_00000003_f0023_3,00000003,f0023,3,82,short_branch_artifact,0.622,3
p0004_00000003_f0023_3,00000003,f0023,3,90,bifurcation,1.0,3
p0004_00000003_f0023_3,00000003,f0023,3,97,short_branch_artifact,0.6419,3
p0004_00000003_f0023_3,00000003,f0023,3,112,short_branch_artifact,0.647,3
p0004_00000003_f0023_3,00000003,f0023,3,113,short_branch_artifact,0.65,3
p0004_00000003_f0023_6,00000003,f0023,6,7,bifurcation,0.8949,3
p0004_00000003_f0023_6,00000003,f0023,6,8,short_branch_artifact,0.6059,3
p0004_00000003_f0023_6,00000003,f0023,6,10,short_branch_artifact,0.6278,3
p0004_00000003_f0023_6,00000003,f0023,6,11,bifurcation,1.0,3
p0004_00000003_f0023_6,00000003,f0023,6,31,short_branch_artifact,0.6096,3
p0004_00000003_f0023_6,00000003,f0023,6,36,short_branch_artifact,0.5986,3
p0004_00000003_f0023_6,00000003,f0023,6,58,short_branch_artifact,0.5538,3
p0004_00000003_f0023_6,00000003,f0023,6,61,short_branch_artifact,0.6408,3
p0004_00000003_f0023_6,00000003,f0023,6,83,short_branch_artifact,0.6325,3
p0004_00000003_f0023_6,00000003,f0023,6,85,short_branch_artifact,0.6162,3
p0004_00000003_f0023_6,00000003,f0023,6,94,short_branch_artifact,0.6318,3
p0004_00000003_f0023_6,00000003,f0023,6,103,short_branch_artifact,0.6437,3
p0004_00000003_f0023_6,00000003,f0023,6,117,short_branch_artifact,0.6483,3
p0004_00000003_f0023_6,00000003,f0023,6,118,short_branch_artifact,0.6404,3
p0004_00000003_f0024_3,00000003,f0024,3,11,crossing_or_overlap,0.6234,4
p0004_00000003_f0024_3,00000003,f0024,3,14,bifurcation,0.9405,3
p0004_00000003_f0024_3,00000003,f0024,3,53,bifurcation,0.9347,3
p0004_00000003_f0024_3,00000003,f0024,3,81,bifurcation,1.0,3
p0004_00000003_f0024_3,00000003,f0024,3,84,short_branch_artifact,0.6087,3
p0004_00000003_f0024_3,00000003,f0024,3,93,short_branch_artifact,0.611,3
p0004_00000003_f0024_3,00000003,f0024,3,106,bifurcation,0.9994,3
p0004_00000003_f0024_6,00000003,f0024,6,3,bifurcation,0.8977,3
p0004_00000003_f0024_6,00000003,f0024,6,6,short_branch_artifact,0.6446,3
p0004_00000003_f0024_6,00000003,f0024,6,7,short_branch_artifact,0.5848,3
p0004_00000003_f0024_6,00000003,f0024,6,8,crossing_or_overlap,0.623,4
p0004_00000003_f0024_6,00000003,f0024,6,9,bifurcation,0.9901,3
p0004_00000003_f0024_6,00000003,f0024,6,18,short_branch_artifact,0.5738,3
p0004_00000003_f0024_6,00000003,f0024,6,30,short_branch_artifact,0.5913,3
p0004_00000003_f0024_6,00000003,f0024,6,37,bifurcation,1.0,3
p0004_00000003_f0024_6,00000003,f0024,6,44,short_branch_artifact,0.6171,3
p0004_00000003_f0024_6,00000003,f0024,6,54,short_branch_artifact,0.6041,3
p0004_00000003_f0024_6,00000003,f0024,6,56,short_branch_artifact,0.6113,3
p0004_00000003_f0024_6,00000003,f0024,6,64,short_branch_artifact,0.6111,3
p0004_00000003_f0024_6,00000003,f0024,6,67,short_branch_artifact,0.634,3
p0004_00000003_f0024_6,00000003,f0024,6,70,short_branch_artifact,0.6268,3
p0004_00000003_f0024_6,00000003,f0024,6,94,short_branch_artifact,0.6171,3
p0004_00000003_f0024_6,00000003,f0024,6,95,short_branch_artifact,0.6122,3
p0004_00000003_f0024_6,00000003,f0024,6,99,bifurcation,1.0,3
p0004_00000003_f0024_6,00000003,f0024,6,106,short_branch_artifact,0.6227,3
p0004_00000003_f0024_6,00000003,f0024,6,119,crossing_or_overlap,0.7468,4
p0004_00000003_f0024_6,00000003,f0024,6,121,short_branch_artifact,0.65,3
p0004_00000003_f0025_3,00000003,f0025,3,3,crossing_or_overlap,0.6716,4
p0004_00000003_f0025_3,00000003,f0025,3,5,bifurcation,0.9887,3
p0004_00000003_f0025_3,00000003,f0025,3,6,short_branch_artifact,0.5601,3
p0004_00000003_f0025_3,00000003,f0025,3,8,short_branch_artifact,0.6135,3
p0004_00000003_f0025_3,00000003,f0025,3,31,short_branch_artifact,0.6167,3
p0004_00000003_f0025_3,00000003,f0025,3,48,bifurcation,0.9922,3
p0004_00000003_f0025_3,00000003,f0025,3,73,bifurcation,1.0,3
p0004_00000003_f0025_3,00000003,f0025,3,76,short_branch_artifact,0.6075,3
p0004_00000003_f0025_3,00000003,f0025,3,91,short_branch_artifact,0.6235,3
p0004_00000003_f0025_3,00000003,f0025,3,108,bifurcation,0.9598,3
p0004_00000003_f0025_3,00000003,f0025,3,110,bifurcation,0.9552,3
p0004_00000003_f0025_6,00000003,f0025,6,0,short_branch_artifact,0.6241,3
p0004_00000003_f0025_6,00000003,f0025,6,4,bifurcation,0.9103,3
p0004_00000003_f0025_6,00000003,f0025,6,9,short_branch_artifact,0.6199,3
p0004_00000003_f0025_6,00000003,f0025,6,10,bifurcation,0.9589,3
p0004_00000003_f0025_6,00000003,f0025,6,12,short_branch_artifact,0.6324,3
p0004_00000003_f0025_6,00000003,f0025,6,14,short_branch_artifact,0.4726,3
p0004_00000003_f0025_6,00000003,f0025,6,19,short_branch_artifact,0.5722,3
p0004_00000003_f0025_6,00000003,f0025,6,22,short_branch_artifact,0.5676,3
p0004_00000003_f0025_6,00000003,f0025,6,27,short_branch_artifact,0.5867,3
p0004_00000003_f0025_6,00000003,f0025,6,34,short_branch_artifact,0.629,3
p0004_00000003_f0025_6,00000003,f0025,6,43,short_branch_artifact,0.603,3
p0004_00000003_f0025_6,00000003,f0025,6,46,bifurcation,0.8748,3
p0004_00000003_f0025_6,00000003,f0025,6,48,short_branch_artifact,0.6431,3
p0004_00000003_f0025_6,00000003,f0025,6,55,short_branch_artifact,0.5864,3
p0004_00000003_f0025_6,00000003,f0025,6,60,short_branch_artifact,0.5652,3
p0004_00000003_f0025_6,00000003,f0025,6,62,bifurcation,0.9976,3
p0004_00000003_f0025_6,00000003,f0025,6,86,short_branch_artifact,0.6189,3
p0004_00000003_f0025_6,00000003,f0025,6,91,crossing_or_overlap,0.8074,4
p0004_00000003_f0025_6,00000003,f0025,6,92,short_branch_artifact,0.6279,3
p0004_00000003_f0025_6,00000003,f0025,6,110,short_branch_artifact,0.6217,3
p0004_00000003_f0025_6,00000003,f0025,6,121,short_branch_artifact,0.638,3
p0004_00000003_f0025_6,00000003,f0025,6,124,short_branch_artifact,0.65,3
p0004_00000003_f0026_3,00000003,f0026,3,4,short_branch_artifact,0.6387,3
p0004_00000003_f0026_3,00000003,f0026,3,5,short_branch_artifact,0.6051,3
p0004_00000003_f0026_3,00000003,f0026,3,7,short_branch_artifact,0.6318,3
p0004_00000003_f0026_3,00000003,f0026,3,8,short_branch_artifact,0.6395,3
p0004_00000003_f0026_3,00000003,f0026,3,9,short_branch_artifact,0.6303,3
p0004_00000003_f0026_3,00000003,f0026,3,15,short_branch_artifact,0.563,3
p0004_00000003_f0026_3,00000003,f0026,3,18,short_branch_artifact,0.5206,3
p0004_00000003_f0026_3,00000003,f0026,3,31,short_branch_artifact,0.6137,3
p0004_00000003_f0026_3,00000003,f0026,3,33,short_branch_artifact,0.6254,3
p0004_00000003_f0026_3,00000003,f0026,3,45,short_branch_artifact,0.6017,3
p0004_00000003_f0026_3,00000003,f0026,3,63,bifurcation,0.9168,3
p0004_00000003_f0026_3,00000003,f0026,3,72,short_branch_artifact,0.637,3
p0004_00000003_f0026_3,00000003,f0026,3,88,short_branch_artifact,0.5769,3
p0004_00000003_f0026_3,00000003,f0026,3,94,short_branch_artifact,0.6168,3
p0004_00000003_f0026_3,00000003,f0026,3,108,bifurcation,1.0,3
p0004_00000003_f0026_3,00000003,f0026,3,121,bifurcation,1.0,3
p0004_00000003_f0026_6,00000003,f0026,6,1,short_branch_artifact,0.597,3
p0004_00000003_f0026_6,00000003,f0026,6,2,short_branch_artifact,0.6189,3
p0004_00000003_f0026_6,00000003,f0026,6,5,bifurcation,0.9006,3
p0004_00000003_f0026_6,00000003,f0026,6,9,short_branch_artifact,0.6366,3
p0004_00000003_f0026_6,00000003,f0026,6,10,short_branch_artifact,0.64,3
p0004_00000003_f0026_6,00000003,f0026,6,12,short_branch_artifact,0.6432,3
p0004_00000003_f0026_6,00000003,f0026,6,14,short_branch_artifact,0.5608,3
p0004_00000003_f0026_6,00000003,f0026,6,27,short_branch_artifact,0.6234,3
p0004_00000003_f0026_6,00000003,f0026,6,28,short_branch_artifact,0.6348,3
p0004_00000003_f0026_6,00000003,f0026,6,32,short_branch_artifact,0.5822,3
p0004_00000003_f0026_6,00000003,f0026,6,35,short_branch_artifact,0.6233,3
p0004_00000003_f0026_6,00000003,f0026,6,42,bifurcation,0.9869,3
p0004_00000003_f0026_6,00000003,f0026,6,50,short_branch_artifact,0.5867,3
p0004_00000003_f0026_6,00000003,f0026,6,56,bifurcation,0.9689,3
p0004_00000003_f0026_6,00000003,f0026,6,67,short_branch_artifact,0.6333,3
p0004_00000003_f0026_6,00000003,f0026,6,78,short_branch_artifact,0.6396,3
p0004_00000003_f0026_6,00000003,f0026,6,84,short_branch_artifact,0.5783,3
p0004_00000003_f0026_6,00000003,f0026,6,90,short_branch_artifact,0.6355,3
p0004_00000003_f0026_6,00000003,f0026,6,96,short_branch_artifact,0.6115,3
p0004_00000003_f0026_6,00000003,f0026,6,97,short_branch_artifact,0.5732,3
p0004_00000003_f0026_6,00000003,f0026,6,100,short_branch_artifact,0.6193,3
p0004_00000003_f0026_6,00000003,f0026,6,108,short_branch_artifact,0.6177,3
p0004_00000003_f0026_6,00000003,f0026,6,115,short_branch_artifact,0.6346,3
p0004_00000003_f0026_6,00000003,f0026,6,130,bifurcation,0.8981,3
p0004_00000003_f0027_3,00000003,f0027,3,1,crossing_or_overlap,0.7357,4
p0004_00000003_f0027_3,00000003,f0027,3,3,short_branch_artifact,0.6377,3
p0004_00000003_f0027_3,00000003,f0027,3,9,short_branch_artifact,0.5918,3
p0004_00000003_f0027_3,00000003,f0027,3,11,short_branch_artifact,0.529,3
p0004_00000003_f0027_3,00000003,f0027,3,12,short_branch_artifact,0.5863,3
p0004_00000003_f0027_3,00000003,f0027,3,22,short_branch_artifact,0.6101,3
p0004_00000003_f0027_3,00000003,f0027,3,38,short_branch_artifact,0.5835,3
p0004_00000003_f0027_3,00000003,f0027,3,56,bifurcation,0.9505,3
p0004_00000003_f0027_3,00000003,f0027,3,83,short_branch_artifact,0.627,3
p0004_00000003_f0027_3,00000003,f0027,3,90,short_branch_artifact,0.5622,3
p0004_00000003_f0027_3,00000003,f0027,3,98,short_branch_artifact,0.6432,3
p0004_00000003_f0027_3,00000003,f0027,3,105,bifurcation,0.997,3
p0004_00000003_f0027_6,00000003,f0027,6,0,bifurcation,1.0,3
p0004_00000003_f0027_6,00000003,f0027,6,2,bifurcation,1.0,3
p0004_00000003_f0027_6,00000003,f0027,6,3,bifurcation,0.9243,3
p0004_00000003_f0027_6,00000003,f0027,6,4,bifurcation,0.8683,3
p0004_00000003_f0027_6,00000003,f0027,6,8,bifurcation,1.0,3
p0004_00000003_f0027_6,00000003,f0027,6,9,bifurcation,0.9188,3
p0004_00000003_f0027_6,00000003,f0027,6,10,bifurcation,0.958,3
p0004_00000003_f0027_6,00000003,f0027,6,17,short_branch_artifact,0.5278,3
p0004_00000003_f0027_6,00000003,f0027,6,38,bifurcation,0.9703,3
p0004_00000003_f0027_6,00000003,f0027,6,46,short_branch_artifact,0.5936,3
p0004_00000003_f0027_6,00000003,f0027,6,53,short_branch_artifact,0.6223,3
p0004_00000003_f0027_6,00000003,f0027,6,63,short_branch_artifact,0.6153,3
p0004_00000003_f0027_6,00000003,f0027,6,86,short_branch_artifact,0.6276,3
p0004_00000003_f0027_6,00000003,f0027,6,89,short_branch_artifact,0.5561,3
p0004_00000003_f0027_6,00000003,f0027,6,96,short_branch_artifact,0.6333,3
p0004_00000003_f0027_6,00000003,f0027,6,104,short_branch_artifact,0.6103,3
p0004_00000003_f0027_6,00000003,f0027,6,112,short_branch_artifact,0.65,3
p0004_00000003_f0028_3,00000003,f0028,3,2,short_branch_artifact,0.6185,3
p0004_00000003_f0028_3,00000003,f0028,3,3,short_branch_artifact,0.6455,3
p0004_00000003_f0028_3,00000003,f0028,3,6,bifurcation,0.9561,3
p0004_00000003_f0028_3,00000003,f0028,3,29,bifurcation,0.9998,3
p0004_00000003_f0028_3,00000003,f0028,3,44,short_branch_artifact,0.6233,3
p0004_00000003_f0028_3,00000003,f0028,3,64,short_branch_artifact,0.6335,3
p0004_00000003_f0028_3,00000003,f0028,3,68,short_branch_artifact,0.6283,3
p0004_00000003_f0028_3,00000003,f0028,3,70,short_branch_artifact,0.6053,3
p0004_00000003_f0028_3,00000003,f0028,3,73,short_branch_artifact,0.6093,3
p0004_00000003_f0028_3,00000003,f0028,3,74,short_branch_artifact,0.6303,3
p0004_00000003_f0028_3,00000003,f0028,3,80,short_branch_artifact,0.612,3
p0004_00000003_f0028_3,00000003,f0028,3,82,short_branch_artifact,0.6315,3
p0004_00000003_f0028_3,00000003,f0028,3,88,short_branch_artifact,0.5855,3
p0004_00000003_f0029_3,00000003,f0029,3,0,bifurcation,0.9103,3
p0004_00000003_f0029_3,00000003,f0029,3,4,short_branch_artifact,0.6409,3
p0004_00000003_f0029_3,00000003,f0029,3,5,bifurcation,1.0,3
p0004_00000003_f0029_3,00000003,f0029,3,14,short_branch_artifact,0.5338,3
p0004_00000003_f0029_3,00000003,f0029,3,17,short_branch_artifact,0.623,3
p0004_00000003_f0029_3,00000003,f0029,3,21,short_branch_artifact,0.5789,3
p0004_00000003_f0029_3,00000003,f0029,3,22,crossing_or_overlap,0.6373,4
p0004_00000003_f0029_3,00000003,f0029,3,30,short_branch_artifact,0.5908,3
p0004_00000003_f0029_3,00000003,f0029,3,33,short_branch_artifact,0.6136,3
p0004_00000003_f0029_3,00000003,f0029,3,50,short_branch_artifact,0.6216,3
p0004_00000003_f0029_3,00000003,f0029,3,62,short_branch_artifact,0.6289,3
p0004_00000003_f0029_3,00000003,f0029,3,80,bifurcation,0.9812,3
p0004_00000003_f0029_3,00000003,f0029,3,87,short_branch_artifact,0.6185,3
p0004_00000003_f0029_3,00000003,f0029,3,106,bifurcation,0.9562,3
p0004_00000003_f0029_3,00000003,f0029,3,108,short_branch_artifact,0.5816,3
p0004_00000003_f0030_3,00000003,f0030,3,1,short_branch_artifact,0.6349,3
p0004_00000003_f0030_3,00000003,f0030,3,3,bifurcation,0.9641,3
p0004_00000003_f0030_3,00000003,f0030,3,5,bifurcation,0.9656,3
p0004_00000003_f0030_3,00000003,f0030,3,10,short_branch_artifact,0.6373,3
p0004_00000003_f0030_3,00000003,f0030,3,47,short_branch_artifact,0.6206,3
p0004_00000003_f0030_3,00000003,f0030,3,73,short_branch_artifact,0.6227,3
p0004_00000003_f0030_3,00000003,f0030,3,80,short_branch_artifact,0.6048,3
p0004_00000003_f0030_3,00000003,f0030,3,95,short_branch_artifact,0.601,3
p0004_00000003_f0031_3,00000003,f0031,3,2,bifurcation,0.9533,3
p0004_00000003_f0031_3,00000003,f0031,3,5,short_branch_artifact,0.6343,3
p0004_00000003_f0031_3,00000003,f0031,3,7,short_branch_artifact,0.6434,3
p0004_00000003_f0031_3,00000003,f0031,3,8,bifurcation,0.9829,3
p0004_00000003_f0031_3,00000003,f0031,3,14,short_branch_artifact,0.6034,3
p0004_00000003_f0031_3,00000003,f0031,3,35,short_branch_artifact,0.5979,3
p0004_00000003_f0031_3,00000003,f0031,3,40,short_branch_artifact,0.5851,3
p0004_00000003_f0031_3,00000003,f0031,3,56,short_branch_artifact,0.6216,3
p0004_00000003_f0031_3,00000003,f0031,3,86,short_branch_artifact,0.6044,3
p0004_00000003_f0031_3,00000003,f0031,3,88,short_branch_artifact,0.6402,3
p0004_00000003_f0031_3,00000003,f0031,3,101,short_branch_artifact,0.5872,3
p0004_00000003_f0032_3,00000003,f0032,3,1,bifurcation,0.93,3
p0004_00000003_f0032_3,00000003,f0032,3,3,bifurcation,0.9927,3
p0004_00000003_f0032_3,00000003,f0032,3,5,short_branch_artifact,0.6443,3
p0004_00000003_f0032_3,00000003,f0032,3,11,short_branch_artifact,0.6329,3
p0004_00000003_f0032_3,00000003,f0032,3,27,bifurcation,1.0,3
p0004_00000003_f0032_3,00000003,f0032,3,49,short_branch_artifact,0.6269,3
p0004_00000003_f0032_3,00000003,f0032,3,86,short_branch_artifact,0.6186,3
p0004_00000003_f0032_3,00000003,f0032,3,87,short_branch_artifact,0.5975,3
p0004_00000003_f0032_3,00000003,f0032,3,97,short_branch_artifact,0.6058,3
p0004_00000003_f0032_3,00000003,f0032,3,98,short_branch_artifact,0.636,3
p0004_00000003_f0032_3,00000003,f0032,3,101,short_branch_artifact,0.6183,3
p0004_00000003_f0033_3,00000003,f0033,3,0,bifurcation,0.9303,3
p0004_00000003_f0033_3,00000003,f0033,3,7,short_branch_artifact,0.64,3
p0004_00000003_f0033_3,00000003,f0033,3,9,short_branch_artifact,0.6449,3
p0004_00000003_f0033_3,00000003,f0033,3,37,bifurcation,0.928,3
p0004_00000003_f0033_3,00000003,f0033,3,58,bifurcation,0.938,3
p0004_00000003_f0033_3,00000003,f0033,3,91,short_branch_artifact,0.5696,3
p0004_00000003_f0033_3,00000003,f0033,3,92,short_branch_artifact,0.615,3
p0004_00000003_f0033_3,00000003,f0033,3,94,short_branch_artifact,0.6326,3
p0004_00000003_f0033_3,00000003,f0033,3,107,short_branch_artifact,0.6011,3
p0004_00000003_f0033_3,00000003,f0033,3,109,short_branch_artifact,0.6072,3
p0004_00000003_f0034_3,00000003,f0034,3,1,bifurcation,0.9307,3
p0004_00000003_f0034_3,00000003,f0034,3,3,bifurcation,0.9182,3
p0004_00000003_f0034_3,00000003,f0034,3,4,short_branch_artifact,0.6408,3
p0004_00000003_f0034_3,00000003,f0034,3,40,bifurcation,0.9206,3
p0004_00000003_f0034_3,00000003,f0034,3,76,short_branch_artifact,0.5988,3
p0004_00000003_f0034_3,00000003,f0034,3,77,crossing_or_overlap,0.6224,4
p0004_00000003_f0034_3,00000003,f0034,3,93,short_branch_artifact,0.5185,3
p0004_00000003_f0034_3,00000003,f0034,3,95,short_branch_artifact,0.5974,3
p0004_00000003_f0035_3,00000003,f0035,3,0,bifurcation,0.9272,3
p0004_00000003_f0035_3,00000003,f0035,3,3,bifurcation,0.9408,3
p0004_00000003_f0035_3,00000003,f0035,3,4,short_branch_artifact,0.6395,3
p0004_00000003_f0035_3,00000003,f0035,3,39,short_branch_artifact,0.6099,3
p0004_00000003_f0035_3,00000003,f0035,3,73,short_branch_artifact,0.5845,3
p0004_00000003_f0035_3,00000003,f0035,3,75,short_branch_artifact,0.5974,3
p0004_00000003_f0035_3,00000003,f0035,3,77,short_branch_artifact,0.633,3
p0004_00000003_f0035_3,00000003,f0035,3,89,short_branch_artifact,0.546,3
p0004_00000003_f0035_3,00000003,f0035,3,90,short_branch_artifact,0.5972,3
p0004_00000003_f0036_3,00000003,f0036,3,1,bifurcation,0.9103,3
p0004_00000003_f0036_3,00000003,f0036,3,4,bifurcation,0.9235,3
p0004_00000003_f0036_3,00000003,f0036,3,5,short_branch_artifact,0.6397,3
p0004_00000003_f0036_3,00000003,f0036,3,43,short_branch_artifact,0.6203,3
p0004_00000003_f0036_3,00000003,f0036,3,76,short_branch_artifact,0.6096,3
p0004_00000003_f0036_3,00000003,f0036,3,78,uncertain_high_order_branch,0.6354,4
p0004_00000003_f0036_3,00000003,f0036,3,93,bifurcation,0.9097,3
p0004_00000003_f0036_3,00000003,f0036,3,95,short_branch_artifact,0.5787,3
p0004_00000003_f0036_3,00000003,f0036,3,98,short_branch_artifact,0.6123,3
p0004_00000003_f0037_3,00000003,f0037,3,0,bifurcation,0.8954,3
p0004_00000003_f0037_3,00000003,f0037,3,2,bifurcation,0.9751,3
p0004_00000003_f0037_3,00000003,f0037,3,3,bifurcation,1.0,3
p0004_00000003_f0037_3,00000003,f0037,3,48,short_branch_artifact,0.6211,3
p0004_00000003_f0037_3,00000003,f0037,3,82,short_branch_artifact,0.5824,3
p0004_00000003_f0037_3,00000003,f0037,3,84,short_branch_artifact,0.578,3
p0004_00000003_f0037_3,00000003,f0037,3,85,short_branch_artifact,0.6164,3
p0004_00000003_f0037_3,00000003,f0037,3,105,short_branch_artifact,0.5263,3
p0004_00000003_f0037_3,00000003,f0037,3,107,short_branch_artifact,0.5937,3
p0004_00000003_f0037_3,00000003,f0037,3,108,short_branch_artifact,0.6072,3
p0004_00000003_f0038_3,00000003,f0038,3,0,bifurcation,0.8654,3
p0004_00000003_f0038_3,00000003,f0038,3,2,bifurcation,0.9909,3
p0004_00000003_f0038_3,00000003,f0038,3,3,bifurcation,0.9329,3
p0004_00000003_f0038_3,00000003,f0038,3,9,short_branch_artifact,0.5859,3
p0004_00000003_f0038_3,00000003,f0038,3,44,bifurcation,1.0,3
p0004_00000003_f0038_3,00000003,f0038,3,73,short_branch_artifact,0.6005,3
p0004_00000003_f0038_3,00000003,f0038,3,75,short_branch_artifact,0.6044,3
p0004_00000003_f0038_3,00000003,f0038,3,89,short_branch_artifact,0.6205,3
p0004_00000003_f0038_3,00000003,f0038,3,109,bifurcation,1.0,3
p0004_00000003_f0039_3,00000003,f0039,3,2,bifurcation,0.9289,3
p0004_00000003_f0039_3,00000003,f0039,3,6,bifurcation,1.0,3
p0004_00000003_f0039_3,00000003,f0039,3,9,bifurcation,0.9919,3
p0004_00000003_f0039_3,00000003,f0039,3,14,short_branch_artifact,0.5872,3
p0004_00000003_f0039_3,00000003,f0039,3,52,bifurcation,0.9963,3
p0004_00000003_f0039_3,00000003,f0039,3,83,short_branch_artifact,0.5824,3
p0004_00000003_f0039_3,00000003,f0039,3,85,short_branch_artifact,0.583,3
p0004_00000003_f0039_3,00000003,f0039,3,100,short_branch_artifact,0.6112,3
p0004_00000003_f0039_3,00000003,f0039,3,116,short_branch_artifact,0.6433,3
p0004_00000003_f0040_3,00000003,f0040,3,1,bifurcation,0.9192,3
p0004_00000003_f0040_3,00000003,f0040,3,5,bifurcation,1.0,3
p0004_00000003_f0040_3,00000003,f0040,3,7,bifurcation,0.9702,3
p0004_00000003_f0040_3,00000003,f0040,3,11,short_branch_artifact,0.5709,3
p0004_00000003_f0040_3,00000003,f0040,3,42,short_branch_artifact,0.5578,3
p0004_00000003_f0040_3,00000003,f0040,3,53,short_branch_artifact,0.6383,3
p0004_00000003_f0040_3,00000003,f0040,3,87,short_branch_artifact,0.5954,3
p0004_00000003_f0040_3,00000003,f0040,3,93,short_branch_artifact,0.6228,3
p0004_00000003_f0040_3,00000003,f0040,3,96,short_branch_artifact,0.6054,3
p0004_00000003_f0040_3,00000003,f0040,3,101,bifurcation,1.0,3
p0004_00000003_f0040_3,00000003,f0040,3,110,short_branch_artifact,0.6453,3
p0004_00000003_f0040_3,00000003,f0040,3,111,short_branch_artifact,0.6352,3
p0004_00000003_f0040_3,00000003,f0040,3,119,short_branch_artifact,0.5753,3
p0004_00000003_f0041_3,00000003,f0041,3,2,bifurcation,0.9373,3
p0004_00000003_f0041_3,00000003,f0041,3,3,bifurcation,0.9821,3
p0004_00000003_f0041_3,00000003,f0041,3,8,short_branch_artifact,0.6083,3
p0004_00000003_f0041_3,00000003,f0041,3,12,short_branch_artifact,0.5788,3
p0004_00000003_f0041_3,00000003,f0041,3,43,bifurcation,0.9187,3
p0004_00000003_f0041_3,00000003,f0041,3,63,short_branch_artifact,0.6183,3
p0004_00000003_f0041_3,00000003,f0041,3,73,short_branch_artifact,0.616,3
p0004_00000003_f0041_3,00000003,f0041,3,74,bifurcation,0.9299,3
p0004_00000003_f0041_3,00000003,f0041,3,76,short_branch_artifact,0.5995,3
p0004_00000003_f0041_3,00000003,f0041,3,90,short_branch_artifact,0.5963,3
p0004_00000003_f0041_3,00000003,f0041,3,95,short_branch_artifact,0.6173,3
p0004_00000003_f0041_3,00000003,f0041,3,106,short_branch_artifact,0.65,3
p0004_00000003_f0042_3,00000003,f0042,3,0,bifurcation,1.0,3
p0004_00000003_f0042_3,00000003,f0042,3,2,short_branch_artifact,0.6122,3
p0004_00000003_f0042_3,00000003,f0042,3,3,short_branch_artifact,0.6251,3
p0004_00000003_f0042_3,00000003,f0042,3,6,short_branch_artifact,0.589,3
p0004_00000003_f0042_3,00000003,f0042,3,14,short_branch_artifact,0.5223,3
p0004_00000003_f0042_3,00000003,f0042,3,38,short_branch_artifact,0.5901,3
p0004_00000003_f0042_3,00000003,f0042,3,52,short_branch_artifact,0.6048,3
p0004_00000003_f0042_3,00000003,f0042,3,72,short_branch_artifact,0.5951,3
p0004_00000003_f0042_3,00000003,f0042,3,84,bifurcation,0.9891,3
p0004_00000003_f0042_3,00000003,f0042,3,85,short_branch_artifact,0.5685,3
p0004_00000003_f0042_3,00000003,f0042,3,87,short_branch_artifact,0.5545,3
p0004_00000003_f0042_3,00000003,f0042,3,95,short_branch_artifact,0.5925,3
p0004_00000003_f0042_3,00000003,f0042,3,98,short_branch_artifact,0.6179,3
p0004_00000003_f0042_3,00000003,f0042,3,101,bifurcation,0.9271,3
p0004_00000003_f0042_3,00000003,f0042,3,112,short_branch_artifact,0.6146,3
p0004_00000003_f0042_3,00000003,f0042,3,113,bifurcation,1.0,3
p0004_00000003_f0043_3,00000003,f0043,3,1,short_branch_artifact,0.613,3
p0004_00000003_f0043_3,00000003,f0043,3,3,short_branch_artifact,0.635,3
p0004_00000003_f0043_3,00000003,f0043,3,6,short_branch_artifact,0.6356,3
p0004_00000003_f0043_3,00000003,f0043,3,8,short_branch_artifact,0.6299,3
p0004_00000003_f0043_3,00000003,f0043,3,47,short_branch_artifact,0.6059,3
p0004_00000003_f0043_3,00000003,f0043,3,79,bifurcation,0.9859,3
p0004_00000003_f0043_3,00000003,f0043,3,80,short_branch_artifact,0.5879,3
p0004_00000003_f0043_3,00000003,f0043,3,82,short_branch_artifact,0.6172,3
p0004_00000003_f0043_3,00000003,f0043,3,83,short_branch_artifact,0.5757,3
p0004_00000003_f0043_3,00000003,f0043,3,94,short_branch_artifact,0.5487,3
p0004_00000003_f0043_3,00000003,f0043,3,95,short_branch_artifact,0.5691,3
p0004_00000003_f0043_3,00000003,f0043,3,109,short_branch_artifact,0.6225,3
p0004_00000003_f0043_3,00000003,f0043,3,111,bifurcation,1.0,3
p0004_00000003_f0044_3,00000003,f0044,3,1,short_branch_artifact,0.6164,3
p0004_00000003_f0044_3,00000003,f0044,3,3,short_branch_artifact,0.6221,3
p0004_00000003_f0044_3,00000003,f0044,3,4,short_branch_artifact,0.6094,3
p0004_00000003_f0044_3,00000003,f0044,3,10,short_branch_artifact,0.6479,3
p0004_00000003_f0044_3,00000003,f0044,3,11,short_branch_artifact,0.625,3
p0004_00000003_f0044_3,00000003,f0044,3,41,short_branch_artifact,0.6208,3
p0004_00000003_f0044_3,00000003,f0044,3,52,bifurcation,0.9907,3
p0004_00000003_f0044_3,00000003,f0044,3,75,crossing_or_overlap,0.8157,4
p0004_00000003_f0044_3,00000003,f0044,3,85,short_branch_artifact,0.6305,3
p0004_00000003_f0044_3,00000003,f0044,3,96,short_branch_artifact,0.5854,3
p0004_00000003_f0044_3,00000003,f0044,3,108,short_branch_artifact,0.6301,3
p0004_00000003_f0044_3,00000003,f0044,3,109,bifurcation,1.0,3
p0004_00000003_f0045_3,00000003,f0045,3,1,bifurcation,0.9086,3
p0004_00000003_f0045_3,00000003,f0045,3,3,short_branch_artifact,0.6253,3
p0004_00000003_f0045_3,00000003,f0045,3,5,short_branch_artifact,0.6118,3
p0004_00000003_f0045_3,00000003,f0045,3,7,short_branch_artifact,0.6085,3
p0004_00000003_f0045_3,00000003,f0045,3,45,short_branch_artifact,0.6132,3
p0004_00000003_f0045_3,00000003,f0045,3,57,short_branch_artifact,0.6029,3
p0004_00000003_f0045_3,00000003,f0045,3,85,short_branch_artifact,0.5858,3
p0004_00000003_f0045_3,00000003,f0045,3,87,short_branch_artifact,0.6131,3
p0004_00000003_f0045_3,00000003,f0045,3,96,short_branch_artifact,0.5608,3
p0004_00000003_f0045_3,00000003,f0045,3,102,short_branch_artifact,0.5799,3
p0004_00000003_f0045_3,00000003,f0045,3,115,short_branch_artifact,0.6196,3
p0004_00000003_f0045_3,00000003,f0045,3,119,short_branch_artifact,0.6483,3
p0004_00000003_f0046_3,00000003,f0046,3,1,short_branch_artifact,0.6256,3
p0004_00000003_f0046_3,00000003,f0046,3,4,short_branch_artifact,0.6373,3
p0004_00000003_f0046_3,00000003,f0046,3,9,short_branch_artifact,0.5762,3
p0004_00000003_f0046_3,00000003,f0046,3,30,short_branch_artifact,0.5945,3
p0004_00000003_f0046_3,00000003,f0046,3,39,short_branch_artifact,0.6365,3
p0004_00000003_f0046_3,00000003,f0046,3,46,short_branch_artifact,0.6143,3
p0004_00000003_f0046_3,00000003,f0046,3,65,short_branch_artifact,0.6183,3
p0004_00000003_f0046_3,00000003,f0046,3,69,short_branch_artifact,0.6158,3
p0004_00000003_f0046_3,00000003,f0046,3,75,bifurcation,0.8763,3
p0004_00000003_f0046_3,00000003,f0046,3,76,short_branch_artifact,0.5611,3
p0004_00000003_f0046_3,00000003,f0046,3,83,crossing_or_overlap,0.7812,4
p0004_00000003_f0046_3,00000003,f0046,3,90,short_branch_artifact,0.5656,3
p0004_00000003_f0046_3,00000003,f0046,3,91,short_branch_artifact,0.6128,3
p0004_00000003_f0046_3,00000003,f0046,3,97,short_branch_artifact,0.6086,3
p0004_00000003_f0046_3,00000003,f0046,3,109,short_branch_artifact,0.6201,3
p0004_00000003_f0046_3,00000003,f0046,3,111,bifurcation,1.0,3
p0004_00000003_f0047_3,00000003,f0047,3,2,bifurcation,0.9289,3
p0004_00000003_f0047_3,00000003,f0047,3,6,short_branch_artifact,0.6404,3
p0004_00000003_f0047_3,00000003,f0047,3,13,short_branch_artifact,0.5525,3
p0004_00000003_f0047_3,00000003,f0047,3,34,bifurcation,0.9745,3
p0004_00000003_f0047_3,00000003,f0047,3,42,short_branch_artifact,0.6484,3
p0004_00000003_f0047_3,00000003,f0047,3,47,short_branch_artifact,0.6217,3
p0004_00000003_f0047_3,00000003,f0047,3,66,short_branch_artifact,0.6213,3
p0004_00000003_f0047_3,00000003,f0047,3,70,short_branch_artifact,0.5913,3
p0004_00000003_f0047_3,00000003,f0047,3,74,short_branch_artifact,0.5965,3
p0004_00000003_f0047_3,00000003,f0047,3,85,short_branch_artifact,0.5909,3
p0004_00000003_f0047_3,00000003,f0047,3,97,short_branch_artifact,0.5927,3
p0004_00000003_f0047_3,00000003,f0047,3,106,short_branch_artifact,0.6265,3
p0004_00000003_f0047_3,00000003,f0047,3,110,bifurcation,1.0,3
p0004_00000003_f0048_3,00000003,f0048,3,4,short_branch_artifact,0.6318,3
p0004_00000003_f0048_3,00000003,f0048,3,7,bifurcation,0.967,3
p0004_00000003_f0048_3,00000003,f0048,3,9,bifurcation,0.9961,3
p0004_00000003_f0048_3,00000003,f0048,3,40,bifurcation,0.984,3
p0004_00000003_f0048_3,00000003,f0048,3,63,short_branch_artifact,0.6381,3
p0004_00000003_f0048_3,00000003,f0048,3,67,short_branch_artifact,0.5907,3
p0004_00000003_f0048_3,00000003,f0048,3,69,short_branch_artifact,0.6371,3
p0004_00000003_f0048_3,00000003,f0048,3,70,short_branch_artifact,0.6169,3
p0004_00000003_f0048_3,00000003,f0048,3,76,short_branch_artifact,0.6147,3
p0004_00000003_f0048_3,00000003,f0048,3,82,short_branch_artifact,0.6141,3
p0004_00000003_f0048_3,00000003,f0048,3,92,short_branch_artifact,0.5762,3
p0004_00000003_f0048_3,00000003,f0048,3,96,short_branch_artifact,0.5925,3
p0004_00000003_f0048_3,00000003,f0048,3,106,short_branch_artifact,0.6168,3
p0004_00000003_f0048_3,00000003,f0048,3,110,bifurcation,0.983,3
p0004_00000003_f0049_3,00000003,f0049,3,2,short_branch_artifact,0.6309,3
p0004_00000003_f0049_3,00000003,f0049,3,4,bifurcation,0.9831,3
p0004_00000003_f0049_3,00000003,f0049,3,5,short_branch_artifact,0.5622,3
p0004_00000003_f0049_3,00000003,f0049,3,35,bifurcation,1.0,3
p0004_00000003_f0049_3,00000003,f0049,3,54,short_branch_artifact,0.6352,3
p0004_00000003_f0049_3,00000003,f0049,3,60,short_branch_artifact,0.6031,3
p0004_00000003_f0049_3,00000003,f0049,3,66,short_branch_artifact,0.5895,3
p0004_00000003_f0049_3,00000003,f0049,3,67,bifurcation,1.0,3
p0004_00000003_f0049_3,00000003,f0049,3,72,short_branch_artifact,0.6364,3
p0004_00000003_f0049_3,00000003,f0049,3,75,short_branch_artifact,0.6027,3
p0004_00000003_f0049_3,00000003,f0049,3,79,short_branch_artifact,0.6165,3
p0004_00000003_f0049_3,00000003,f0049,3,83,short_branch_artifact,0.5815,3
p0004_00000003_f0049_3,00000003,f0049,3,88,short_branch_artifact,0.5942,3
p0004_00000003_f0049_3,00000003,f0049,3,102,bifurcation,0.972,3
p0004_00000003_f0050_3,00000003,f0050,3,1,short_branch_artifact,0.6378,3
p0004_00000003_f0050_3,00000003,f0050,3,4,bifurcation,0.9719,3
p0004_00000003_f0050_3,00000003,f0050,3,5,bifurcation,1.0,3
p0004_00000003_f0050_3,00000003,f0050,3,35,bifurcation,1.0,3
p0004_00000003_f0050_3,00000003,f0050,3,59,short_branch_artifact,0.6239,3
p0004_00000003_f0050_3,00000003,f0050,3,68,short_branch_artifact,0.6312,3
p0004_00000003_f0050_3,00000003,f0050,3,71,short_branch_artifact,0.6188,3
p0004_00000003_f0050_3,00000003,f0050,3,75,short_branch_artifact,0.6385,3
p0004_00000003_f0050_3,00000003,f0050,3,85,short_branch_artifact,0.6332,3
p0004_00000003_f0050_3,00000003,f0050,3,94,short_branch_artifact,0.5656,3
p0004_00000003_f0050_3,00000003,f0050,3,100,short_branch_artifact,0.5976,3
p0004_00000003_f0050_3,00000003,f0050,3,112,bifurcation,0.9946,3
p0004_00000004_f0004_3,00000004,f0004,3,3,short_branch_artifact,0.6186,3
p0004_00000004_f0005_3,00000004,f0005,3,1,short_branch_artifact,0.6301,3
p0004_00000004_f0005_3,00000004,f0005,3,11,short_branch_artifact,0.597,3
p0004_00000004_f0006_3,00000004,f0006,3,2,short_branch_artifact,0.6041,3
p0004_00000004_f0006_3,00000004,f0006,3,4,short_branch_artifact,0.623,3
p0004_00000004_f0006_3,00000004,f0006,3,16,bifurcation,0.9834,3
p0004_00000004_f0007_3,00000004,f0007,3,2,bifurcation,1.0,3
p0004_00000004_f0007_3,00000004,f0007,3,4,bifurcation,0.9954,3
p0004_00000004_f0007_3,00000004,f0007,3,18,short_branch_artifact,0.6174,3
p0004_00000004_f0008_3,00000004,f0008,3,1,bifurcation,0.8907,3
p0004_00000004_f0008_3,00000004,f0008,3,5,short_branch_artifact,0.5948,3
p0004_00000004_f0008_3,00000004,f0008,3,18,short_branch_artifact,0.5844,3
p0004_00000004_f0009_3,00000004,f0009,3,5,short_branch_artifact,0.6289,3
p0004_00000004_f0009_3,00000004,f0009,3,7,bifurcation,1.0,3
p0004_00000004_f0009_3,00000004,f0009,3,20,short_branch_artifact,0.6241,3
p0004_00000004_f0010_3,00000004,f0010,3,0,bifurcation,0.8504,3
p0004_00000004_f0010_3,00000004,f0010,3,3,bifurcation,0.967,3
p0004_00000004_f0010_3,00000004,f0010,3,6,bifurcation,1.0,3
p0004_00000004_f0010_3,00000004,f0010,3,22,short_branch_artifact,0.6163,3
p0004_00000004_f0011_3,00000004,f0011,3,0,bifurcation,0.9715,3
p0004_00000004_f0011_3,00000004,f0011,3,5,bifurcation,0.9747,3
p0004_00000004_f0011_3,00000004,f0011,3,16,bifurcation,1.0,3
p0004_00000004_f0011_3,00000004,f0011,3,33,short_branch_artifact,0.6178,3
p0004_00000004_f0011_3,00000004,f0011,3,57,short_branch_artifact,0.6444,3
p0004_00000004_f0012_3,00000004,f0012,3,0,bifurcation,1.0,3
p0004_00000004_f0012_3,00000004,f0012,3,6,short_branch_artifact,0.5869,3
p0004_00000004_f0012_3,00000004,f0012,3,16,bifurcation,1.0,3
p0004_00000004_f0012_3,00000004,f0012,3,30,short_branch_artifact,0.6086,3
p0004_00000004_f0012_3,00000004,f0012,3,53,bifurcation,0.9963,3
p0004_00000004_f0013_3,00000004,f0013,3,0,bifurcation,1.0,3
p0004_00000004_f0013_3,00000004,f0013,3,7,short_branch_artifact,0.6353,3
p0004_00000004_f0013_3,00000004,f0013,3,19,bifurcation,0.9559,3
p0004_00000004_f0013_3,00000004,f0013,3,35,short_branch_artifact,0.6242,3
p0004_00000004_f0013_3,00000004,f0013,3,46,short_branch_artifact,0.5841,3
p0004_00000004_f0013_3,00000004,f0013,3,61,bifurcation,1.0,3
p0004_00000004_f0014_3,00000004,f0014,3,0,bifurcation,1.0,3
p0004_00000004_f0014_3,00000004,f0014,3,6,short_branch_artifact,0.6238,3
p0004_00000004_f0014_3,00000004,f0014,3,21,short_branch_artifact,0.6153,3
p0004_00000004_f0014_3,00000004,f0014,3,40,short_branch_artifact,0.6202,3
p0004_00000004_f0014_3,00000004,f0014,3,48,bifurcation,1.0,3
p0004_00000004_f0014_3,00000004,f0014,3,50,bifurcation,0.974,3
p0004_00000004_f0014_3,00000004,f0014,3,63,short_branch_artifact,0.6291,3
p0004_00000004_f0014_3,00000004,f0014,3,74,bifurcation,1.0,3
p0004_00000004_f0015_3,00000004,f0015,3,2,short_branch_artifact,0.5968,3
p0004_00000004_f0015_3,00000004,f0015,3,16,short_branch_artifact,0.6184,3
p0004_00000004_f0015_3,00000004,f0015,3,28,bifurcation,1.0,3
p0004_00000004_f0015_3,00000004,f0015,3,32,short_branch_artifact,0.5973,3
p0004_00000004_f0015_3,00000004,f0015,3,45,short_branch_artifact,0.6338,3
p0004_00000004_f0015_3,00000004,f0015,3,52,bifurcation,0.9996,3
p0004_00000004_f0016_3,00000004,f0016,3,5,short_branch_artifact,0.5727,3
p0004_00000004_f0016_3,00000004,f0016,3,19,short_branch_artifact,0.6226,3
p0004_00000004_f0016_3,00000004,f0016,3,34,short_branch_artifact,0.6258,3
p0004_00000004_f0016_3,00000004,f0016,3,35,bifurcation,0.981,3
p0004_00000004_f0016_3,00000004,f0016,3,50,short_branch_artifact,0.6161,3
p0004_00000004_f0016_3,00000004,f0016,3,59,bifurcation,1.0,3
p0004_00000004_f0017_3,00000004,f0017,3,11,bifurcation,1.0,3
p0004_00000004_f0017_3,00000004,f0017,3,28,bifurcation,1.0,3
p0004_00000004_f0017_3,00000004,f0017,3,29,bifurcation,1.0,3
p0004_00000004_f0017_3,00000004,f0017,3,39,short_branch_artifact,0.6192,3
p0004_00000004_f0017_3,00000004,f0017,3,50,short_branch_artifact,0.6402,3
p0004_00000004_f0017_3,00000004,f0017,3,54,short_branch_artifact,0.5966,3
p0004_00000004_f0017_3,00000004,f0017,3,56,short_branch_artifact,0.6059,3
p0004_00000004_f0017_3,00000004,f0017,3,60,crossing_or_overlap,0.7082,4
p0004_00000004_f0018_3,00000004,f0018,3,7,bifurcation,1.0,3
p0004_00000004_f0018_3,00000004,f0018,3,22,short_branch_artifact,0.6147,3
p0004_00000004_f0018_3,00000004,f0018,3,23,short_branch_artifact,0.6083,3
p0004_00000004_f0018_3,00000004,f0018,3,25,short_branch_artifact,0.6128,3
p0004_00000004_f0018_3,00000004,f0018,3,28,short_branch_artifact,0.5998,3
p0004_00000004_f0018_3,00000004,f0018,3,37,short_branch_artifact,0.6148,3
p0004_00000004_f0018_3,00000004,f0018,3,50,short_branch_artifact,0.6388,3
p0004_00000004_f0019_3,00000004,f0019,3,10,short_branch_artifact,0.6199,3
p0004_00000004_f0019_3,00000004,f0019,3,21,bifurcation,0.9333,3
p0004_00000004_f0019_3,00000004,f0019,3,26,short_branch_artifact,0.5565,3
p0004_00000004_f0019_3,00000004,f0019,3,38,short_branch_artifact,0.6218,3
p0004_00000004_f0019_3,00000004,f0019,3,49,short_branch_artifact,0.641,3
p0004_00000004_f0020_3,00000004,f0020,3,12,short_branch_artifact,0.6131,3
p0004_00000004_f0020_3,00000004,f0020,3,23,short_branch_artifact,0.6026,3
p0004_00000004_f0020_3,00000004,f0020,3,41,bifurcation,0.9734,3
p0004_00000004_f0021_3,00000004,f0021,3,13,bifurcation,1.0,3
p0004_00000004_f0021_3,00000004,f0021,3,30,bifurcation,0.9288,3
p0004_00000004_f0021_3,00000004,f0021,3,52,bifurcation,1.0,3
p0004_00000004_f0022_3,00000004,f0022,3,14,short_branch_artifact,0.6155,3
p0004_00000004_f0022_3,00000004,f0022,3,48,bifurcation,0.9845,3
p0004_00000004_f0023_3,00000004,f0023,3,12,short_branch_artifact,0.6311,3
p0004_00000004_f0023_3,00000004,f0023,3,45,bifurcation,0.8929,3
p0004_00000004_f0024_3,00000004,f0024,3,2,bifurcation,0.932,3
p0004_00000004_f0024_3,00000004,f0024,3,14,short_branch_artifact,0.6022,3
p0004_00000004_f0024_3,00000004,f0024,3,26,short_branch_artifact,0.6216,3
p0004_00000004_f0024_3,00000004,f0024,3,29,short_branch_artifact,0.6308,3
p0004_00000004_f0024_3,00000004,f0024,3,52,bifurcation,0.9595,3
p0004_00000004_f0025_3,00000004,f0025,3,6,bifurcation,0.9859,3
p0004_00000004_f0025_3,00000004,f0025,3,19,bifurcation,0.9366,3
p0004_00000004_f0025_3,00000004,f0025,3,28,short_branch_artifact,0.6329,3
p0004_00000004_f0025_3,00000004,f0025,3,32,bifurcation,0.9256,3
p0004_00000004_f0025_3,00000004,f0025,3,57,bifurcation,1.0,3
p0004_00000004_f0026_3,00000004,f0026,3,10,bifurcation,0.9708,3
p0004_00000004_f0026_3,00000004,f0026,3,24,short_branch_artifact,0.6305,3
p0004_00000004_f0026_3,00000004,f0026,3,30,short_branch_artifact,0.6229,3
p0004_00000004_f0026_3,00000004,f0026,3,34,short_branch_artifact,0.5651,3
p0004_00000004_f0026_3,00000004,f0026,3,65,bifurcation,0.9515,3
p0004_00000004_f0027_3,00000004,f0027,3,9,bifurcation,0.9509,3
p0004_00000004_f0027_3,00000004,f0027,3,22,bifurcation,0.9728,3
p0004_00000004_f0027_3,00000004,f0027,3,30,short_branch_artifact,0.606,3
p0004_00000004_f0027_3,00000004,f0027,3,34,short_branch_artifact,0.6088,3
p0004_00000004_f0027_3,00000004,f0027,3,64,bifurcation,1.0,3
p0005_00000001_f0026_8,00000001,f0026,8,5,short_branch_artifact,0.6029,3
p0005_00000001_f0026_8,00000001,f0026,8,6,bifurcation,0.9017,3
p0005_00000001_f0026_8,00000001,f0026,8,7,short_branch_artifact,0.5274,3
p0005_00000001_f0027_8,00000001,f0027,8,4,short_branch_artifact,0.5937,3
p0005_00000001_f0027_8,00000001,f0027,8,5,bifurcation,0.9243,3
p0005_00000001_f0027_8,00000001,f0027,8,6,bifurcation,1.0,3
p0005_00000001_f0027_8,00000001,f0027,8,9,short_branch_artifact,0.5835,3
p0005_00000001_f0028_8,00000001,f0028,8,7,bifurcation,0.9017,3
p0005_00000001_f0028_8,00000001,f0028,8,11,short_branch_artifact,0.6312,3
p0005_00000001_f0028_8,00000001,f0028,8,13,short_branch_artifact,0.58,3
p0005_00000001_f0028_8,00000001,f0028,8,14,bifurcation,0.9227,3
p0005_00000001_f0028_8,00000001,f0028,8,16,short_branch_artifact,0.5847,3
p0005_00000001_f0028_8,00000001,f0028,8,18,bifurcation,0.9109,3
p0005_00000001_f0028_8,00000001,f0028,8,24,crossing_or_overlap,0.825,4
p0005_00000001_f0028_8,00000001,f0028,8,27,short_branch_artifact,0.6058,3
p0005_00000001_f0028_8,00000001,f0028,8,40,short_branch_artifact,0.6364,3
p0005_00000001_f0029_8,00000001,f0029,8,2,short_branch_artifact,0.581,3
p0005_00000001_f0029_8,00000001,f0029,8,9,short_branch_artifact,0.5948,3
p0005_00000001_f0029_8,00000001,f0029,8,12,short_branch_artifact,0.6183,3
p0005_00000001_f0029_8,00000001,f0029,8,13,short_branch_artifact,0.6139,3
p0005_00000001_f0029_8,00000001,f0029,8,14,short_branch_artifact,0.5273,3
p0005_00000001_f0029_8,00000001,f0029,8,16,bifurcation,0.8249,3
p0005_00000001_f0029_8,00000001,f0029,8,17,short_branch_artifact,0.564,3
p0005_00000001_f0029_8,00000001,f0029,8,23,short_branch_artifact,0.5456,3
p0005_00000001_f0029_8,00000001,f0029,8,25,short_branch_artifact,0.586,3
p0005_00000001_f0029_8,00000001,f0029,8,36,short_branch_artifact,0.6022,3
p0005_00000001_f0030_8,00000001,f0030,8,8,short_branch_artifact,0.5776,3
p0005_00000001_f0030_8,00000001,f0030,8,10,short_branch_artifact,0.5628,3
p0005_00000001_f0030_8,00000001,f0030,8,11,short_branch_artifact,0.6459,3
p0005_00000001_f0030_8,00000001,f0030,8,15,short_branch_artifact,0.6297,3
p0005_00000001_f0030_8,00000001,f0030,8,16,crossing_or_overlap,0.8298,4
p0005_00000001_f0030_8,00000001,f0030,8,19,bifurcation,0.9261,3
p0005_00000001_f0030_8,00000001,f0030,8,20,bifurcation,0.9198,3
p0005_00000001_f0030_8,00000001,f0030,8,22,short_branch_artifact,0.5737,3
p0005_00000001_f0030_8,00000001,f0030,8,30,bifurcation,0.9304,3
p0005_00000001_f0030_8,00000001,f0030,8,31,short_branch_artifact,0.5757,3
p0005_00000001_f0030_8,00000001,f0030,8,42,short_branch_artifact,0.5956,3
p0005_00000001_f0030_8,00000001,f0030,8,46,short_branch_artifact,0.5712,3
p0005_00000001_f0030_8,00000001,f0030,8,52,short_branch_artifact,0.6136,3
p0005_00000001_f0030_8,00000001,f0030,8,53,bifurcation,0.9969,3
p0005_00000001_f0031_8,00000001,f0031,8,6,short_branch_artifact,0.606,3
p0005_00000001_f0031_8,00000001,f0031,8,8,bifurcation,0.9022,3
p0005_00000001_f0031_8,00000001,f0031,8,9,short_branch_artifact,0.6388,3
p0005_00000001_f0031_8,00000001,f0031,8,11,short_branch_artifact,0.5372,3
p0005_00000001_f0031_8,00000001,f0031,8,13,short_branch_artifact,0.5615,3
p0005_00000001_f0031_8,00000001,f0031,8,15,short_branch_artifact,0.5566,3
p0005_00000001_f0031_8,00000001,f0031,8,19,bifurcation,0.9198,3
p0005_00000001_f0031_8,00000001,f0031,8,22,short_branch_artifact,0.6424,3
p0005_00000001_f0031_8,00000001,f0031,8,24,short_branch_artifact,0.5527,3
p0005_00000001_f0031_8,00000001,f0031,8,31,bifurcation,0.9634,3
p0005_00000001_f0031_8,00000001,f0031,8,41,bifurcation,1.0,3
p0005_00000001_f0031_8,00000001,f0031,8,43,crossing_or_overlap,0.6779,4
p0005_00000001_f0031_8,00000001,f0031,8,50,short_branch_artifact,0.6152,3
p0005_00000001_f0031_8,00000001,f0031,8,59,short_branch_artifact,0.6279,3
p0005_00000001_f0031_8,00000001,f0031,8,60,short_branch_artifact,0.6359,3
p0005_00000001_f0031_8,00000001,f0031,8,67,short_branch_artifact,0.605,3
p0005_00000001_f0031_8,00000001,f0031,8,70,short_branch_artifact,0.578,3
p0005_00000001_f0032_8,00000001,f0032,8,3,short_branch_artifact,0.5705,3
p0005_00000001_f0032_8,00000001,f0032,8,5,bifurcation,0.8583,3
p0005_00000001_f0032_8,00000001,f0032,8,6,crossing_or_overlap,0.8309,4
p0005_00000001_f0032_8,00000001,f0032,8,8,bifurcation,0.9282,3
p0005_00000001_f0032_8,00000001,f0032,8,14,bifurcation,0.9032,3
p0005_00000001_f0032_8,00000001,f0032,8,18,short_branch_artifact,0.553,3
p0005_00000001_f0032_8,00000001,f0032,8,23,short_branch_artifact,0.5981,3
p0005_00000001_f0032_8,00000001,f0032,8,37,short_branch_artifact,0.5833,3
p0005_00000001_f0032_8,00000001,f0032,8,40,short_branch_artifact,0.6117,3
p0005_00000001_f0032_8,00000001,f0032,8,67,crossing_or_overlap,0.8243,4
p0005_00000001_f0032_8,00000001,f0032,8,69,short_branch_artifact,0.6106,3
p0005_00000001_f0033_8,00000001,f0033,8,9,short_branch_artifact,0.6151,3
p0005_00000001_f0033_8,00000001,f0033,8,11,crossing_or_overlap,0.8293,4
p0005_00000001_f0033_8,00000001,f0033,8,12,bifurcation,0.8745,3
p0005_00000001_f0033_8,00000001,f0033,8,16,short_branch_artifact,0.5429,3
p0005_00000001_f0033_8,00000001,f0033,8,20,bifurcation,0.9014,3
p0005_00000001_f0033_8,00000001,f0033,8,21,bifurcation,1.0,3
p0005_00000001_f0033_8,00000001,f0033,8,31,short_branch_artifact,0.6002,3
p0005_00000001_f0033_8,00000001,f0033,8,42,crossing_or_overlap,0.7585,4
p0005_00000001_f0033_8,00000001,f0033,8,78,short_branch_artifact,0.5677,3
p0005_00000001_f0033_8,00000001,f0033,8,80,short_branch_artifact,0.5718,3
p0005_00000001_f0033_8,00000001,f0033,8,83,short_branch_artifact,0.6001,3
p0005_00000001_f0033_8,00000001,f0033,8,85,short_branch_artifact,0.6166,3
p0005_00000001_f0034_8,00000001,f0034,8,5,short_branch_artifact,0.6041,3
p0005_00000001_f0034_8,00000001,f0034,8,7,bifurcation,0.8906,3
p0005_00000001_f0034_8,00000001,f0034,8,8,short_branch_artifact,0.6088,3
p0005_00000001_f0034_8,00000001,f0034,8,11,short_branch_artifact,0.5392,3
p0005_00000001_f0034_8,00000001,f0034,8,13,short_branch_artifact,0.5636,3
p0005_00000001_f0034_8,00000001,f0034,8,19,short_branch_artifact,0.5715,3
p0005_00000001_f0034_8,00000001,f0034,8,23,bifurcation,0.928,3
p0005_00000001_f0034_8,00000001,f0034,8,30,short_branch_artifact,0.5986,3
p0005_00000001_f0034_8,00000001,f0034,8,48,short_branch_artifact,0.5944,3
p0005_00000001_f0034_8,00000001,f0034,8,52,short_branch_artifact,0.5898,3
p0005_00000001_f0034_8,00000001,f0034,8,54,short_branch_artifact,0.5148,3
p0005_00000001_f0034_8,00000001,f0034,8,58,short_branch_artifact,0.6255,3
p0005_00000001_f0034_8,00000001,f0034,8,68,short_branch_artifact,0.617,3
p0005_00000001_f0034_8,00000001,f0034,8,71,short_branch_artifact,0.6009,3
p0005_00000001_f0034_8,00000001,f0034,8,73,short_branch_artifact,0.6275,3
p0005_00000001_f0034_8,00000001,f0034,8,87,short_branch_artifact,0.626,3
p0005_00000001_f0034_8,00000001,f0034,8,110,short_branch_artifact,0.6034,3
p0005_00000001_f0034_8,00000001,f0034,8,112,short_branch_artifact,0.619,3
p0005_00000001_f0034_8,00000001,f0034,8,114,short_branch_artifact,0.6221,3
p0005_00000001_f0034_8,00000001,f0034,8,118,short_branch_artifact,0.588,3
p0005_00000001_f0035_8,00000001,f0035,8,3,bifurcation,0.7426,3
p0005_00000001_f0035_8,00000001,f0035,8,10,short_branch_artifact,0.6268,3
p0005_00000001_f0035_8,00000001,f0035,8,11,short_branch_artifact,0.5085,3
p0005_00000001_f0035_8,00000001,f0035,8,12,bifurcation,0.9413,3
p0005_00000001_f0035_8,00000001,f0035,8,14,crossing_or_overlap,0.7414,4
p0005_00000001_f0035_8,00000001,f0035,8,15,short_branch_artifact,0.6056,3
p0005_00000001_f0035_8,00000001,f0035,8,26,short_branch_artifact,0.5925,3
p0005_00000001_f0035_8,00000001,f0035,8,33,short_branch_artifact,0.6059,3
p0005_00000001_f0035_8,00000001,f0035,8,46,bifurcation,0.9041,3
p0005_00000001_f0035_8,00000001,f0035,8,55,short_branch_artifact,0.6358,3
p0005_00000001_f0035_8,00000001,f0035,8,63,short_branch_artifact,0.5945,3
p0005_00000001_f0035_8,00000001,f0035,8,97,short_branch_artifact,0.5602,3
p0005_00000001_f0035_8,00000001,f0035,8,106,short_branch_artifact,0.6328,3
p0005_00000001_f0035_8,00000001,f0035,8,107,short_branch_artifact,0.6119,3
p0005_00000001_f0035_8,00000001,f0035,8,108,short_branch_artifact,0.601,3
p0005_00000001_f0036_8,00000001,f0036,8,5,bifurcation,0.763,3
p0005_00000001_f0036_8,00000001,f0036,8,9,short_branch_artifact,0.6174,3
p0005_00000001_f0036_8,00000001,f0036,8,10,crossing_or_overlap,0.8292,4
p0005_00000001_f0036_8,00000001,f0036,8,11,bifurcation,0.9555,3
p0005_00000001_f0036_8,00000001,f0036,8,13,bifurcation,0.8968,3
p0005_00000001_f0036_8,00000001,f0036,8,21,short_branch_artifact,0.5731,3
p0005_00000001_f0036_8,00000001,f0036,8,24,short_branch_artifact,0.5841,3
p0005_00000001_f0036_8,00000001,f0036,8,31,short_branch_artifact,0.5726,3
p0005_00000001_f0036_8,00000001,f0036,8,44,bifurcation,0.9231,3
p0005_00000001_f0036_8,00000001,f0036,8,45,short_branch_artifact,0.6207,3
p0005_00000001_f0036_8,00000001,f0036,8,57,short_branch_artifact,0.613,3
p0005_00000001_f0036_8,00000001,f0036,8,59,short_branch_artifact,0.6447,3
p0005_00000001_f0036_8,00000001,f0036,8,65,short_branch_artifact,0.5694,3
p0005_00000001_f0036_8,00000001,f0036,8,80,short_branch_artifact,0.6283,3
p0005_00000001_f0036_8,00000001,f0036,8,85,short_branch_artifact,0.621,3
p0005_00000001_f0036_8,00000001,f0036,8,91,short_branch_artifact,0.6124,3
p0005_00000001_f0036_8,00000001,f0036,8,114,short_branch_artifact,0.6372,3
p0005_00000001_f0036_8,00000001,f0036,8,117,short_branch_artifact,0.6043,3
p0005_00000001_f0037_8,00000001,f0037,8,6,bifurcation,0.7913,3
p0005_00000001_f0037_8,00000001,f0037,8,11,short_branch_artifact,0.5773,3
p0005_00000001_f0037_8,00000001,f0037,8,13,short_branch_artifact,0.6391,3
p0005_00000001_f0037_8,00000001,f0037,8,14,short_branch_artifact,0.5,3
p0005_00000001_f0037_8,00000001,f0037,8,15,bifurcation,0.9849,3
p0005_00000001_f0037_8,00000001,f0037,8,16,short_branch_artifact,0.5517,3
p0005_00000001_f0037_8,00000001,f0037,8,25,bifurcation,0.9848,3
p0005_00000001_f0037_8,00000001,f0037,8,29,short_branch_artifact,0.6121,3
p0005_00000001_f0037_8,00000001,f0037,8,35,short_branch_artifact,0.6206,3
p0005_00000001_f0037_8,00000001,f0037,8,52,short_branch_artifact,0.6315,3
p0005_00000001_f0037_8,00000001,f0037,8,53,short_branch_artifact,0.6268,3
p0005_00000001_f0037_8,00000001,f0037,8,54,bifurcation,0.9647,3
p0005_00000001_f0037_8,00000001,f0037,8,55,bifurcation,1.0,3
p0005_00000001_f0037_8,00000001,f0037,8,64,short_branch_artifact,0.5783,3
p0005_00000001_f0037_8,00000001,f0037,8,105,short_branch_artifact,0.6467,3
p0005_00000001_f0037_8,00000001,f0037,8,106,short_branch_artifact,0.5993,3
p0005_00000001_f0038_8,00000001,f0038,8,2,short_branch_artifact,0.5992,3
p0005_00000001_f0038_8,00000001,f0038,8,4,short_branch_artifact,0.5382,3
p0005_00000001_f0038_8,00000001,f0038,8,8,short_branch_artifact,0.5618,3
p0005_00000001_f0038_8,00000001,f0038,8,9,crossing_or_overlap,0.7838,4
p0005_00000001_f0038_8,00000001,f0038,8,10,bifurcation,0.8905,3
p0005_00000001_f0038_8,00000001,f0038,8,12,short_branch_artifact,0.556,3
p0005_00000001_f0038_8,00000001,f0038,8,18,short_branch_artifact,0.5642,3
p0005_00000001_f0038_8,00000001,f0038,8,21,bifurcation,0.9908,3
p0005_00000001_f0038_8,00000001,f0038,8,30,short_branch_artifact,0.5824,3
p0005_00000001_f0038_8,00000001,f0038,8,35,short_branch_artifact,0.6341,3
p0005_00000001_f0038_8,00000001,f0038,8,42,bifurcation,0.9633,3
p0005_00000001_f0038_8,00000001,f0038,8,47,short_branch_artifact,0.6418,3
p0005_00000001_f0038_8,00000001,f0038,8,53,crossing_or_overlap,0.8488,4
p0005_00000001_f0038_8,00000001,f0038,8,54,short_branch_artifact,0.6197,3
p0005_00000001_f0038_8,00000001,f0038,8,57,bifurcation,1.0,3
p0005_00000001_f0038_8,00000001,f0038,8,62,crossing_or_overlap,0.8309,4
p0005_00000001_f0038_8,00000001,f0038,8,77,short_branch_artifact,0.6444,3
p0005_00000001_f0038_8,00000001,f0038,8,85,bifurcation,1.0,3
p0005_00000001_f0038_8,00000001,f0038,8,89,crossing_or_overlap,0.8665,4
p0005_00000001_f0038_8,00000001,f0038,8,105,bifurcation,1.0,3
p0005_00000001_f0038_8,00000001,f0038,8,106,short_branch_artifact,0.631,3
p0005_00000001_f0038_8,00000001,f0038,8,110,bifurcation,0.9873,3
p0005_00000001_f0039_8,00000001,f0039,8,3,short_branch_artifact,0.5724,3
p0005_00000001_f0039_8,00000001,f0039,8,6,short_branch_artifact,0.5438,3
p0005_00000001_f0039_8,00000001,f0039,8,10,short_branch_artifact,0.5668,3
p0005_00000001_f0039_8,00000001,f0039,8,11,short_branch_artifact,0.6046,3
p0005_00000001_f0039_8,00000001,f0039,8,12,bifurcation,0.9449,3
p0005_00000001_f0039_8,00000001,f0039,8,15,short_branch_artifact,0.6103,3
p0005_00000001_f0039_8,00000001,f0039,8,18,short_branch_artifact,0.563,3
p0005_00000001_f0039_8,00000001,f0039,8,25,short_branch_artifact,0.5536,3
p0005_00000001_f0039_8,00000001,f0039,8,28,bifurcation,0.9343,3
p0005_00000001_f0039_8,00000001,f0039,8,33,bifurcation,0.9716,3
p0005_00000001_f0039_8,00000001,f0039,8,49,short_branch_artifact,0.6287,3
p0005_00000001_f0039_8,00000001,f0039,8,57,short_branch_artifact,0.6278,3
p0005_00000001_f0039_8,00000001,f0039,8,58,short_branch_artifact,0.5958,3
p0005_00000001_f0039_8,00000001,f0039,8,59,short_branch_artifact,0.6399,3
p0005_00000001_f0039_8,00000001,f0039,8,72,short_branch_artifact,0.6239,3
p0005_00000001_f0039_8,00000001,f0039,8,76,short_branch_artifact,0.6267,3
p0005_00000001_f0039_8,00000001,f0039,8,81,short_branch_artifact,0.6361,3
p0005_00000001_f0039_8,00000001,f0039,8,83,short_branch_artifact,0.6104,3
p0005_00000001_f0039_8,00000001,f0039,8,87,short_branch_artifact,0.638,3
p0005_00000001_f0039_8,00000001,f0039,8,88,short_branch_artifact,0.6183,3
p0005_00000001_f0039_8,00000001,f0039,8,97,bifurcation,0.8423,3
p0005_00000001_f0039_8,00000001,f0039,8,100,short_branch_artifact,0.6431,3
p0005_00000001_f0039_8,00000001,f0039,8,107,crossing_or_overlap,0.7105,4
p0005_00000001_f0040_8,00000001,f0040,8,7,short_branch_artifact,0.5484,3
p0005_00000001_f0040_8,00000001,f0040,8,10,short_branch_artifact,0.613,3
p0005_00000001_f0040_8,00000001,f0040,8,11,short_branch_artifact,0.5824,3
p0005_00000001_f0040_8,00000001,f0040,8,12,short_branch_artifact,0.5292,3
p0005_00000001_f0040_8,00000001,f0040,8,15,bifurcation,0.9826,3
p0005_00000001_f0040_8,00000001,f0040,8,17,short_branch_artifact,0.5889,3
p0005_00000001_f0040_8,00000001,f0040,8,21,bifurcation,1.0,3
p0005_00000001_f0040_8,00000001,f0040,8,25,bifurcation,0.966,3
p0005_00000001_f0040_8,00000001,f0040,8,38,short_branch_artifact,0.6179,3
p0005_00000001_f0040_8,00000001,f0040,8,41,short_branch_artifact,0.6061,3
p0005_00000001_f0040_8,00000001,f0040,8,45,short_branch_artifact,0.588,3
p0005_00000001_f0040_8,00000001,f0040,8,47,short_branch_artifact,0.6006,3
p0005_00000001_f0040_8,00000001,f0040,8,67,short_branch_artifact,0.6095,3
p0005_00000001_f0040_8,00000001,f0040,8,69,short_branch_artifact,0.6213,3
p0005_00000001_f0040_8,00000001,f0040,8,76,short_branch_artifact,0.6074,3
p0005_00000001_f0040_8,00000001,f0040,8,82,short_branch_artifact,0.6096,3
p0005_00000001_f0040_8,00000001,f0040,8,83,short_branch_artifact,0.6372,3
p0005_00000001_f0040_8,00000001,f0040,8,90,short_branch_artifact,0.6361,3
p0005_00000001_f0040_8,00000001,f0040,8,99,short_branch_artifact,0.6248,3
p0005_00000001_f0040_8,00000001,f0040,8,107,bifurcation,0.9724,3
p0005_00000001_f0041_8,00000001,f0041,8,7,short_branch_artifact,0.6057,3
p0005_00000001_f0041_8,00000001,f0041,8,11,bifurcation,0.9262,3
p0005_00000001_f0041_8,00000001,f0041,8,12,short_branch_artifact,0.5914,3
p0005_00000001_f0041_8,00000001,f0041,8,13,short_branch_artifact,0.5647,3
p0005_00000001_f0041_8,00000001,f0041,8,14,bifurcation,0.915,3
p0005_00000001_f0041_8,00000001,f0041,8,16,short_branch_artifact,0.5726,3
p0005_00000001_f0041_8,00000001,f0041,8,19,short_branch_artifact,0.5451,3
p0005_00000001_f0041_8,00000001,f0041,8,22,short_branch_artifact,0.5232,3
p0005_00000001_f0041_8,00000001,f0041,8,23,short_branch_artifact,0.59,3
p0005_00000001_f0041_8,00000001,f0041,8,24,bifurcation,1.0,3
p0005_00000001_f0041_8,00000001,f0041,8,28,short_branch_artifact,0.5884,3
p0005_00000001_f0041_8,00000001,f0041,8,34,short_branch_artifact,0.5991,3
p0005_00000001_f0041_8,00000001,f0041,8,41,short_branch_artifact,0.617,3
p0005_00000001_f0041_8,00000001,f0041,8,42,crossing_or_overlap,0.7408,4
p0005_00000001_f0041_8,00000001,f0041,8,49,short_branch_artifact,0.5976,3
p0005_00000001_f0041_8,00000001,f0041,8,50,short_branch_artifact,0.6034,3
p0005_00000001_f0041_8,00000001,f0041,8,71,short_branch_artifact,0.6358,3
p0005_00000001_f0041_8,00000001,f0041,8,73,crossing_or_overlap,0.6348,4
p0005_00000001_f0041_8,00000001,f0041,8,74,short_branch_artifact,0.6317,3
p0005_00000001_f0041_8,00000001,f0041,8,75,short_branch_artifact,0.6288,3
p0005_00000001_f0041_8,00000001,f0041,8,86,short_branch_artifact,0.633,3
p0005_00000001_f0041_8,00000001,f0041,8,101,short_branch_artifact,0.5738,3
p0005_00000001_f0041_8,00000001,f0041,8,115,short_branch_artifact,0.6163,3
p0005_00000001_f0041_8,00000001,f0041,8,154,short_branch_artifact,0.6362,3
p0005_00000001_f0042_8,00000001,f0042,8,9,crossing_or_overlap,0.7859,4
p0005_00000001_f0042_8,00000001,f0042,8,10,short_branch_artifact,0.5856,3
p0005_00000001_f0042_8,00000001,f0042,8,11,short_branch_artifact,0.5176,3
p0005_00000001_f0042_8,00000001,f0042,8,13,bifurcation,0.9616,3
p0005_00000001_f0042_8,00000001,f0042,8,20,bifurcation,0.9038,3
p0005_00000001_f0042_8,00000001,f0042,8,23,short_branch_artifact,0.5969,3
p0005_00000001_f0042_8,00000001,f0042,8,31,short_branch_artifact,0.5578,3
p0005_00000001_f0042_8,00000001,f0042,8,34,short_branch_artifact,0.6216,3
p0005_00000001_f0042_8,00000001,f0042,8,37,bifurcation,0.8743,3
p0005_00000001_f0042_8,00000001,f0042,8,40,short_branch_artifact,0.6161,3
p0005_00000001_f0042_8,00000001,f0042,8,50,short_branch_artifact,0.6204,3
p0005_00000001_f0042_8,00000001,f0042,8,52,short_branch_artifact,0.5888,3
p0005_00000001_f0042_8,00000001,f0042,8,56,short_branch_artifact,0.6104,3
p0005_00000001_f0042_8,00000001,f0042,8,60,short_branch_artifact,0.6229,3
p0005_00000001_f0042_8,00000001,f0042,8,70,short_branch_artifact,0.6062,3
p0005_00000001_f0042_8,00000001,f0042,8,73,short_branch_artifact,0.6176,3
p0005_00000001_f0042_8,00000001,f0042,8,79,bifurcation,1.0,3
p0005_00000001_f0042_8,00000001,f0042,8,88,bifurcation,0.9727,3
p0005_00000001_f0042_8,00000001,f0042,8,90,short_branch_artifact,0.6191,3
p0005_00000001_f0043_8,00000001,f0043,8,5,short_branch_artifact,0.5657,3
p0005_00000001_f0043_8,00000001,f0043,8,12,short_branch_artifact,0.5917,3
p0005_00000001_f0043_8,00000001,f0043,8,13,bifurcation,0.9376,3
p0005_00000001_f0043_8,00000001,f0043,8,14,crossing_or_overlap,0.7747,4
p0005_00000001_f0043_8,00000001,f0043,8,15,bifurcation,0.9691,3
p0005_00000001_f0043_8,00000001,f0043,8,21,bifurcation,1.0,3
p0005_00000001_f0043_8,00000001,f0043,8,26,short_branch_artifact,0.5703,3
p0005_00000001_f0043_8,00000001,f0043,8,30,short_branch_artifact,0.5994,3
p0005_00000001_f0043_8,00000001,f0043,8,37,short_branch_artifact,0.5831,3
p0005_00000001_f0043_8,00000001,f0043,8,41,short_branch_artifact,0.5946,3
p0005_00000001_f0043_8,00000001,f0043,8,43,bifurcation,0.9935,3
p0005_00000001_f0043_8,00000001,f0043,8,44,bifurcation,0.9387,3
p0005_00000001_f0043_8,00000001,f0043,8,54,short_branch_artifact,0.5849,3
p0005_00000001_f0043_8,00000001,f0043,8,56,short_branch_artifact,0.5725,3
p0005_00000001_f0043_8,00000001,f0043,8,61,short_branch_artifact,0.62,3
p0005_00000001_f0043_8,00000001,f0043,8,75,short_branch_artifact,0.6333,3
p0005_00000001_f0043_8,00000001,f0043,8,78,bifurcation,1.0,3
p0005_00000001_f0043_8,00000001,f0043,8,79,bifurcation,0.9717,3
p0005_00000001_f0043_8,00000001,f0043,8,84,crossing_or_overlap,0.9306,4
p0005_00000001_f0043_8,00000001,f0043,8,88,short_branch_artifact,0.6127,3
p0005_00000001_f0043_8,00000001,f0043,8,90,bifurcation,1.0,3
p0005_00000001_f0043_8,00000001,f0043,8,91,short_branch_artifact,0.6213,3
p0005_00000001_f0044_8,00000001,f0044,8,5,bifurcation,0.8513,3
p0005_00000001_f0044_8,00000001,f0044,8,11,crossing_or_overlap,0.8246,4
p0005_00000001_f0044_8,00000001,f0044,8,12,short_branch_artifact,0.5457,3
p0005_00000001_f0044_8,00000001,f0044,8,13,short_branch_artifact,0.5647,3
p0005_00000001_f0044_8,00000001,f0044,8,14,short_branch_artifact,0.5165,3
p0005_00000001_f0044_8,00000001,f0044,8,15,bifurcation,0.9246,3
p0005_00000001_f0044_8,00000001,f0044,8,22,bifurcation,0.9724,3
p0005_00000001_f0044_8,00000001,f0044,8,25,short_branch_artifact,0.5683,3
p0005_00000001_f0044_8,00000001,f0044,8,31,short_branch_artifact,0.6346,3
p0005_00000001_f0044_8,00000001,f0044,8,38,short_branch_artifact,0.5734,3
p0005_00000001_f0044_8,00000001,f0044,8,43,short_branch_artifact,0.5915,3
p0005_00000001_f0044_8,00000001,f0044,8,51,short_branch_artifact,0.6316,3
p0005_00000001_f0044_8,00000001,f0044,8,52,bifurcation,1.0,3
p0005_00000001_f0044_8,00000001,f0044,8,54,short_branch_artifact,0.6098,3
p0005_00000001_f0044_8,00000001,f0044,8,60,short_branch_artifact,0.5881,3
p0005_00000001_f0044_8,00000001,f0044,8,63,bifurcation,0.9524,3
p0005_00000001_f0044_8,00000001,f0044,8,68,short_branch_artifact,0.6168,3
p0005_00000001_f0044_8,00000001,f0044,8,72,short_branch_artifact,0.6432,3
p0005_00000001_f0044_8,00000001,f0044,8,80,short_branch_artifact,0.5973,3
p0005_00000001_f0044_8,00000001,f0044,8,87,short_branch_artifact,0.6303,3
p0005_00000001_f0044_8,00000001,f0044,8,88,bifurcation,0.9407,3
p0005_00000001_f0044_8,00000001,f0044,8,91,short_branch_artifact,0.6265,3
p0005_00000001_f0044_8,00000001,f0044,8,100,bifurcation,0.9354,3
p0005_00000001_f0044_8,00000001,f0044,8,102,short_branch_artifact,0.624,3
p0005_00000001_f0044_8,00000001,f0044,8,107,short_branch_artifact,0.6182,3
p0005_00000001_f0044_8,00000001,f0044,8,111,short_branch_artifact,0.6408,3
p0005_00000001_f0044_8,00000001,f0044,8,112,short_branch_artifact,0.6326,3
p0005_00000001_f0044_8,00000001,f0044,8,114,short_branch_artifact,0.61,3
p0005_00000001_f0044_8,00000001,f0044,8,119,short_branch_artifact,0.6121,3
p0005_00000001_f0044_8,00000001,f0044,8,125,short_branch_artifact,0.6165,3
p0005_00000001_f0044_8,00000001,f0044,8,126,bifurcation,1.0,3
p0005_00000001_f0044_8,00000001,f0044,8,127,crossing_or_overlap,0.8316,4
p0005_00000001_f0044_8,00000001,f0044,8,183,bifurcation,1.0,3
p0005_00000001_f0044_8,00000001,f0044,8,199,short_branch_artifact,0.6293,3
p0005_00000001_f0044_8,00000001,f0044,8,217,bifurcation,0.9261,3
p0005_00000001_f0045_8,00000001,f0045,8,1,short_branch_artifact,0.639,3
p0005_00000001_f0045_8,00000001,f0045,8,3,short_branch_artifact,0.5431,3
p0005_00000001_f0045_8,00000001,f0045,8,10,short_branch_artifact,0.5167,3
p0005_00000001_f0045_8,00000001,f0045,8,11,short_branch_artifact,0.6248,3
p0005_00000001_f0045_8,00000001,f0045,8,13,short_branch_artifact,0.5991,3
p0005_00000001_f0045_8,00000001,f0045,8,14,short_branch_artifact,0.5547,3
p0005_00000001_f0045_8,00000001,f0045,8,15,short_branch_artifact,0.5532,3
p0005_00000001_f0045_8,00000001,f0045,8,24,bifurcation,1.0,3
p0005_00000001_f0045_8,00000001,f0045,8,30,short_branch_artifact,0.5935,3
p0005_00000001_f0045_8,00000001,f0045,8,38,bifurcation,0.906,3
p0005_00000001_f0045_8,00000001,f0045,8,49,crossing_or_overlap,0.8685,4
p0005_00000001_f0045_8,00000001,f0045,8,51,short_branch_artifact,0.5897,3
p0005_00000001_f0045_8,00000001,f0045,8,53,bifurcation,0.9445,3
p0005_00000001_f0045_8,00000001,f0045,8,58,short_branch_artifact,0.5758,3
p0005_00000001_f0045_8,00000001,f0045,8,59,short_branch_artifact,0.5984,3
p0005_00000001_f0045_8,00000001,f0045,8,63,crossing_or_overlap,0.7634,4
p0005_00000001_f0045_8,00000001,f0045,8,66,short_branch_artifact,0.6191,3
p0005_00000001_f0045_8,00000001,f0045,8,69,short_branch_artifact,0.6001,3
p0005_00000001_f0045_8,00000001,f0045,8,70,short_branch_artifact,0.6223,3
p0005_00000001_f0045_8,00000001,f0045,8,78,short_branch_artifact,0.621,3
p0005_00000001_f0045_8,00000001,f0045,8,83,short_branch_artifact,0.6314,3
p0005_00000001_f0045_8,00000001,f0045,8,84,short_branch_artifact,0.6037,3
p0005_00000001_f0045_8,00000001,f0045,8,89,short_branch_artifact,0.631,3
p0005_00000001_f0045_8,00000001,f0045,8,93,short_branch_artifact,0.6002,3
p0005_00000001_f0045_8,00000001,f0045,8,95,short_branch_artifact,0.6158,3
p0005_00000001_f0045_8,00000001,f0045,8,96,short_branch_artifact,0.5802,3
p0005_00000001_f0045_8,00000001,f0045,8,106,short_branch_artifact,0.6421,3
p0005_00000001_f0045_8,00000001,f0045,8,107,crossing_or_overlap,0.9054,4
p0005_00000001_f0045_8,00000001,f0045,8,108,short_branch_artifact,0.6176,3
p0005_00000001_f0045_8,00000001,f0045,8,116,short_branch_artifact,0.6305,3
p0005_00000001_f0045_8,00000001,f0045,8,117,short_branch_artifact,0.6194,3
p0005_00000001_f0045_8,00000001,f0045,8,119,short_branch_artifact,0.6216,3
p0005_00000001_f0045_8,00000001,f0045,8,120,bifurcation,1.0,3
p0005_00000001_f0045_8,00000001,f0045,8,127,short_branch_artifact,0.6186,3
p0005_00000001_f0045_8,00000001,f0045,8,130,short_branch_artifact,0.6095,3
p0005_00000001_f0045_8,00000001,f0045,8,152,short_branch_artifact,0.5936,3
p0005_00000001_f0045_8,00000001,f0045,8,183,short_branch_artifact,0.6469,3
p0005_00000001_f0045_8,00000001,f0045,8,196,bifurcation,1.0,3
p0005_00000001_f0045_8,00000001,f0045,8,214,bifurcation,1.0,3
p0005_00000001_f0046_8,00000001,f0046,8,1,short_branch_artifact,0.6383,3
p0005_00000001_f0046_8,00000001,f0046,8,2,short_branch_artifact,0.6146,3
p0005_00000001_f0046_8,00000001,f0046,8,9,short_branch_artifact,0.6266,3
p0005_00000001_f0046_8,00000001,f0046,8,10,short_branch_artifact,0.5171,3
p0005_00000001_f0046_8,00000001,f0046,8,11,crossing_or_overlap,0.8369,4
p0005_00000001_f0046_8,00000001,f0046,8,13,bifurcation,0.9685,3
p0005_00000001_f0046_8,00000001,f0046,8,20,bifurcation,0.9762,3
p0005_00000001_f0046_8,00000001,f0046,8,22,short_branch_artifact,0.5821,3
p0005_00000001_f0046_8,00000001,f0046,8,33,short_branch_artifact,0.5769,3
p0005_00000001_f0046_8,00000001,f0046,8,49,bifurcation,1.0,3
p0005_00000001_f0046_8,00000001,f0046,8,53,bifurcation,0.9841,3
p0005_00000001_f0046_8,00000001,f0046,8,57,short_branch_artifact,0.6172,3
p0005_00000001_f0046_8,00000001,f0046,8,59,short_branch_artifact,0.6293,3
p0005_00000001_f0046_8,00000001,f0046,8,63,bifurcation,1.0,3
p0005_00000001_f0046_8,00000001,f0046,8,81,short_branch_artifact,0.6063,3
p0005_00000001_f0046_8,00000001,f0046,8,84,short_branch_artifact,0.5912,3
p0005_00000001_f0046_8,00000001,f0046,8,85,bifurcation,1.0,3
p0005_00000001_f0046_8,00000001,f0046,8,87,short_branch_artifact,0.6303,3
p0005_00000001_f0046_8,00000001,f0046,8,89,short_branch_artifact,0.5868,3
p0005_00000001_f0046_8,00000001,f0046,8,91,short_branch_artifact,0.6346,3
p0005_00000001_f0046_8,00000001,f0046,8,105,short_branch_artifact,0.5832,3
p0005_00000001_f0046_8,00000001,f0046,8,109,short_branch_artifact,0.6086,3
p0005_00000001_f0046_8,00000001,f0046,8,110,short_branch_artifact,0.5813,3
p0005_00000001_f0046_8,00000001,f0046,8,112,short_branch_artifact,0.5707,3
p0005_00000001_f0046_8,00000001,f0046,8,113,crossing_or_overlap,0.9252,4
p0005_00000001_f0046_8,00000001,f0046,8,115,crossing_or_overlap,0.7929,4
p0005_00000001_f0046_8,00000001,f0046,8,117,short_branch_artifact,0.6182,3
p0005_00000001_f0046_8,00000001,f0046,8,119,short_branch_artifact,0.6164,3
p0005_00000001_f0046_8,00000001,f0046,8,122,short_branch_artifact,0.6433,3
p0005_00000001_f0046_8,00000001,f0046,8,133,short_branch_artifact,0.6281,3
p0005_00000001_f0046_8,00000001,f0046,8,167,short_branch_artifact,0.6275,3
p0005_00000001_f0046_8,00000001,f0046,8,194,bifurcation,0.9708,3
p0005_00000001_f0046_8,00000001,f0046,8,212,short_branch_artifact,0.6395,3
p0006_00000001_f0017_2,00000001,f0017,2,0,bifurcation,0.9349,3
p0006_00000001_f0017_5,00000001,f0017,5,0,bifurcation,0.8823,3
p0006_00000001_f0018_2,00000001,f0018,2,0,bifurcation,1.0,3
p0006_00000001_f0018_5,00000001,f0018,5,0,short_branch_artifact,0.5536,3
p0006_00000001_f0018_5,00000001,f0018,5,2,short_branch_artifact,0.5918,3
p0006_00000001_f0018_5,00000001,f0018,5,4,short_branch_artifact,0.535,3
p0006_00000001_f0018_5,00000001,f0018,5,9,short_branch_artifact,0.6331,3
p0006_00000001_f0018_5,00000001,f0018,5,11,short_branch_artifact,0.6,3
p0006_00000001_f0018_5,00000001,f0018,5,13,short_branch_artifact,0.6401,3
p0006_00000001_f0019_5,00000001,f0019,5,0,bifurcation,0.9059,3
p0006_00000001_f0019_5,00000001,f0019,5,11,short_branch_artifact,0.5861,3
p0006_00000001_f0019_5,00000001,f0019,5,24,short_branch_artifact,0.6168,3
p0006_00000001_f0019_5,00000001,f0019,5,27,crossing_or_overlap,0.6491,4
p0006_00000001_f0019_5,00000001,f0019,5,29,crossing_or_overlap,0.7024,4
p0006_00000001_f0019_5,00000001,f0019,5,31,short_branch_artifact,0.6453,3
p0006_00000001_f0020_2,00000001,f0020,2,1,bifurcation,0.9977,3
p0006_00000001_f0020_2,00000001,f0020,2,24,short_branch_artifact,0.6166,3
p0006_00000001_f0020_5,00000001,f0020,5,1,short_branch_artifact,0.5479,3
p0006_00000001_f0020_5,00000001,f0020,5,6,short_branch_artifact,0.5375,3
p0006_00000001_f0020_5,00000001,f0020,5,16,short_branch_artifact,0.6255,3
p0006_00000001_f0020_5,00000001,f0020,5,21,short_branch_artifact,0.6069,3
p0006_00000001_f0020_5,00000001,f0020,5,28,bifurcation,1.0,3
p0006_00000001_f0020_5,00000001,f0020,5,33,short_branch_artifact,0.6117,3
p0006_00000001_f0020_5,00000001,f0020,5,34,crossing_or_overlap,0.741,4
p0006_00000001_f0020_5,00000001,f0020,5,46,short_branch_artifact,0.605,3
p0006_00000001_f0021_2,00000001,f0021,2,1,bifurcation,0.8708,3
p0006_00000001_f0021_2,00000001,f0021,2,22,short_branch_artifact,0.5739,3
p0006_00000001_f0021_5,00000001,f0021,5,16,short_branch_artifact,0.5886,3
p0006_00000001_f0021_5,00000001,f0021,5,19,short_branch_artifact,0.5129,3
p0006_00000001_f0021_5,00000001,f0021,5,24,short_branch_artifact,0.628,3
p0006_00000001_f0021_5,00000001,f0021,5,27,short_branch_artifact,0.6351,3
p0006_00000001_f0021_5,00000001,f0021,5,28,short_branch_artifact,0.5774,3
p0006_00000001_f0021_5,00000001,f0021,5,29,short_branch_artifact,0.6191,3
p0006_00000001_f0021_5,00000001,f0021,5,30,short_branch_artifact,0.5889,3
p0006_00000001_f0021_5,00000001,f0021,5,41,bifurcation,0.9341,3
p0006_00000001_f0021_5,00000001,f0021,5,42,short_branch_artifact,0.602,3
p0006_00000001_f0021_5,00000001,f0021,5,50,short_branch_artifact,0.5948,3
p0006_00000001_f0021_5,00000001,f0021,5,55,short_branch_artifact,0.6067,3
p0006_00000001_f0021_5,00000001,f0021,5,56,short_branch_artifact,0.5853,3
p0006_00000001_f0021_5,00000001,f0021,5,74,bifurcation,0.8989,3
p0006_00000001_f0022_2,00000001,f0022,2,11,short_branch_artifact,0.6395,3
p0006_00000001_f0022_2,00000001,f0022,2,28,short_branch_artifact,0.5969,3
p0006_00000001_f0022_2,00000001,f0022,2,40,short_branch_artifact,0.5975,3
p0006_00000001_f0022_5,00000001,f0022,5,15,short_branch_artifact,0.52,3
p0006_00000001_f0022_5,00000001,f0022,5,16,short_branch_artifact,0.6035,3
p0006_00000001_f0022_5,00000001,f0022,5,18,bifurcation,1.0,3
p0006_00000001_f0022_5,00000001,f0022,5,19,short_branch_artifact,0.6402,3
p0006_00000001_f0022_5,00000001,f0022,5,27,short_branch_artifact,0.6348,3
p0006_00000001_f0022_5,00000001,f0022,5,34,short_branch_artifact,0.6274,3
p0006_00000001_f0022_5,00000001,f0022,5,36,short_branch_artifact,0.6316,3
p0006_00000001_f0022_5,00000001,f0022,5,38,bifurcation,0.921,3
p0006_00000001_f0022_5,00000001,f0022,5,39,bifurcation,1.0,3
p0006_00000001_f0022_5,00000001,f0022,5,41,bifurcation,0.9407,3
p0006_00000001_f0022_5,00000001,f0022,5,47,short_branch_artifact,0.5951,3
p0006_00000001_f0022_5,00000001,f0022,5,52,short_branch_artifact,0.5847,3
p0006_00000001_f0022_5,00000001,f0022,5,53,short_branch_artifact,0.5892,3
p0006_00000001_f0022_5,00000001,f0022,5,57,short_branch_artifact,0.6378,3
p0006_00000001_f0022_5,00000001,f0022,5,72,short_branch_artifact,0.5842,3
p0006_00000001_f0022_5,00000001,f0022,5,88,bifurcation,1.0,3
p0006_00000001_f0023_2,00000001,f0023,2,21,short_branch_artifact,0.621,3
p0006_00000001_f0023_2,00000001,f0023,2,40,short_branch_artifact,0.6142,3
p0006_00000001_f0023_5,00000001,f0023,5,5,short_branch_artifact,0.5185,3
p0006_00000001_f0023_5,00000001,f0023,5,6,bifurcation,0.9684,3
p0006_00000001_f0023_5,00000001,f0023,5,8,bifurcation,1.0,3
p0006_00000001_f0023_5,00000001,f0023,5,17,short_branch_artifact,0.628,3
p0006_00000001_f0023_5,00000001,f0023,5,18,short_branch_artifact,0.5978,3
p0006_00000001_f0023_5,00000001,f0023,5,19,short_branch_artifact,0.6253,3
p0006_00000001_f0023_5,00000001,f0023,5,31,short_branch_artifact,0.5926,3
p0006_00000001_f0023_5,00000001,f0023,5,36,short_branch_artifact,0.6357,3
p0006_00000001_f0023_5,00000001,f0023,5,37,short_branch_artifact,0.6201,3
p0006_00000001_f0023_5,00000001,f0023,5,41,short_branch_artifact,0.592,3
p0006_00000001_f0023_5,00000001,f0023,5,47,short_branch_artifact,0.5978,3
p0006_00000001_f0023_5,00000001,f0023,5,64,short_branch_artifact,0.5975,3
p0006_00000001_f0024_2,00000001,f0024,2,20,short_branch_artifact,0.5633,3
p0006_00000001_f0024_2,00000001,f0024,2,36,bifurcation,0.8766,3
p0006_00000001_f0024_2,00000001,f0024,2,54,bifurcation,0.9699,3
p0006_00000001_f0024_5,00000001,f0024,5,6,short_branch_artifact,0.6187,3
p0006_00000001_f0024_5,00000001,f0024,5,9,bifurcation,0.9792,3
p0006_00000001_f0024_5,00000001,f0024,5,10,crossing_or_overlap,0.858,4
p0006_00000001_f0024_5,00000001,f0024,5,13,short_branch_artifact,0.5421,3
p0006_00000001_f0024_5,00000001,f0024,5,14,bifurcation,0.9785,3
p0006_00000001_f0024_5,00000001,f0024,5,25,short_branch_artifact,0.6174,3
p0006_00000001_f0024_5,00000001,f0024,5,26,short_branch_artifact,0.6081,3
p0006_00000001_f0024_5,00000001,f0024,5,46,short_branch_artifact,0.5864,3
p0006_00000001_f0024_5,00000001,f0024,5,66,short_branch_artifact,0.6343,3
p0006_00000001_f0024_5,00000001,f0024,5,79,short_branch_artifact,0.6033,3
p0006_00000001_f0024_5,00000001,f0024,5,97,bifurcation,1.0,3
p0006_00000001_f0024_5,00000001,f0024,5,140,short_branch_artifact,0.6315,3
p0006_00000001_f0025_2,00000001,f0025,2,16,bifurcation,0.9293,3
p0006_00000001_f0025_5,00000001,f0025,5,5,short_branch_artifact,0.5126,3
p0006_00000001_f0025_5,00000001,f0025,5,6,short_branch_artifact,0.5843,3
p0006_00000001_f0025_5,00000001,f0025,5,9,short_branch_artifact,0.6053,3
p0006_00000001_f0025_5,00000001,f0025,5,10,bifurcation,1.0,3
p0006_00000001_f0025_5,00000001,f0025,5,17,short_branch_artifact,0.6053,3
p0006_00000001_f0025_5,00000001,f0025,5,21,short_branch_artifact,0.6058,3
p0006_00000001_f0025_5,00000001,f0025,5,26,short_branch_artifact,0.6389,3
p0006_00000001_f0025_5,00000001,f0025,5,33,short_branch_artifact,0.602,3
p0006_00000001_f0025_5,00000001,f0025,5,43,bifurcation,0.9263,3
p0006_00000001_f0025_5,00000001,f0025,5,55,short_branch_artifact,0.5773,3
p0006_00000001_f0025_5,00000001,f0025,5,79,short_branch_artifact,0.6458,3
p0006_00000001_f0025_5,00000001,f0025,5,88,bifurcation,0.9611,3
p0006_00000001_f0025_5,00000001,f0025,5,110,short_branch_artifact,0.6298,3
p0006_00000001_f0025_5,00000001,f0025,5,125,short_branch_artifact,0.5985,3
p0006_00000001_f0026_2,00000001,f0026,2,0,bifurcation,1.0,3
p0006_00000001_f0026_2,00000001,f0026,2,16,short_branch_artifact,0.5773,3
p0006_00000001_f0026_2,00000001,f0026,2,58,bifurcation,1.0,3
p0006_00000001_f0026_5,00000001,f0026,5,1,bifurcation,0.9268,3
p0006_00000001_f0026_5,00000001,f0026,5,3,bifurcation,0.9333,3
p0006_00000001_f0026_5,00000001,f0026,5,6,short_branch_artifact,0.5239,3
p0006_00000001_f0026_5,00000001,f0026,5,11,bifurcation,0.905,3
p0006_00000001_f0026_5,00000001,f0026,5,16,short_branch_artifact,0.6265,3
p0006_00000001_f0026_5,00000001,f0026,5,19,bifurcation,0.9744,3
p0006_00000001_f0026_5,00000001,f0026,5,25,bifurcation,0.8645,3
p0006_00000001_f0026_5,00000001,f0026,5,26,bifurcation,1.0,3
p0006_00000001_f0026_5,00000001,f0026,5,37,short_branch_artifact,0.6076,3
p0006_00000001_f0026_5,00000001,f0026,5,57,uncertain_high_order_branch,0.7209,4
p0006_00000001_f0026_5,00000001,f0026,5,81,short_branch_artifact,0.6266,3
p0006_00000001_f0026_5,00000001,f0026,5,110,short_branch_artifact,0.6107,3
p0006_00000001_f0026_5,00000001,f0026,5,123,crossing_or_overlap,0.9243,4
p0006_00000001_f0026_5,00000001,f0026,5,141,crossing_or_overlap,0.7791,4
p0006_00000001_f0027_2,00000001,f0027,2,0,bifurcation,0.9665,3
p0006_00000001_f0027_2,00000001,f0027,2,15,bifurcation,0.9467,3
p0006_00000001_f0027_2,00000001,f0027,2,24,short_branch_artifact,0.627,3
p0006_00000001_f0027_2,00000001,f0027,2,62,short_branch_artifact,0.6296,3
p0006_00000001_f0027_5,00000001,f0027,5,2,short_branch_artifact,0.6044,3
p0006_00000001_f0027_5,00000001,f0027,5,5,short_branch_artifact,0.5143,3
p0006_00000001_f0027_5,00000001,f0027,5,10,bifurcation,0.8659,3
p0006_00000001_f0027_5,00000001,f0027,5,14,short_branch_artifact,0.5854,3
p0006_00000001_f0027_5,00000001,f0027,5,15,short_branch_artifact,0.5734,3
p0006_00000001_f0027_5,00000001,f0027,5,16,short_branch_artifact,0.5759,3
p0006_00000001_f0027_5,00000001,f0027,5,22,bifurcation,1.0,3
p0006_00000001_f0027_5,00000001,f0027,5,24,short_branch_artifact,0.61,3
p0006_00000001_f0027_5,00000001,f0027,5,25,crossing_or_overlap,0.9098,4
p0006_00000001_f0027_5,00000001,f0027,5,28,short_branch_artifact,0.6153,3
p0006_00000001_f0027_5,00000001,f0027,5,30,short_branch_artifact,0.6229,3
p0006_00000001_f0027_5,00000001,f0027,5,33,short_branch_artifact,0.5858,3
p0006_00000001_f0027_5,00000001,f0027,5,39,bifurcation,1.0,3
p0006_00000001_f0027_5,00000001,f0027,5,40,short_branch_artifact,0.637,3
p0006_00000001_f0027_5,00000001,f0027,5,53,short_branch_artifact,0.6124,3
p0006_00000001_f0027_5,00000001,f0027,5,71,bifurcation,1.0,3
p0006_00000001_f0027_5,00000001,f0027,5,97,short_branch_artifact,0.6349,3
p0006_00000001_f0027_5,00000001,f0027,5,110,crossing_or_overlap,0.8665,4
p0006_00000001_f0027_5,00000001,f0027,5,129,short_branch_artifact,0.6014,3
p0006_00000001_f0027_5,00000001,f0027,5,132,short_branch_artifact,0.5848,3
p0006_00000001_f0028_2,00000001,f0028,2,0,bifurcation,0.9212,3
p0006_00000001_f0028_2,00000001,f0028,2,18,short_branch_artifact,0.6183,3
p0006_00000001_f0028_2,00000001,f0028,2,26,crossing_or_overlap,0.6591,4
p0006_00000001_f0028_5,00000001,f0028,5,0,bifurcation,0.8984,3
p0006_00000001_f0028_5,00000001,f0028,5,6,short_branch_artifact,0.5164,3
p0006_00000001_f0028_5,00000001,f0028,5,23,uncertain_high_order_branch,0.6057,4
p0006_00000001_f0028_5,00000001,f0028,5,25,short_branch_artifact,0.6007,3
p0006_00000001_f0028_5,00000001,f0028,5,30,bifurcation,1.0,3
p0006_00000001_f0028_5,00000001,f0028,5,36,crossing_or_overlap,0.9402,4
p0006_00000001_f0028_5,00000001,f0028,5,39,short_branch_artifact,0.6254,3
p0006_00000001_f0028_5,00000001,f0028,5,47,short_branch_artifact,0.6158,3
p0006_00000001_f0028_5,00000001,f0028,5,67,short_branch_artifact,0.5964,3
p0006_00000001_f0028_5,00000001,f0028,5,95,short_branch_artifact,0.625,3
p0006_00000001_f0028_5,00000001,f0028,5,121,short_branch_artifact,0.6111,3
p0006_00000001_f0028_5,00000001,f0028,5,133,short_branch_artifact,0.5802,3
p0006_00000001_f0028_5,00000001,f0028,5,142,short_branch_artifact,0.6082,3
p0006_00000001_f0028_5,00000001,f0028,5,153,short_branch_artifact,0.5993,3
p0006_00000001_f0028_5,00000001,f0028,5,156,short_branch_artifact,0.5638,3
p0006_00000001_f0028_5,00000001,f0028,5,161,short_branch_artifact,0.6349,3
p0006_00000001_f0029_2,00000001,f0029,2,0,bifurcation,0.9629,3
p0006_00000001_f0029_2,00000001,f0029,2,8,short_branch_artifact,0.6036,3
p0006_00000001_f0029_2,00000001,f0029,2,27,short_branch_artifact,0.5972,3
p0006_00000001_f0029_2,00000001,f0029,2,36,short_branch_artifact,0.5918,3
p0006_00000001_f0029_5,00000001,f0029,5,0,bifurcation,0.9442,3
p0006_00000001_f0029_5,00000001,f0029,5,2,bifurcation,0.9106,3
p0006_00000001_f0029_5,00000001,f0029,5,11,bifurcation,0.9018,3
p0006_00000001_f0029_5,00000001,f0029,5,14,bifurcation,0.9348,3
p0006_00000001_f0029_5,00000001,f0029,5,17,short_branch_artifact,0.5869,3
p0006_00000001_f0029_5,00000001,f0029,5,18,short_branch_artifact,0.4734,3
p0006_00000001_f0029_5,00000001,f0029,5,21,short_branch_artifact,0.5295,3
p0006_00000001_f0029_5,00000001,f0029,5,30,crossing_or_overlap,0.6376,4
p0006_00000001_f0029_5,00000001,f0029,5,33,short_branch_artifact,0.6146,3
p0006_00000001_f0029_5,00000001,f0029,5,35,short_branch_artifact,0.6179,3
p0006_00000001_f0029_5,00000001,f0029,5,36,bifurcation,1.0,3
p0006_00000001_f0029_5,00000001,f0029,5,39,short_branch_artifact,0.6016,3
p0006_00000001_f0029_5,00000001,f0029,5,40,bifurcation,0.9384,3
p0006_00000001_f0029_5,00000001,f0029,5,42,short_branch_artifact,0.6274,3
p0006_00000001_f0029_5,00000001,f0029,5,43,short_branch_artifact,0.542,3
p0006_00000001_f0029_5,00000001,f0029,5,44,short_branch_artifact,0.6135,3
p0006_00000001_f0029_5,00000001,f0029,5,49,short_branch_artifact,0.63,3
p0006_00000001_f0029_5,00000001,f0029,5,50,short_branch_artifact,0.6312,3
p0006_00000001_f0029_5,00000001,f0029,5,53,short_branch_artifact,0.6031,3
p0006_00000001_f0029_5,00000001,f0029,5,64,bifurcation,0.9455,3
p0006_00000001_f0029_5,00000001,f0029,5,86,short_branch_artifact,0.634,3
p0006_00000001_f0029_5,00000001,f0029,5,116,bifurcation,1.0,3
p0006_00000001_f0029_5,00000001,f0029,5,135,crossing_or_overlap,0.8773,4
p0006_00000001_f0029_5,00000001,f0029,5,137,short_branch_artifact,0.6029,3
p0006_00000001_f0029_5,00000001,f0029,5,144,short_branch_artifact,0.6375,3
p0006_00000001_f0029_5,00000001,f0029,5,146,crossing_or_overlap,0.6401,4
p0006_00000001_f0030_2,00000001,f0030,2,0,short_branch_artifact,0.5423,3
p0006_00000001_f0030_2,00000001,f0030,2,1,short_branch_artifact,0.602,3
p0006_00000001_f0030_2,00000001,f0030,2,14,bifurcation,0.8127,3
p0006_00000001_f0030_2,00000001,f0030,2,19,short_branch_artifact,0.5685,3
p0006_00000001_f0030_2,00000001,f0030,2,25,short_branch_artifact,0.5879,3
p0006_00000001_f0030_2,00000001,f0030,2,40,short_branch_artifact,0.6297,3
p0006_00000001_f0030_2,00000001,f0030,2,49,short_branch_artifact,0.6054,3
p0006_00000001_f0030_2,00000001,f0030,2,62,bifurcation,0.9597,3
p0006_00000001_f0030_5,00000001,f0030,5,0,short_branch_artifact,0.5751,3
p0006_00000001_f0030_5,00000001,f0030,5,2,uncertain_high_order_branch,0.6204,4
p0006_00000001_f0030_5,00000001,f0030,5,14,short_branch_artifact,0.4693,3
p0006_00000001_f0030_5,00000001,f0030,5,16,short_branch_artifact,0.6095,3
p0006_00000001_f0030_5,00000001,f0030,5,17,crossing_or_overlap,0.8626,4
p0006_00000001_f0030_5,00000001,f0030,5,21,short_branch_artifact,0.619,3
p0006_00000001_f0030_5,00000001,f0030,5,22,bifurcation,0.9886,3
p0006_00000001_f0030_5,00000001,f0030,5,23,short_branch_artifact,0.5565,3
p0006_00000001_f0030_5,00000001,f0030,5,26,short_branch_artifact,0.6312,3
p0006_00000001_f0030_5,00000001,f0030,5,39,bifurcation,1.0,3
p0006_00000001_f0030_5,00000001,f0030,5,42,crossing_or_overlap,0.8361,4
p0006_00000001_f0030_5,00000001,f0030,5,43,short_branch_artifact,0.5673,3
p0006_00000001_f0030_5,00000001,f0030,5,44,short_branch_artifact,0.5991,3
p0006_00000001_f0030_5,00000001,f0030,5,51,short_branch_artifact,0.5913,3
p0006_00000001_f0030_5,00000001,f0030,5,52,short_branch_artifact,0.5598,3
p0006_00000001_f0030_5,00000001,f0030,5,57,short_branch_artifact,0.5837,3
p0006_00000001_f0030_5,00000001,f0030,5,67,bifurcation,0.9377,3
p0006_00000001_f0030_5,00000001,f0030,5,85,short_branch_artifact,0.6262,3
p0006_00000001_f0030_5,00000001,f0030,5,112,short_branch_artifact,0.6104,3
p0006_00000001_f0030_5,00000001,f0030,5,128,short_branch_artifact,0.6395,3
p0006_00000001_f0030_5,00000001,f0030,5,136,short_branch_artifact,0.581,3
p0006_00000001_f0030_5,00000001,f0030,5,137,short_branch_artifact,0.5901,3
p0006_00000001_f0030_5,00000001,f0030,5,140,bifurcation,0.975,3
p0006_00000001_f0030_5,00000001,f0030,5,157,short_branch_artifact,0.6133,3
p0006_00000001_f0031_2,00000001,f0031,2,0,bifurcation,0.9804,3
p0006_00000001_f0031_2,00000001,f0031,2,8,short_branch_artifact,0.5028,3
p0006_00000001_f0031_2,00000001,f0031,2,13,bifurcation,0.9695,3
p0006_00000001_f0031_2,00000001,f0031,2,32,short_branch_artifact,0.6104,3
p0006_00000001_f0031_2,00000001,f0031,2,43,short_branch_artifact,0.5898,3
p0006_00000001_f0031_2,00000001,f0031,2,56,short_branch_artifact,0.613,3
p0006_00000001_f0031_5,00000001,f0031,5,0,bifurcation,0.9534,3
p0006_00000001_f0031_5,00000001,f0031,5,1,short_branch_artifact,0.5999,3
p0006_00000001_f0031_5,00000001,f0031,5,12,short_branch_artifact,0.5999,3
p0006_00000001_f0031_5,00000001,f0031,5,13,short_branch_artifact,0.5951,3
p0006_00000001_f0031_5,00000001,f0031,5,17,short_branch_artifact,0.591,3
p0006_00000001_f0031_5,00000001,f0031,5,19,short_branch_artifact,0.514,3
p0006_00000001_f0031_5,00000001,f0031,5,28,short_branch_artifact,0.5778,3
p0006_00000001_f0031_5,00000001,f0031,5,29,short_branch_artifact,0.5432,3
p0006_00000001_f0031_5,00000001,f0031,5,35,short_branch_artifact,0.5503,3
p0006_00000001_f0031_5,00000001,f0031,5,36,short_branch_artifact,0.5614,3
p0006_00000001_f0031_5,00000001,f0031,5,42,crossing_or_overlap,0.8154,4
p0006_00000001_f0031_5,00000001,f0031,5,46,bifurcation,0.9174,3
p0006_00000001_f0031_5,00000001,f0031,5,49,bifurcation,1.0,3
p0006_00000001_f0031_5,00000001,f0031,5,56,short_branch_artifact,0.5988,3
p0006_00000001_f0031_5,00000001,f0031,5,70,short_branch_artifact,0.5979,3
p0006_00000001_f0031_5,00000001,f0031,5,83,short_branch_artifact,0.614,3
p0006_00000001_f0031_5,00000001,f0031,5,94,short_branch_artifact,0.6398,3
p0006_00000001_f0031_5,00000001,f0031,5,95,bifurcation,0.9997,3
p0006_00000001_f0031_5,00000001,f0031,5,123,short_branch_artifact,0.6364,3
p0006_00000001_f0031_5,00000001,f0031,5,126,short_branch_artifact,0.6119,3
p0006_00000001_f0031_5,00000001,f0031,5,128,short_branch_artifact,0.616,3
p0006_00000001_f0031_5,00000001,f0031,5,131,short_branch_artifact,0.6194,3
p0006_00000001_f0031_5,00000001,f0031,5,138,short_branch_artifact,0.5803,3
p0006_00000001_f0031_5,00000001,f0031,5,140,short_branch_artifact,0.5073,3
p0006_00000001_f0031_5,00000001,f0031,5,150,short_branch_artifact,0.6347,3
p0006_00000001_f0032_2,00000001,f0032,2,0,bifurcation,0.9841,3
p0006_00000001_f0032_2,00000001,f0032,2,13,short_branch_artifact,0.5311,3
p0006_00000001_f0032_2,00000001,f0032,2,15,bifurcation,0.9445,3
p0006_00000001_f0032_2,00000001,f0032,2,16,short_branch_artifact,0.5765,3
p0006_00000001_f0032_2,00000001,f0032,2,24,bifurcation,0.9788,3
p0006_00000001_f0032_2,00000001,f0032,2,37,short_branch_artifact,0.6134,3
p0006_00000001_f0032_2,00000001,f0032,2,52,bifurcation,0.9128,3
p0006_00000001_f0032_2,00000001,f0032,2,92,bifurcation,0.9701,3
p0006_00000001_f0032_5,00000001,f0032,5,0,bifurcation,0.935,3
p0006_00000001_f0032_5,00000001,f0032,5,11,short_branch_artifact,0.5631,3
p0006_00000001_f0032_5,00000001,f0032,5,19,short_branch_artifact,0.5334,3
p0006_00000001_f0032_5,00000001,f0032,5,21,short_branch_artifact,0.5841,3
p0006_00000001_f0032_5,00000001,f0032,5,22,short_branch_artifact,0.5972,3
p0006_00000001_f0032_5,00000001,f0032,5,28,short_branch_artifact,0.585,3
p0006_00000001_f0032_5,00000001,f0032,5,30,short_branch_artifact,0.5864,3
p0006_00000001_f0032_5,00000001,f0032,5,34,bifurcation,0.9697,3
p0006_00000001_f0032_5,00000001,f0032,5,35,bifurcation,0.9299,3
p0006_00000001_f0032_5,00000001,f0032,5,36,short_branch_artifact,0.5825,3
p0006_00000001_f0032_5,00000001,f0032,5,37,short_branch_artifact,0.5493,3
p0006_00000001_f0032_5,00000001,f0032,5,41,short_branch_artifact,0.605,3
p0006_00000001_f0032_5,00000001,f0032,5,42,bifurcation,0.9613,3
p0006_00000001_f0032_5,00000001,f0032,5,49,short_branch_artifact,0.6397,3
p0006_00000001_f0032_5,00000001,f0032,5,56,short_branch_artifact,0.5714,3
p0006_00000001_f0032_5,00000001,f0032,5,58,short_branch_artifact,0.4582,3
p0006_00000001_f0032_5,00000001,f0032,5,64,uncertain_high_order_branch,0.6466,4
p0006_00000001_f0032_5,00000001,f0032,5,84,bifurcation,0.9807,3
p0006_00000001_f0032_5,00000001,f0032,5,119,bifurcation,0.9403,3
p0006_00000001_f0032_5,00000001,f0032,5,121,short_branch_artifact,0.6282,3
p0006_00000001_f0032_5,00000001,f0032,5,123,short_branch_artifact,0.6496,3
p0006_00000001_f0032_5,00000001,f0032,5,131,short_branch_artifact,0.6154,3
p0006_00000001_f0033_2,00000001,f0033,2,0,bifurcation,0.9992,3
p0006_00000001_f0033_2,00000001,f0033,2,10,short_branch_artifact,0.5625,3
p0006_00000001_f0033_2,00000001,f0033,2,14,bifurcation,0.9932,3
p0006_00000001_f0033_2,00000001,f0033,2,16,bifurcation,0.8207,3
p0006_00000001_f0033_2,00000001,f0033,2,18,short_branch_artifact,0.5964,3
p0006_00000001_f0033_2,00000001,f0033,2,26,short_branch_artifact,0.5393,3
p0006_00000001_f0033_2,00000001,f0033,2,28,short_branch_artifact,0.5014,3
p0006_00000001_f0033_2,00000001,f0033,2,37,short_branch_artifact,0.6423,3
p0006_00000001_f0033_2,00000001,f0033,2,43,short_branch_artifact,0.6161,3
p0006_00000001_f0033_2,00000001,f0033,2,56,bifurcation,0.9243,3
p0006_00000001_f0033_2,00000001,f0033,2,78,short_branch_artifact,0.6225,3
p0006_00000001_f0033_2,00000001,f0033,2,111,short_branch_artifact,0.6246,3
p0006_00000001_f0033_5,00000001,f0033,5,0,short_branch_artifact,0.5861,3
p0006_00000001_f0033_5,00000001,f0033,5,10,short_branch_artifact,0.5519,3
p0006_00000001_f0033_5,00000001,f0033,5,11,short_branch_artifact,0.5564,3
p0006_00000001_f0033_5,00000001,f0033,5,17,short_branch_artifact,0.5623,3
p0006_00000001_f0033_5,00000001,f0033,5,18,short_branch_artifact,0.6034,3
p0006_00000001_f0033_5,00000001,f0033,5,21,short_branch_artifact,0.5079,3
p0006_00000001_f0033_5,00000001,f0033,5,24,crossing_or_overlap,0.7388,4
p0006_00000001_f0033_5,00000001,f0033,5,28,bifurcation,0.9926,3
p0006_00000001_f0033_5,00000001,f0033,5,29,crossing_or_overlap,0.6291,4
p0006_00000001_f0033_5,00000001,f0033,5,30,short_branch_artifact,0.5249,3
p0006_00000001_f0033_5,00000001,f0033,5,31,bifurcation,1.0,3
p0006_00000001_f0033_5,00000001,f0033,5,37,short_branch_artifact,0.6415,3
p0006_00000001_f0033_5,00000001,f0033,5,45,short_branch_artifact,0.6362,3
p0006_00000001_f0033_5,00000001,f0033,5,48,short_branch_artifact,0.6215,3
p0006_00000001_f0033_5,00000001,f0033,5,54,crossing_or_overlap,0.7231,4
p0006_00000001_f0033_5,00000001,f0033,5,58,short_branch_artifact,0.6203,3
p0006_00000001_f0033_5,00000001,f0033,5,61,short_branch_artifact,0.5033,3
p0006_00000001_f0033_5,00000001,f0033,5,66,short_branch_artifact,0.609,3
p0006_00000001_f0033_5,00000001,f0033,5,71,short_branch_artifact,0.5566,3
p0006_00000001_f0033_5,00000001,f0033,5,77,bifurcation,0.9529,3
p0006_00000001_f0033_5,00000001,f0033,5,91,bifurcation,0.9885,3
p0006_00000001_f0033_5,00000001,f0033,5,117,bifurcation,1.0,3
p0006_00000001_f0033_5,00000001,f0033,5,129,crossing_or_overlap,0.8598,4
p0006_00000001_f0033_5,00000001,f0033,5,144,short_branch_artifact,0.6393,3
p0006_00000001_f0034_2,00000001,f0034,2,7,crossing_or_overlap,0.7035,4
p0006_00000001_f0034_2,00000001,f0034,2,9,short_branch_artifact,0.626,3
p0006_00000001_f0034_2,00000001,f0034,2,10,short_branch_artifact,0.608,3
p0006_00000001_f0034_2,00000001,f0034,2,11,short_branch_artifact,0.5736,3
p0006_00000001_f0034_2,00000001,f0034,2,12,short_branch_artifact,0.6016,3
p0006_00000001_f0034_2,00000001,f0034,2,13,short_branch_artifact,0.6145,3
p0006_00000001_f0034_2,00000001,f0034,2,16,short_branch_artifact,0.5998,3
p0006_00000001_f0034_2,00000001,f0034,2,17,short_branch_artifact,0.6386,3
p0006_00000001_f0034_2,00000001,f0034,2,20,short_branch_artifact,0.6072,3
p0006_00000001_f0034_2,00000001,f0034,2,22,short_branch_artifact,0.5956,3
p0006_00000001_f0034_2,00000001,f0034,2,25,short_branch_artifact,0.5703,3
p0006_00000001_f0034_2,00000001,f0034,2,29,short_branch_artifact,0.5379,3
p0006_00000001_f0034_2,00000001,f0034,2,30,short_branch_artifact,0.5455,3
p0006_00000001_f0034_2,00000001,f0034,2,37,short_branch_artifact,0.6129,3
p0006_00000001_f0034_2,00000001,f0034,2,39,short_branch_artifact,0.6292,3
p0006_00000001_f0034_2,00000001,f0034,2,65,bifurcation,0.9046,3
p0006_00000001_f0034_2,00000001,f0034,2,90,bifurcation,1.0,3
p0006_00000001_f0034_2,00000001,f0034,2,118,bifurcation,1.0,3
p0006_00000001_f0034_5,00000001,f0034,5,0,bifurcation,0.9202,3
p0006_00000001_f0034_5,00000001,f0034,5,12,bifurcation,0.905,3
p0006_00000001_f0034_5,00000001,f0034,5,14,short_branch_artifact,0.5072,3
p0006_00000001_f0034_5,00000001,f0034,5,15,short_branch_artifact,0.6266,3
p0006_00000001_f0034_5,00000001,f0034,5,17,short_branch_artifact,0.5485,3
p0006_00000001_f0034_5,00000001,f0034,5,20,bifurcation,1.0,3
p0006_00000001_f0034_5,00000001,f0034,5,22,short_branch_artifact,0.5396,3
p0006_00000001_f0034_5,00000001,f0034,5,26,short_branch_artifact,0.5792,3
p0006_00000001_f0034_5,00000001,f0034,5,30,bifurcation,0.9751,3
p0006_00000001_f0034_5,00000001,f0034,5,35,short_branch_artifact,0.6372,3
p0006_00000001_f0034_5,00000001,f0034,5,36,short_branch_artifact,0.5394,3
p0006_00000001_f0034_5,00000001,f0034,5,38,crossing_or_overlap,0.6372,4
p0006_00000001_f0034_5,00000001,f0034,5,40,bifurcation,1.0,3
p0006_00000001_f0034_5,00000001,f0034,5,41,short_branch_artifact,0.6198,3
p0006_00000001_f0034_5,00000001,f0034,5,45,crossing_or_overlap,0.8255,4
p0006_00000001_f0034_5,00000001,f0034,5,49,short_branch_artifact,0.5044,3
p0006_00000001_f0034_5,00000001,f0034,5,50,short_branch_artifact,0.6304,3
p0006_00000001_f0034_5,00000001,f0034,5,56,short_branch_artifact,0.5992,3
p0006_00000001_f0034_5,00000001,f0034,5,59,short_branch_artifact,0.5096,3
p0006_00000001_f0034_5,00000001,f0034,5,60,uncertain_high_order_branch,0.6937,4
p0006_00000001_f0034_5,00000001,f0034,5,67,short_branch_artifact,0.6343,3
p0006_00000001_f0034_5,00000001,f0034,5,73,short_branch_artifact,0.6111,3
p0006_00000001_f0034_5,00000001,f0034,5,79,bifurcation,0.9156,3
p0006_00000001_f0034_5,00000001,f0034,5,82,crossing_or_overlap,0.8042,4
p0006_00000001_f0034_5,00000001,f0034,5,90,short_branch_artifact,0.5961,3
p0006_00000001_f0034_5,00000001,f0034,5,92,short_branch_artifact,0.546,3
p0006_00000001_f0034_5,00000001,f0034,5,101,short_branch_artifact,0.5451,3
p0006_00000001_f0034_5,00000001,f0034,5,103,short_branch_artifact,0.5543,3
p0006_00000001_f0034_5,00000001,f0034,5,118,bifurcation,1.0,3
p0006_00000001_f0034_5,00000001,f0034,5,139,short_branch_artifact,0.5852,3
p0006_00000001_f0034_5,00000001,f0034,5,156,short_branch_artifact,0.621,3
p0006_00000001_f0034_5,00000001,f0034,5,169,crossing_or_overlap,0.8203,4
p0006_00000001_f0034_5,00000001,f0034,5,182,bifurcation,0.9534,3
p0006_00000001_f0034_5,00000001,f0034,5,189,short_branch_artifact,0.5878,3
p0006_00000001_f0034_5,00000001,f0034,5,191,uncertain_complex_junction,0.7321,5
p0006_00000001_f0035_2,00000001,f0035,2,1,short_branch_artifact,0.6295,3
p0006_00000001_f0035_2,00000001,f0035,2,10,short_branch_artifact,0.5864,3
p0006_00000001_f0035_2,00000001,f0035,2,14,bifurcation,0.9276,3
p0006_00000001_f0035_2,00000001,f0035,2,15,bifurcation,1.0,3
p0006_00000001_f0035_2,00000001,f0035,2,18,short_branch_artifact,0.5743,3
p0006_00000001_f0035_2,00000001,f0035,2,20,short_branch_artifact,0.5519,3
p0006_00000001_f0035_2,00000001,f0035,2,24,bifurcation,0.9204,3
p0006_00000001_f0035_2,00000001,f0035,2,38,short_branch_artifact,0.5975,3
p0006_00000001_f0035_2,00000001,f0035,2,50,short_branch_artifact,0.6094,3
p0006_00000001_f0035_2,00000001,f0035,2,62,short_branch_artifact,0.6084,3
p0006_00000001_f0035_2,00000001,f0035,2,128,bifurcation,1.0,3
p0006_00000001_f0035_2,00000001,f0035,2,142,bifurcation,1.0,3
p0006_00000001_f0035_5,00000001,f0035,5,0,bifurcation,0.9376,3
p0006_00000001_f0035_5,00000001,f0035,5,7,short_branch_artifact,0.5833,3
p0006_00000001_f0035_5,00000001,f0035,5,8,short_branch_artifact,0.514,3
p0006_00000001_f0035_5,00000001,f0035,5,9,short_branch_artifact,0.5591,3
p0006_00000001_f0035_5,00000001,f0035,5,15,short_branch_artifact,0.4942,3
p0006_00000001_f0035_5,00000001,f0035,5,16,short_branch_artifact,0.6153,3
p0006_00000001_f0035_5,00000001,f0035,5,17,short_branch_artifact,0.5311,3
p0006_00000001_f0035_5,00000001,f0035,5,22,uncertain_high_order_branch,0.6545,4
p0006_00000001_f0035_5,00000001,f0035,5,26,short_branch_artifact,0.5524,3
p0006_00000001_f0035_5,00000001,f0035,5,32,bifurcation,0.8596,3
p0006_00000001_f0035_5,00000001,f0035,5,33,short_branch_artifact,0.5653,3
p0006_00000001_f0035_5,00000001,f0035,5,35,short_branch_artifact,0.5447,3
p0006_00000001_f0035_5,00000001,f0035,5,37,short_branch_artifact,0.5687,3
p0006_00000001_f0035_5,00000001,f0035,5,41,short_branch_artifact,0.5997,3
p0006_00000001_f0035_5,00000001,f0035,5,44,short_branch_artifact,0.6121,3
p0006_00000001_f0035_5,00000001,f0035,5,48,crossing_or_overlap,0.6438,4
p0006_00000001_f0035_5,00000001,f0035,5,51,short_branch_artifact,0.5155,3
p0006_00000001_f0035_5,00000001,f0035,5,53,uncertain_high_order_branch,0.6858,4
p0006_00000001_f0035_5,00000001,f0035,5,54,short_branch_artifact,0.6175,3
p0006_00000001_f0035_5,00000001,f0035,5,61,short_branch_artifact,0.5079,3
p0006_00000001_f0035_5,00000001,f0035,5,67,short_branch_artifact,0.4704,3
p0006_00000001_f0035_5,00000001,f0035,5,68,short_branch_artifact,0.6006,3
p0006_00000001_f0035_5,00000001,f0035,5,73,short_branch_artifact,0.5642,3
p0006_00000001_f0035_5,00000001,f0035,5,75,short_branch_artifact,0.6083,3
p0006_00000001_f0035_5,00000001,f0035,5,78,crossing_or_overlap,0.6562,4
p0006_00000001_f0035_5,00000001,f0035,5,82,crossing_or_overlap,0.8257,4
p0006_00000001_f0035_5,00000001,f0035,5,94,short_branch_artifact,0.5564,3
p0006_00000001_f0035_5,00000001,f0035,5,101,short_branch_artifact,0.5521,3
p0006_00000001_f0035_5,00000001,f0035,5,109,short_branch_artifact,0.553,3
p0006_00000001_f0035_5,00000001,f0035,5,110,short_branch_artifact,0.5462,3
p0006_00000001_f0035_5,00000001,f0035,5,115,bifurcation,0.9793,3
p0006_00000001_f0035_5,00000001,f0035,5,121,short_branch_artifact,0.6263,3
p0006_00000001_f0035_5,00000001,f0035,5,159,bifurcation,1.0,3
p0006_00000001_f0035_5,00000001,f0035,5,175,short_branch_artifact,0.6245,3
p0006_00000001_f0035_5,00000001,f0035,5,176,short_branch_artifact,0.6191,3
p0006_00000001_f0035_5,00000001,f0035,5,196,short_branch_artifact,0.6287,3
p0006_00000001_f0036_2,00000001,f0036,2,7,bifurcation,0.9669,3
p0006_00000001_f0036_2,00000001,f0036,2,9,short_branch_artifact,0.588,3
p0006_00000001_f0036_2,00000001,f0036,2,10,bifurcation,0.9998,3
p0006_00000001_f0036_2,00000001,f0036,2,11,short_branch_artifact,0.5496,3
p0006_00000001_f0036_2,00000001,f0036,2,12,uncertain_high_order_branch,0.6871,4
p0006_00000001_f0036_2,00000001,f0036,2,19,short_branch_artifact,0.5697,3
p0006_00000001_f0036_2,00000001,f0036,2,21,short_branch_artifact,0.5427,3
p0006_00000001_f0036_2,00000001,f0036,2,23,short_branch_artifact,0.5884,3
p0006_00000001_f0036_2,00000001,f0036,2,24,short_branch_artifact,0.5747,3
p0006_00000001_f0036_2,00000001,f0036,2,33,short_branch_artifact,0.5851,3
p0006_00000001_f0036_2,00000001,f0036,2,42,short_branch_artifact,0.6103,3
p0006_00000001_f0036_2,00000001,f0036,2,47,uncertain_high_order_branch,0.594,4
p0006_00000001_f0036_2,00000001,f0036,2,80,short_branch_artifact,0.6169,3
p0006_00000001_f0036_2,00000001,f0036,2,109,short_branch_artifact,0.6355,3
p0006_00000001_f0036_5,00000001,f0036,5,5,short_branch_artifact,0.6108,3
p0006_00000001_f0036_5,00000001,f0036,5,7,bifurcation,0.9597,3
p0006_00000001_f0036_5,00000001,f0036,5,12,short_branch_artifact,0.5332,3
p0006_00000001_f0036_5,00000001,f0036,5,14,bifurcation,1.0,3
p0006_00000001_f0036_5,00000001,f0036,5,16,short_branch_artifact,0.5778,3
p0006_00000001_f0036_5,00000001,f0036,5,19,uncertain_high_order_branch,0.7292,4
p0006_00000001_f0036_5,00000001,f0036,5,21,short_branch_artifact,0.5011,3
p0006_00000001_f0036_5,00000001,f0036,5,23,short_branch_artifact,0.5598,3
p0006_00000001_f0036_5,00000001,f0036,5,26,short_branch_artifact,0.6052,3
p0006_00000001_f0036_5,00000001,f0036,5,30,short_branch_artifact,0.6291,3
p0006_00000001_f0036_5,00000001,f0036,5,32,short_branch_artifact,0.5436,3
p0006_00000001_f0036_5,00000001,f0036,5,33,short_branch_artifact,0.5436,3
p0006_00000001_f0036_5,00000001,f0036,5,35,bifurcation,1.0,3
p0006_00000001_f0036_5,00000001,f0036,5,38,short_branch_artifact,0.5632,3
p0006_00000001_f0036_5,00000001,f0036,5,41,short_branch_artifact,0.605,3
p0006_00000001_f0036_5,00000001,f0036,5,56,short_branch_artifact,0.6031,3
p0006_00000001_f0036_5,00000001,f0036,5,57,short_branch_artifact,0.5154,3
p0006_00000001_f0036_5,00000001,f0036,5,61,bifurcation,1.0,3
p0006_00000001_f0036_5,00000001,f0036,5,63,short_branch_artifact,0.5317,3
p0006_00000001_f0036_5,00000001,f0036,5,79,short_branch_artifact,0.6327,3
p0006_00000001_f0036_5,00000001,f0036,5,80,short_branch_artifact,0.6034,3
p0006_00000001_f0036_5,00000001,f0036,5,82,uncertain_high_order_branch,0.7125,4
p0006_00000001_f0036_5,00000001,f0036,5,86,short_branch_artifact,0.6126,3
p0006_00000001_f0036_5,00000001,f0036,5,95,short_branch_artifact,0.6188,3
p0006_00000001_f0036_5,00000001,f0036,5,98,short_branch_artifact,0.5503,3
p0006_00000001_f0036_5,00000001,f0036,5,107,short_branch_artifact,0.5989,3
p0006_00000001_f0036_5,00000001,f0036,5,111,short_branch_artifact,0.5486,3
p0006_00000001_f0036_5,00000001,f0036,5,123,short_branch_artifact,0.5691,3
p0006_00000001_f0036_5,00000001,f0036,5,125,bifurcation,0.9499,3
p0006_00000001_f0036_5,00000001,f0036,5,126,bifurcation,1.0,3
p0006_00000001_f0036_5,00000001,f0036,5,131,bifurcation,0.9309,3
p0006_00000001_f0036_5,00000001,f0036,5,174,short_branch_artifact,0.6188,3
p0006_00000001_f0036_5,00000001,f0036,5,191,crossing_or_overlap,0.8687,4
p0006_00000001_f0036_5,00000001,f0036,5,211,short_branch_artifact,0.6434,3
p0006_00000001_f0036_5,00000001,f0036,5,213,short_branch_artifact,0.6122,3
p0006_00000001_f0036_5,00000001,f0036,5,218,short_branch_artifact,0.6306,3
p0006_00000001_f0036_5,00000001,f0036,5,224,short_branch_artifact,0.6367,3
p0006_00000001_f0036_5,00000001,f0036,5,227,short_branch_artifact,0.6204,3
p0006_00000001_f0037_2,00000001,f0037,2,1,short_branch_artifact,0.5869,3
p0006_00000001_f0037_2,00000001,f0037,2,5,short_branch_artifact,0.6328,3
p0006_00000001_f0037_2,00000001,f0037,2,11,short_branch_artifact,0.5668,3
p0006_00000001_f0037_2,00000001,f0037,2,13,short_branch_artifact,0.6193,3
p0006_00000001_f0037_2,00000001,f0037,2,15,short_branch_artifact,0.6183,3
p0006_00000001_f0037_2,00000001,f0037,2,16,crossing_or_overlap,0.8452,4
p0006_00000001_f0037_2,00000001,f0037,2,21,short_branch_artifact,0.5433,3
p0006_00000001_f0037_2,00000001,f0037,2,23,short_branch_artifact,0.5507,3
p0006_00000001_f0037_2,00000001,f0037,2,27,short_branch_artifact,0.5975,3
p0006_00000001_f0037_2,00000001,f0037,2,33,short_branch_artifact,0.5313,3
p0006_00000001_f0037_2,00000001,f0037,2,39,short_branch_artifact,0.5921,3
p0006_00000001_f0037_2,00000001,f0037,2,52,short_branch_artifact,0.6119,3
p0006_00000001_f0037_2,00000001,f0037,2,56,bifurcation,1.0,3
p0006_00000001_f0037_2,00000001,f0037,2,97,short_branch_artifact,0.6384,3
p0006_00000001_f0037_2,00000001,f0037,2,134,bifurcation,1.0,3
p0006_00000001_f0037_5,00000001,f0037,5,5,short_branch_artifact,0.6008,3
p0006_00000001_f0037_5,00000001,f0037,5,8,short_branch_artifact,0.5712,3
p0006_00000001_f0037_5,00000001,f0037,5,15,short_branch_artifact,0.5821,3
p0006_00000001_f0037_5,00000001,f0037,5,16,short_branch_artifact,0.6116,3
p0006_00000001_f0037_5,00000001,f0037,5,17,short_branch_artifact,0.5282,3
p0006_00000001_f0037_5,00000001,f0037,5,18,bifurcation,0.9605,3
p0006_00000001_f0037_5,00000001,f0037,5,19,short_branch_artifact,0.5553,3
p0006_00000001_f0037_5,00000001,f0037,5,22,short_branch_artifact,0.5451,3
p0006_00000001_f0037_5,00000001,f0037,5,23,short_branch_artifact,0.4916,3
p0006_00000001_f0037_5,00000001,f0037,5,31,short_branch_artifact,0.6454,3
p0006_00000001_f0037_5,00000001,f0037,5,32,short_branch_artifact,0.5312,3
p0006_00000001_f0037_5,00000001,f0037,5,34,short_branch_artifact,0.5285,3
p0006_00000001_f0037_5,00000001,f0037,5,35,short_branch_artifact,0.6336,3
p0006_00000001_f0037_5,00000001,f0037,5,36,short_branch_artifact,0.525,3
p0006_00000001_f0037_5,00000001,f0037,5,37,short_branch_artifact,0.5757,3
p0006_00000001_f0037_5,00000001,f0037,5,44,crossing_or_overlap,0.6605,4
p0006_00000001_f0037_5,00000001,f0037,5,57,short_branch_artifact,0.624,3
p0006_00000001_f0037_5,00000001,f0037,5,58,short_branch_artifact,0.5445,3
p0006_00000001_f0037_5,00000001,f0037,5,59,short_branch_artifact,0.6349,3
p0006_00000001_f0037_5,00000001,f0037,5,60,short_branch_artifact,0.5972,3
p0006_00000001_f0037_5,00000001,f0037,5,61,short_branch_artifact,0.6199,3
p0006_00000001_f0037_5,00000001,f0037,5,63,short_branch_artifact,0.5012,3
p0006_00000001_f0037_5,00000001,f0037,5,66,short_branch_artifact,0.5122,3
p0006_00000001_f0037_5,00000001,f0037,5,80,short_branch_artifact,0.4858,3
p0006_00000001_f0037_5,00000001,f0037,5,85,short_branch_artifact,0.6157,3
p0006_00000001_f0037_5,00000001,f0037,5,96,short_branch_artifact,0.524,3
p0006_00000001_f0037_5,00000001,f0037,5,101,short_branch_artifact,0.595,3
p0006_00000001_f0037_5,00000001,f0037,5,108,short_branch_artifact,0.5214,3
p0006_00000001_f0037_5,00000001,f0037,5,114,short_branch_artifact,0.5628,3
p0006_00000001_f0037_5,00000001,f0037,5,117,short_branch_artifact,0.6163,3
p0006_00000001_f0037_5,00000001,f0037,5,121,short_branch_artifact,0.5742,3
p0006_00000001_f0037_5,00000001,f0037,5,126,bifurcation,1.0,3
p0006_00000001_f0037_5,00000001,f0037,5,145,short_branch_artifact,0.6109,3
p0006_00000001_f0037_5,00000001,f0037,5,149,short_branch_artifact,0.6411,3
p0006_00000001_f0037_5,00000001,f0037,5,181,short_branch_artifact,0.6226,3
p0006_00000001_f0037_5,00000001,f0037,5,195,crossing_or_overlap,0.8813,4
p0006_00000001_f0037_5,00000001,f0037,5,214,short_branch_artifact,0.6134,3
p0006_00000001_f0037_5,00000001,f0037,5,219,crossing_or_overlap,0.7437,4
p0006_00000001_f0037_5,00000001,f0037,5,226,short_branch_artifact,0.6273,3
p0006_00000001_f0037_5,00000001,f0037,5,229,short_branch_artifact,0.6088,3
p0006_00000001_f0037_5,00000001,f0037,5,233,short_branch_artifact,0.6309,3
p0006_00000001_f0038_2,00000001,f0038,2,0,bifurcation,0.9729,3
p0006_00000001_f0038_2,00000001,f0038,2,7,short_branch_artifact,0.6306,3
p0006_00000001_f0038_2,00000001,f0038,2,9,bifurcation,0.9054,3
p0006_00000001_f0038_2,00000001,f0038,2,11,bifurcation,0.9765,3
p0006_00000001_f0038_2,00000001,f0038,2,12,short_branch_artifact,0.59,3
p0006_00000001_f0038_2,00000001,f0038,2,13,bifurcation,1.0,3
p0006_00000001_f0038_2,00000001,f0038,2,15,bifurcation,1.0,3
p0006_00000001_f0038_2,00000001,f0038,2,16,short_branch_artifact,0.5685,3
p0006_00000001_f0038_2,00000001,f0038,2,19,bifurcation,0.9029,3
p0006_00000001_f0038_2,00000001,f0038,2,20,short_branch_artifact,0.5502,3
p0006_00000001_f0038_2,00000001,f0038,2,22,short_branch_artifact,0.5733,3
p0006_00000001_f0038_2,00000001,f0038,2,24,short_branch_artifact,0.5779,3
p0006_00000001_f0038_2,00000001,f0038,2,32,short_branch_artifact,0.6219,3
p0006_00000001_f0038_2,00000001,f0038,2,38,short_branch_artifact,0.5643,3
p0006_00000001_f0038_2,00000001,f0038,2,55,bifurcation,0.9363,3
p0006_00000001_f0038_2,00000001,f0038,2,93,bifurcation,0.9899,3
p0006_00000001_f0038_2,00000001,f0038,2,136,bifurcation,0.9536,3
p0006_00000001_f0038_5,00000001,f0038,5,0,short_branch_artifact,0.6223,3
p0006_00000001_f0038_5,00000001,f0038,5,5,bifurcation,0.9411,3
p0006_00000001_f0038_5,00000001,f0038,5,7,short_branch_artifact,0.5064,3
p0006_00000001_f0038_5,00000001,f0038,5,9,uncertain_high_order_branch,0.6381,4
p0006_00000001_f0038_5,00000001,f0038,5,17,short_branch_artifact,0.5771,3
p0006_00000001_f0038_5,00000001,f0038,5,20,short_branch_artifact,0.5529,3
p0006_00000001_f0038_5,00000001,f0038,5,22,short_branch_artifact,0.5892,3
p0006_00000001_f0038_5,00000001,f0038,5,24,short_branch_artifact,0.6118,3
p0006_00000001_f0038_5,00000001,f0038,5,25,short_branch_artifact,0.5756,3
p0006_00000001_f0038_5,00000001,f0038,5,30,short_branch_artifact,0.5956,3
p0006_00000001_f0038_5,00000001,f0038,5,36,short_branch_artifact,0.6025,3
p0006_00000001_f0038_5,00000001,f0038,5,42,short_branch_artifact,0.4716,3
p0006_00000001_f0038_5,00000001,f0038,5,43,bifurcation,0.9662,3
p0006_00000001_f0038_5,00000001,f0038,5,48,bifurcation,0.9565,3
p0006_00000001_f0038_5,00000001,f0038,5,60,short_branch_artifact,0.4576,3
p0006_00000001_f0038_5,00000001,f0038,5,62,short_branch_artifact,0.5494,3
p0006_00000001_f0038_5,00000001,f0038,5,69,short_branch_artifact,0.5572,3
p0006_00000001_f0038_5,00000001,f0038,5,70,short_branch_artifact,0.6173,3
p0006_00000001_f0038_5,00000001,f0038,5,76,bifurcation,1.0,3
p0006_00000001_f0038_5,00000001,f0038,5,80,crossing_or_overlap,0.7213,4
p0006_00000001_f0038_5,00000001,f0038,5,105,short_branch_artifact,0.5916,3
p0006_00000001_f0038_5,00000001,f0038,5,106,bifurcation,1.0,3
p0006_00000001_f0038_5,00000001,f0038,5,169,short_branch_artifact,0.5997,3
p0006_00000001_f0038_5,00000001,f0038,5,189,crossing_or_overlap,0.8497,4
p0006_00000001_f0038_5,00000001,f0038,5,209,short_branch_artifact,0.6042,3
p0006_00000001_f0038_5,00000001,f0038,5,210,crossing_or_overlap,0.6282,4
p0006_00000001_f0038_5,00000001,f0038,5,213,bifurcation,0.83,3
p0006_00000001_f0039_5,00000001,f0039,5,0,bifurcation,0.9134,3
p0006_00000001_f0039_5,00000001,f0039,5,7,short_branch_artifact,0.5487,3
p0006_00000001_f0039_5,00000001,f0039,5,9,short_branch_artifact,0.5691,3
p0006_00000001_f0039_5,00000001,f0039,5,18,short_branch_artifact,0.45,3
p0006_00000001_f0039_5,00000001,f0039,5,19,short_branch_artifact,0.5301,3
p0006_00000001_f0039_5,00000001,f0039,5,23,short_branch_artifact,0.5619,3
p0006_00000001_f0039_5,00000001,f0039,5,24,short_branch_artifact,0.5073,3
p0006_00000001_f0039_5,00000001,f0039,5,30,bifurcation,0.96,3
p0006_00000001_f0039_5,00000001,f0039,5,32,short_branch_artifact,0.595,3
p0006_00000001_f0039_5,00000001,f0039,5,33,bifurcation,1.0,3
p0006_00000001_f0039_5,00000001,f0039,5,46,short_branch_artifact,0.4783,3
p0006_00000001_f0039_5,00000001,f0039,5,47,short_branch_artifact,0.6086,3
p0006_00000001_f0039_5,00000001,f0039,5,55,short_branch_artifact,0.5446,3
p0006_00000001_f0039_5,00000001,f0039,5,56,short_branch_artifact,0.5107,3
p0006_00000001_f0039_5,00000001,f0039,5,60,crossing_or_overlap,0.6987,4
p0006_00000001_f0039_5,00000001,f0039,5,66,short_branch_artifact,0.6009,3
p0006_00000001_f0039_5,00000001,f0039,5,78,short_branch_artifact,0.5906,3
p0006_00000001_f0039_5,00000001,f0039,5,80,bifurcation,1.0,3
p0006_00000001_f0039_5,00000001,f0039,5,90,crossing_or_overlap,0.6722,4
p0006_00000001_f0039_5,00000001,f0039,5,101,bifurcation,0.9458,3
p0006_00000001_f0039_5,00000001,f0039,5,114,short_branch_artifact,0.5901,3
p0006_00000001_f0039_5,00000001,f0039,5,130,short_branch_artifact,0.5716,3
p0006_00000001_f0039_5,00000001,f0039,5,151,bifurcation,0.9895,3
p0006_00000001_f0039_5,00000001,f0039,5,170,crossing_or_overlap,0.8561,4
p0006_00000001_f0039_5,00000001,f0039,5,190,short_branch_artifact,0.5893,3
p0006_00000001_f0039_5,00000001,f0039,5,193,short_branch_artifact,0.5584,3
p0006_00000001_f0039_5,00000001,f0039,5,198,short_branch_artifact,0.6458,3
p0006_00000001_f0040_5,00000001,f0040,5,0,bifurcation,0.9538,3
p0006_00000001_f0040_5,00000001,f0040,5,6,short_branch_artifact,0.5373,3
p0006_00000001_f0040_5,00000001,f0040,5,17,bifurcation,0.8746,3
p0006_00000001_f0040_5,00000001,f0040,5,22,short_branch_artifact,0.5971,3
p0006_00000001_f0040_5,00000001,f0040,5,23,short_branch_artifact,0.5395,3
p0006_00000001_f0040_5,00000001,f0040,5,28,crossing_or_overlap,0.767,4
p0006_00000001_f0040_5,00000001,f0040,5,29,short_branch_artifact,0.5631,3
p0006_00000001_f0040_5,00000001,f0040,5,31,bifurcation,0.9852,3
p0006_00000001_f0040_5,00000001,f0040,5,32,crossing_or_overlap,0.8462,4
p0006_00000001_f0040_5,00000001,f0040,5,36,short_branch_artifact,0.5136,3
p0006_00000001_f0040_5,00000001,f0040,5,40,short_branch_artifact,0.5965,3
p0006_00000001_f0040_5,00000001,f0040,5,44,short_branch_artifact,0.5987,3
p0006_00000001_f0040_5,00000001,f0040,5,45,short_branch_artifact,0.6065,3
p0006_00000001_f0040_5,00000001,f0040,5,47,short_branch_artifact,0.6116,3
p0006_00000001_f0040_5,00000001,f0040,5,49,short_branch_artifact,0.6152,3
p0006_00000001_f0040_5,00000001,f0040,5,50,short_branch_artifact,0.55,3
p0006_00000001_f0040_5,00000001,f0040,5,56,crossing_or_overlap,0.8225,4
p0006_00000001_f0040_5,00000001,f0040,5,60,crossing_or_overlap,0.7643,4
p0006_00000001_f0040_5,00000001,f0040,5,65,short_branch_artifact,0.4658,3
p0006_00000001_f0040_5,00000001,f0040,5,70,short_branch_artifact,0.4521,3
p0006_00000001_f0040_5,00000001,f0040,5,73,short_branch_artifact,0.5641,3
p0006_00000001_f0040_5,00000001,f0040,5,74,short_branch_artifact,0.61,3
p0006_00000001_f0040_5,00000001,f0040,5,75,short_branch_artifact,0.5912,3
p0006_00000001_f0040_5,00000001,f0040,5,76,short_branch_artifact,0.5927,3
p0006_00000001_f0040_5,00000001,f0040,5,79,short_branch_artifact,0.612,3
p0006_00000001_f0040_5,00000001,f0040,5,85,short_branch_artifact,0.5945,3
p0006_00000001_f0040_5,00000001,f0040,5,108,bifurcation,0.9916,3
p0006_00000001_f0040_5,00000001,f0040,5,145,short_branch_artifact,0.6313,3
p0006_00000001_f0040_5,00000001,f0040,5,163,crossing_or_overlap,0.9233,4
p0006_00000001_f0040_5,00000001,f0040,5,165,short_branch_artifact,0.6395,3
p0006_00000001_f0040_5,00000001,f0040,5,169,short_branch_artifact,0.6263,3
p0006_00000001_f0040_5,00000001,f0040,5,177,short_branch_artifact,0.5927,3
p0006_00000001_f0040_5,00000001,f0040,5,186,bifurcation,1.0,3
p0006_00000001_f0041_5,00000001,f0041,5,0,bifurcation,0.9802,3
p0006_00000001_f0041_5,00000001,f0041,5,6,short_branch_artifact,0.5259,3
p0006_00000001_f0041_5,00000001,f0041,5,17,short_branch_artifact,0.5392,3
p0006_00000001_f0041_5,00000001,f0041,5,21,short_branch_artifact,0.4511,3
p0006_00000001_f0041_5,00000001,f0041,5,24,short_branch_artifact,0.5508,3
p0006_00000001_f0041_5,00000001,f0041,5,25,short_branch_artifact,0.5781,3
p0006_00000001_f0041_5,00000001,f0041,5,31,bifurcation,0.8957,3
p0006_00000001_f0041_5,00000001,f0041,5,32,short_branch_artifact,0.5449,3
p0006_00000001_f0041_5,00000001,f0041,5,37,short_branch_artifact,0.631,3
p0006_00000001_f0041_5,00000001,f0041,5,39,crossing_or_overlap,0.6966,4
p0006_00000001_f0041_5,00000001,f0041,5,40,short_branch_artifact,0.5914,3
p0006_00000001_f0041_5,00000001,f0041,5,42,short_branch_artifact,0.5876,3
p0006_00000001_f0041_5,00000001,f0041,5,48,crossing_or_overlap,0.7266,4
p0006_00000001_f0041_5,00000001,f0041,5,50,short_branch_artifact,0.5669,3
p0006_00000001_f0041_5,00000001,f0041,5,54,short_branch_artifact,0.602,3
p0006_00000001_f0041_5,00000001,f0041,5,61,short_branch_artifact,0.5128,3
p0006_00000001_f0041_5,00000001,f0041,5,65,short_branch_artifact,0.4852,3
p0006_00000001_f0041_5,00000001,f0041,5,73,crossing_or_overlap,0.6711,4
p0006_00000001_f0041_5,00000001,f0041,5,79,crossing_or_overlap,0.8024,4
p0006_00000001_f0041_5,00000001,f0041,5,86,short_branch_artifact,0.6152,3
p0006_00000001_f0041_5,00000001,f0041,5,96,short_branch_artifact,0.6154,3
p0006_00000001_f0041_5,00000001,f0041,5,101,short_branch_artifact,0.6481,3
p0006_00000001_f0041_5,00000001,f0041,5,110,short_branch_artifact,0.6314,3
p0006_00000001_f0041_5,00000001,f0041,5,132,short_branch_artifact,0.6082,3
p0006_00000001_f0041_5,00000001,f0041,5,158,crossing_or_overlap,0.8671,4
p0006_00000001_f0041_5,00000001,f0041,5,163,short_branch_artifact,0.6255,3
p0006_00000001_f0041_5,00000001,f0041,5,169,bifurcation,1.0,3
p0006_00000001_f0041_5,00000001,f0041,5,172,crossing_or_overlap,0.6837,4
p0006_00000001_f0042_5,00000001,f0042,5,0,bifurcation,0.956,3
p0006_00000001_f0042_5,00000001,f0042,5,8,short_branch_artifact,0.6048,3
p0006_00000001_f0042_5,00000001,f0042,5,18,short_branch_artifact,0.5384,3
p0006_00000001_f0042_5,00000001,f0042,5,22,short_branch_artifact,0.45,3
p0006_00000001_f0042_5,00000001,f0042,5,23,short_branch_artifact,0.5889,3
p0006_00000001_f0042_5,00000001,f0042,5,24,short_branch_artifact,0.5046,3
p0006_00000001_f0042_5,00000001,f0042,5,32,short_branch_artifact,0.544,3
p0006_00000001_f0042_5,00000001,f0042,5,34,short_branch_artifact,0.545,3
p0006_00000001_f0042_5,00000001,f0042,5,38,short_branch_artifact,0.5791,3
p0006_00000001_f0042_5,00000001,f0042,5,39,crossing_or_overlap,0.8322,4
p0006_00000001_f0042_5,00000001,f0042,5,41,short_branch_artifact,0.5558,3
p0006_00000001_f0042_5,00000001,f0042,5,46,short_branch_artifact,0.5086,3
p0006_00000001_f0042_5,00000001,f0042,5,51,bifurcation,0.9237,3
p0006_00000001_f0042_5,00000001,f0042,5,55,short_branch_artifact,0.45,3
p0006_00000001_f0042_5,00000001,f0042,5,56,short_branch_artifact,0.5983,3
p0006_00000001_f0042_5,00000001,f0042,5,63,short_branch_artifact,0.5284,3
p0006_00000001_f0042_5,00000001,f0042,5,66,short_branch_artifact,0.5634,3
p0006_00000001_f0042_5,00000001,f0042,5,67,short_branch_artifact,0.6026,3
p0006_00000001_f0042_5,00000001,f0042,5,70,short_branch_artifact,0.6266,3
p0006_00000001_f0042_5,00000001,f0042,5,73,bifurcation,0.9726,3
p0006_00000001_f0042_5,00000001,f0042,5,80,short_branch_artifact,0.6097,3
p0006_00000001_f0042_5,00000001,f0042,5,88,crossing_or_overlap,0.783,4
p0006_00000001_f0042_5,00000001,f0042,5,93,short_branch_artifact,0.6274,3
p0006_00000001_f0042_5,00000001,f0042,5,102,bifurcation,0.9433,3
p0006_00000001_f0042_5,00000001,f0042,5,119,crossing_or_overlap,0.8415,4
p0006_00000001_f0042_5,00000001,f0042,5,135,short_branch_artifact,0.642,3
p0006_00000001_f0042_5,00000001,f0042,5,136,short_branch_artifact,0.6154,3
p0006_00000001_f0042_5,00000001,f0042,5,144,bifurcation,0.9663,3
p0006_00000001_f0042_5,00000001,f0042,5,157,short_branch_artifact,0.638,3
p0006_00000001_f0042_5,00000001,f0042,5,161,short_branch_artifact,0.604,3
p0006_00000001_f0042_5,00000001,f0042,5,163,crossing_or_overlap,0.8618,4
p0006_00000001_f0042_5,00000001,f0042,5,169,short_branch_artifact,0.6082,3
p0006_00000001_f0042_5,00000001,f0042,5,174,short_branch_artifact,0.636,3
p0006_00000001_f0042_5,00000001,f0042,5,175,short_branch_artifact,0.6116,3
p0006_00000001_f0042_5,00000001,f0042,5,180,short_branch_artifact,0.533,3
p0006_00000001_f0042_5,00000001,f0042,5,191,crossing_or_overlap,0.8692,4
p0006_00000001_f0042_5,00000001,f0042,5,194,short_branch_artifact,0.6177,3
p0006_00000001_f0043_5,00000001,f0043,5,0,bifurcation,0.9679,3
p0006_00000001_f0043_5,00000001,f0043,5,3,short_branch_artifact,0.5821,3
p0006_00000001_f0043_5,00000001,f0043,5,7,bifurcation,0.8143,3
p0006_00000001_f0043_5,00000001,f0043,5,17,short_branch_artifact,0.581,3
p0006_00000001_f0043_5,00000001,f0043,5,18,short_branch_artifact,0.5069,3
p0006_00000001_f0043_5,00000001,f0043,5,22,short_branch_artifact,0.6164,3
p0006_00000001_f0043_5,00000001,f0043,5,25,short_branch_artifact,0.45,3
p0006_00000001_f0043_5,00000001,f0043,5,26,short_branch_artifact,0.5618,3
p0006_00000001_f0043_5,00000001,f0043,5,27,short_branch_artifact,0.52,3
p0006_00000001_f0043_5,00000001,f0043,5,30,short_branch_artifact,0.5513,3
p0006_00000001_f0043_5,00000001,f0043,5,32,short_branch_artifact,0.5644,3
p0006_00000001_f0043_5,00000001,f0043,5,38,uncertain_complex_junction,0.7086,5
p0006_00000001_f0043_5,00000001,f0043,5,41,bifurcation,0.9231,3
p0006_00000001_f0043_5,00000001,f0043,5,44,short_branch_artifact,0.6078,3
p0006_00000001_f0043_5,00000001,f0043,5,45,short_branch_artifact,0.5359,3
p0006_00000001_f0043_5,00000001,f0043,5,54,short_branch_artifact,0.45,3
p0006_00000001_f0043_5,00000001,f0043,5,58,short_branch_artifact,0.6173,3
p0006_00000001_f0043_5,00000001,f0043,5,63,short_branch_artifact,0.4787,3
p0006_00000001_f0043_5,00000001,f0043,5,65,short_branch_artifact,0.5127,3
p0006_00000001_f0043_5,00000001,f0043,5,69,short_branch_artifact,0.6174,3
p0006_00000001_f0043_5,00000001,f0043,5,70,bifurcation,0.9516,3
p0006_00000001_f0043_5,00000001,f0043,5,71,short_branch_artifact,0.5406,3
p0006_00000001_f0043_5,00000001,f0043,5,75,short_branch_artifact,0.6193,3
p0006_00000001_f0043_5,00000001,f0043,5,76,crossing_or_overlap,0.6416,4
p0006_00000001_f0043_5,00000001,f0043,5,80,bifurcation,1.0,3
p0006_00000001_f0043_5,00000001,f0043,5,88,crossing_or_overlap,0.7124,4
p0006_00000001_f0043_5,00000001,f0043,5,93,short_branch_artifact,0.6365,3
p0006_00000001_f0043_5,00000001,f0043,5,110,bifurcation,0.9454,3
p0006_00000001_f0043_5,00000001,f0043,5,124,crossing_or_overlap,0.9065,4
p0006_00000001_f0043_5,00000001,f0043,5,135,short_branch_artifact,0.6193,3
p0006_00000001_f0043_5,00000001,f0043,5,147,bifurcation,0.9699,3
p0006_00000001_f0043_5,00000001,f0043,5,158,short_branch_artifact,0.6361,3
p0006_00000001_f0043_5,00000001,f0043,5,161,short_branch_artifact,0.6175,3
p0006_00000001_f0043_5,00000001,f0043,5,163,short_branch_artifact,0.6374,3
p0006_00000001_f0043_5,00000001,f0043,5,164,short_branch_artifact,0.6225,3
p0006_00000001_f0043_5,00000001,f0043,5,167,short_branch_artifact,0.5979,3
p0006_00000001_f0043_5,00000001,f0043,5,168,short_branch_artifact,0.5955,3
p0006_00000001_f0043_5,00000001,f0043,5,170,short_branch_artifact,0.6334,3
p0006_00000001_f0043_5,00000001,f0043,5,184,bifurcation,0.9845,3
p0006_00000001_f0044_5,00000001,f0044,5,0,uncertain_high_order_branch,0.6597,4
p0006_00000001_f0044_5,00000001,f0044,5,3,short_branch_artifact,0.5732,3
p0006_00000001_f0044_5,00000001,f0044,5,8,short_branch_artifact,0.6157,3
p0006_00000001_f0044_5,00000001,f0044,5,12,short_branch_artifact,0.5727,3
p0006_00000001_f0044_5,00000001,f0044,5,15,short_branch_artifact,0.6241,3
p0006_00000001_f0044_5,00000001,f0044,5,16,short_branch_artifact,0.5006,3
p0006_00000001_f0044_5,00000001,f0044,5,20,short_branch_artifact,0.45,3
p0006_00000001_f0044_5,00000001,f0044,5,23,short_branch_artifact,0.5408,3
p0006_00000001_f0044_5,00000001,f0044,5,24,short_branch_artifact,0.5608,3
p0006_00000001_f0044_5,00000001,f0044,5,26,short_branch_artifact,0.5472,3
p0006_00000001_f0044_5,00000001,f0044,5,27,short_branch_artifact,0.5645,3
p0006_00000001_f0044_5,00000001,f0044,5,33,short_branch_artifact,0.5735,3
p0006_00000001_f0044_5,00000001,f0044,5,34,crossing_or_overlap,0.8868,4
p0006_00000001_f0044_5,00000001,f0044,5,35,short_branch_artifact,0.5508,3
p0006_00000001_f0044_5,00000001,f0044,5,40,short_branch_artifact,0.5225,3
p0006_00000001_f0044_5,00000001,f0044,5,57,crossing_or_overlap,0.8386,4
p0006_00000001_f0044_5,00000001,f0044,5,59,short_branch_artifact,0.5976,3
p0006_00000001_f0044_5,00000001,f0044,5,60,short_branch_artifact,0.4806,3
p0006_00000001_f0044_5,00000001,f0044,5,62,short_branch_artifact,0.5178,3
p0006_00000001_f0044_5,00000001,f0044,5,64,bifurcation,1.0,3
p0006_00000001_f0044_5,00000001,f0044,5,65,short_branch_artifact,0.6158,3
p0006_00000001_f0044_5,00000001,f0044,5,67,short_branch_artifact,0.5422,3
p0006_00000001_f0044_5,00000001,f0044,5,68,short_branch_artifact,0.5536,3
p0006_00000001_f0044_5,00000001,f0044,5,71,crossing_or_overlap,0.6271,4
p0006_00000001_f0044_5,00000001,f0044,5,75,short_branch_artifact,0.611,3
p0006_00000001_f0044_5,00000001,f0044,5,82,short_branch_artifact,0.6055,3
p0006_00000001_f0044_5,00000001,f0044,5,97,short_branch_artifact,0.6243,3
p0006_00000001_f0044_5,00000001,f0044,5,115,bifurcation,0.9814,3
p0006_00000001_f0044_5,00000001,f0044,5,126,short_branch_artifact,0.6252,3
p0006_00000001_f0044_5,00000001,f0044,5,130,short_branch_artifact,0.6158,3
p0006_00000001_f0044_5,00000001,f0044,5,149,short_branch_artifact,0.6335,3
p0006_00000001_f0044_5,00000001,f0044,5,166,short_branch_artifact,0.6458,3
p0006_00000001_f0044_5,00000001,f0044,5,167,short_branch_artifact,0.6041,3
p0006_00000001_f0044_5,00000001,f0044,5,169,short_branch_artifact,0.6114,3
p0006_00000001_f0044_5,00000001,f0044,5,172,short_branch_artifact,0.6384,3
p0006_00000001_f0044_5,00000001,f0044,5,177,short_branch_artifact,0.6272,3
p0006_00000001_f0044_5,00000001,f0044,5,184,short_branch_artifact,0.5756,3
p0006_00000001_f0045_5,00000001,f0045,5,1,crossing_or_overlap,0.6704,4
p0006_00000001_f0045_5,00000001,f0045,5,8,short_branch_artifact,0.5932,3
p0006_00000001_f0045_5,00000001,f0045,5,9,bifurcation,0.8582,3
p0006_00000001_f0045_5,00000001,f0045,5,12,short_branch_artifact,0.5716,3
p0006_00000001_f0045_5,00000001,f0045,5,15,short_branch_artifact,0.5309,3
p0006_00000001_f0045_5,00000001,f0045,5,16,short_branch_artifact,0.6245,3
p0006_00000001_f0045_5,00000001,f0045,5,17,short_branch_artifact,0.5406,3
p0006_00000001_f0045_5,00000001,f0045,5,21,short_branch_artifact,0.5488,3
p0006_00000001_f0045_5,00000001,f0045,5,25,short_branch_artifact,0.5571,3
p0006_00000001_f0045_5,00000001,f0045,5,30,short_branch_artifact,0.5451,3
p0006_00000001_f0045_5,00000001,f0045,5,32,short_branch_artifact,0.6185,3
p0006_00000001_f0045_5,00000001,f0045,5,33,uncertain_complex_junction,0.6553,5
p0006_00000001_f0045_5,00000001,f0045,5,37,short_branch_artifact,0.6163,3
p0006_00000001_f0045_5,00000001,f0045,5,43,bifurcation,0.8995,3
p0006_00000001_f0045_5,00000001,f0045,5,44,short_branch_artifact,0.6124,3
p0006_00000001_f0045_5,00000001,f0045,5,45,short_branch_artifact,0.5155,3
p0006_00000001_f0045_5,00000001,f0045,5,52,short_branch_artifact,0.6242,3
p0006_00000001_f0045_5,00000001,f0045,5,58,short_branch_artifact,0.6285,3
p0006_00000001_f0045_5,00000001,f0045,5,65,short_branch_artifact,0.4591,3
p0006_00000001_f0045_5,00000001,f0045,5,69,short_branch_artifact,0.5136,3
p0006_00000001_f0045_5,00000001,f0045,5,73,short_branch_artifact,0.5327,3
p0006_00000001_f0045_5,00000001,f0045,5,77,short_branch_artifact,0.6152,3
p0006_00000001_f0045_5,00000001,f0045,5,78,short_branch_artifact,0.6026,3
p0006_00000001_f0045_5,00000001,f0045,5,83,short_branch_artifact,0.5982,3
p0006_00000001_f0045_5,00000001,f0045,5,86,short_branch_artifact,0.556,3
p0006_00000001_f0045_5,00000001,f0045,5,89,short_branch_artifact,0.5978,3
p0006_00000001_f0045_5,00000001,f0045,5,90,short_branch_artifact,0.5692,3
p0006_00000001_f0045_5,00000001,f0045,5,91,short_branch_artifact,0.5876,3
p0006_00000001_f0045_5,00000001,f0045,5,116,bifurcation,0.9562,3
p0006_00000001_f0045_5,00000001,f0045,5,137,short_branch_artifact,0.5686,3
p0006_00000001_f0045_5,00000001,f0045,5,144,short_branch_artifact,0.5843,3
p0006_00000001_f0045_5,00000001,f0045,5,166,short_branch_artifact,0.5996,3
p0006_00000001_f0045_5,00000001,f0045,5,178,short_branch_artifact,0.6154,3
p0006_00000001_f0045_5,00000001,f0045,5,189,short_branch_artifact,0.5916,3
p0006_00000001_f0045_5,00000001,f0045,5,191,short_branch_artifact,0.5575,3
p0006_00000001_f0045_5,00000001,f0045,5,196,short_branch_artifact,0.607,3
p0006_00000001_f0045_5,00000001,f0045,5,203,short_branch_artifact,0.6227,3
p0006_00000001_f0045_5,00000001,f0045,5,204,short_branch_artifact,0.614,3
p0006_00000001_f0045_5,00000001,f0045,5,223,short_branch_artifact,0.6257,3
p0006_00000001_f0045_5,00000001,f0045,5,229,short_branch_artifact,0.6341,3
p0006_00000001_f0045_5,00000001,f0045,5,232,short_branch_artifact,0.6202,3
p0006_00000001_f0045_5,00000001,f0045,5,235,short_branch_artifact,0.6291,3
p0006_00000001_f0046_5,00000001,f0046,5,0,short_branch_artifact,0.581,3
p0006_00000001_f0046_5,00000001,f0046,5,10,short_branch_artifact,0.5603,3
p0006_00000001_f0046_5,00000001,f0046,5,11,short_branch_artifact,0.6055,3
p0006_00000001_f0046_5,00000001,f0046,5,17,short_branch_artifact,0.5875,3
p0006_00000001_f0046_5,00000001,f0046,5,18,short_branch_artifact,0.6005,3
p0006_00000001_f0046_5,00000001,f0046,5,19,bifurcation,0.9318,3
p0006_00000001_f0046_5,00000001,f0046,5,21,short_branch_artifact,0.5118,3
p0006_00000001_f0046_5,00000001,f0046,5,24,short_branch_artifact,0.5536,3
p0006_00000001_f0046_5,00000001,f0046,5,28,bifurcation,1.0,3
p0006_00000001_f0046_5,00000001,f0046,5,29,short_branch_artifact,0.5178,3
p0006_00000001_f0046_5,00000001,f0046,5,30,short_branch_artifact,0.5606,3
p0006_00000001_f0046_5,00000001,f0046,5,31,crossing_or_overlap,0.7282,4
p0006_00000001_f0046_5,00000001,f0046,5,37,short_branch_artifact,0.6023,3
p0006_00000001_f0046_5,00000001,f0046,5,38,short_branch_artifact,0.5258,3
p0006_00000001_f0046_5,00000001,f0046,5,43,short_branch_artifact,0.6156,3
p0006_00000001_f0046_5,00000001,f0046,5,44,uncertain_complex_junction,0.6973,5
p0006_00000001_f0046_5,00000001,f0046,5,46,short_branch_artifact,0.5778,3
p0006_00000001_f0046_5,00000001,f0046,5,51,short_branch_artifact,0.6044,3
p0006_00000001_f0046_5,00000001,f0046,5,54,short_branch_artifact,0.4941,3
p0006_00000001_f0046_5,00000001,f0046,5,60,crossing_or_overlap,0.7675,4
p0006_00000001_f0046_5,00000001,f0046,5,69,short_branch_artifact,0.554,3
p0006_00000001_f0046_5,00000001,f0046,5,72,short_branch_artifact,0.6233,3
p0006_00000001_f0046_5,00000001,f0046,5,74,short_branch_artifact,0.5831,3
p0006_00000001_f0046_5,00000001,f0046,5,77,short_branch_artifact,0.6326,3
p0006_00000001_f0046_5,00000001,f0046,5,80,short_branch_artifact,0.606,3
p0006_00000001_f0046_5,00000001,f0046,5,83,short_branch_artifact,0.6025,3
p0006_00000001_f0046_5,00000001,f0046,5,85,short_branch_artifact,0.6005,3
p0006_00000001_f0046_5,00000001,f0046,5,88,short_branch_artifact,0.5329,3
p0006_00000001_f0046_5,00000001,f0046,5,92,uncertain_high_order_branch,0.7399,4
p0006_00000001_f0046_5,00000001,f0046,5,111,short_branch_artifact,0.6257,3
p0006_00000001_f0046_5,00000001,f0046,5,116,bifurcation,1.0,3
p0006_00000001_f0046_5,00000001,f0046,5,139,bifurcation,1.0,3
p0006_00000001_f0046_5,00000001,f0046,5,141,short_branch_artifact,0.6046,3
p0006_00000001_f0046_5,00000001,f0046,5,142,short_branch_artifact,0.635,3
p0006_00000001_f0046_5,00000001,f0046,5,156,short_branch_artifact,0.6095,3
p0006_00000001_f0046_5,00000001,f0046,5,162,short_branch_artifact,0.6026,3
p0006_00000001_f0046_5,00000001,f0046,5,183,short_branch_artifact,0.6092,3
p0006_00000001_f0046_5,00000001,f0046,5,187,short_branch_artifact,0.5935,3
p0006_00000001_f0046_5,00000001,f0046,5,193,bifurcation,0.9826,3
p0006_00000001_f0046_5,00000001,f0046,5,196,short_branch_artifact,0.5586,3
p0006_00000001_f0046_5,00000001,f0046,5,208,short_branch_artifact,0.6339,3
p0006_00000001_f0046_5,00000001,f0046,5,210,short_branch_artifact,0.6157,3
p0006_00000001_f0046_5,00000001,f0046,5,231,short_branch_artifact,0.6253,3
p0006_00000001_f0046_5,00000001,f0046,5,232,uncertain_complex_junction,0.7069,5
p0006_00000001_f0046_5,00000001,f0046,5,242,short_branch_artifact,0.6099,3
p0006_00000001_f0046_5,00000001,f0046,5,247,short_branch_artifact,0.639,3
p0006_00000001_f0046_5,00000001,f0046,5,248,short_branch_artifact,0.6362,3
p0006_00000001_f0046_5,00000001,f0046,5,259,short_branch_artifact,0.641,3
p0006_00000001_f0047_5,00000001,f0047,5,5,short_branch_artifact,0.6141,3
p0006_00000001_f0047_5,00000001,f0047,5,8,short_branch_artifact,0.6365,3
p0006_00000001_f0047_5,00000001,f0047,5,10,short_branch_artifact,0.6158,3
p0006_00000001_f0047_5,00000001,f0047,5,13,short_branch_artifact,0.6018,3
p0006_00000001_f0047_5,00000001,f0047,5,14,short_branch_artifact,0.6198,3
p0006_00000001_f0047_5,00000001,f0047,5,19,short_branch_artifact,0.5269,3
p0006_00000001_f0047_5,00000001,f0047,5,22,short_branch_artifact,0.5568,3
p0006_00000001_f0047_5,00000001,f0047,5,27,short_branch_artifact,0.633,3
p0006_00000001_f0047_5,00000001,f0047,5,28,short_branch_artifact,0.5306,3
p0006_00000001_f0047_5,00000001,f0047,5,30,short_branch_artifact,0.5327,3
p0006_00000001_f0047_5,00000001,f0047,5,32,short_branch_artifact,0.5396,3
p0006_00000001_f0047_5,00000001,f0047,5,34,short_branch_artifact,0.5466,3
p0006_00000001_f0047_5,00000001,f0047,5,39,crossing_or_overlap,0.7335,4
p0006_00000001_f0047_5,00000001,f0047,5,40,short_branch_artifact,0.6204,3
p0006_00000001_f0047_5,00000001,f0047,5,46,short_branch_artifact,0.55,3
p0006_00000001_f0047_5,00000001,f0047,5,47,short_branch_artifact,0.5908,3
p0006_00000001_f0047_5,00000001,f0047,5,48,short_branch_artifact,0.559,3
p0006_00000001_f0047_5,00000001,f0047,5,54,crossing_or_overlap,0.6977,4
p0006_00000001_f0047_5,00000001,f0047,5,60,short_branch_artifact,0.5058,3
p0006_00000001_f0047_5,00000001,f0047,5,63,short_branch_artifact,0.5699,3
p0006_00000001_f0047_5,00000001,f0047,5,65,short_branch_artifact,0.6068,3
p0006_00000001_f0047_5,00000001,f0047,5,71,short_branch_artifact,0.6223,3
p0006_00000001_f0047_5,00000001,f0047,5,75,bifurcation,1.0,3
p0006_00000001_f0047_5,00000001,f0047,5,76,short_branch_artifact,0.6045,3
p0006_00000001_f0047_5,00000001,f0047,5,77,short_branch_artifact,0.5946,3
p0006_00000001_f0047_5,00000001,f0047,5,83,short_branch_artifact,0.5569,3
p0006_00000001_f0047_5,00000001,f0047,5,100,short_branch_artifact,0.6282,3
p0006_00000001_f0047_5,00000001,f0047,5,102,bifurcation,0.9887,3
p0006_00000001_f0047_5,00000001,f0047,5,143,crossing_or_overlap,0.8497,4
p0006_00000001_f0047_5,00000001,f0047,5,153,short_branch_artifact,0.6034,3
p0006_00000001_f0047_5,00000001,f0047,5,164,short_branch_artifact,0.6027,3
p0006_00000001_f0047_5,00000001,f0047,5,169,short_branch_artifact,0.6,3
p0006_00000001_f0047_5,00000001,f0047,5,175,crossing_or_overlap,0.8029,4
p0006_00000001_f0047_5,00000001,f0047,5,176,short_branch_artifact,0.6289,3
p0006_00000001_f0047_5,00000001,f0047,5,178,short_branch_artifact,0.614,3
p0006_00000001_f0047_5,00000001,f0047,5,196,short_branch_artifact,0.5667,3
p0006_00000001_f0047_5,00000001,f0047,5,199,short_branch_artifact,0.542,3
p0006_00000001_f0047_5,00000001,f0047,5,205,crossing_or_overlap,0.7844,4
p0006_00000001_f0047_5,00000001,f0047,5,211,short_branch_artifact,0.6419,3
p0006_00000001_f0048_5,00000001,f0048,5,4,short_branch_artifact,0.6023,3
p0006_00000001_f0048_5,00000001,f0048,5,5,short_branch_artifact,0.6242,3
p0006_00000001_f0048_5,00000001,f0048,5,6,short_branch_artifact,0.5789,3
p0006_00000001_f0048_5,00000001,f0048,5,8,short_branch_artifact,0.6056,3
p0006_00000001_f0048_5,00000001,f0048,5,9,short_branch_artifact,0.5904,3
p0006_00000001_f0048_5,00000001,f0048,5,15,short_branch_artifact,0.5835,3
p0006_00000001_f0048_5,00000001,f0048,5,17,short_branch_artifact,0.5315,3
p0006_00000001_f0048_5,00000001,f0048,5,18,short_branch_artifact,0.5201,3
p0006_00000001_f0048_5,00000001,f0048,5,19,short_branch_artifact,0.5478,3
p0006_00000001_f0048_5,00000001,f0048,5,21,bifurcation,0.757,3
p0006_00000001_f0048_5,00000001,f0048,5,22,short_branch_artifact,0.5541,3
p0006_00000001_f0048_5,00000001,f0048,5,23,short_branch_artifact,0.5998,3
p0006_00000001_f0048_5,00000001,f0048,5,24,short_branch_artifact,0.6154,3
p0006_00000001_f0048_5,00000001,f0048,5,26,short_branch_artifact,0.6105,3
p0006_00000001_f0048_5,00000001,f0048,5,29,short_branch_artifact,0.6195,3
p0006_00000001_f0048_5,00000001,f0048,5,31,short_branch_artifact,0.5651,3
p0006_00000001_f0048_5,00000001,f0048,5,34,bifurcation,0.947,3
p0006_00000001_f0048_5,00000001,f0048,5,39,short_branch_artifact,0.6416,3
p0006_00000001_f0048_5,00000001,f0048,5,40,short_branch_artifact,0.5156,3
p0006_00000001_f0048_5,00000001,f0048,5,44,short_branch_artifact,0.6312,3
p0006_00000001_f0048_5,00000001,f0048,5,45,short_branch_artifact,0.6037,3
p0006_00000001_f0048_5,00000001,f0048,5,53,short_branch_artifact,0.5456,3
p0006_00000001_f0048_5,00000001,f0048,5,55,crossing_or_overlap,0.6557,4
p0006_00000001_f0048_5,00000001,f0048,5,70,short_branch_artifact,0.6045,3
p0006_00000001_f0048_5,00000001,f0048,5,71,crossing_or_overlap,0.8145,4
p0006_00000001_f0048_5,00000001,f0048,5,72,bifurcation,0.9141,3
p0006_00000001_f0048_5,00000001,f0048,5,73,short_branch_artifact,0.6334,3
p0006_00000001_f0048_5,00000001,f0048,5,78,short_branch_artifact,0.5934,3
p0006_00000001_f0048_5,00000001,f0048,5,82,bifurcation,1.0,3
p0006_00000001_f0048_5,00000001,f0048,5,83,short_branch_artifact,0.5315,3
p0006_00000001_f0048_5,00000001,f0048,5,85,short_branch_artifact,0.5883,3
p0006_00000001_f0048_5,00000001,f0048,5,89,short_branch_artifact,0.608,3
p0006_00000001_f0048_5,00000001,f0048,5,94,short_branch_artifact,0.5757,3
p0006_00000001_f0048_5,00000001,f0048,5,109,short_branch_artifact,0.6322,3
p0006_00000001_f0048_5,00000001,f0048,5,111,short_branch_artifact,0.6342,3
p0006_00000001_f0048_5,00000001,f0048,5,140,short_branch_artifact,0.5743,3
p0006_00000001_f0048_5,00000001,f0048,5,145,bifurcation,1.0,3
p0006_00000001_f0048_5,00000001,f0048,5,147,short_branch_artifact,0.6369,3
p0006_00000001_f0048_5,00000001,f0048,5,152,short_branch_artifact,0.6492,3
p0006_00000001_f0048_5,00000001,f0048,5,172,bifurcation,1.0,3
p0006_00000001_f0048_5,00000001,f0048,5,188,short_branch_artifact,0.6101,3
p0006_00000001_f0048_5,00000001,f0048,5,192,crossing_or_overlap,0.8574,4
p0006_00000001_f0048_5,00000001,f0048,5,197,bifurcation,0.9618,3
p0006_00000001_f0048_5,00000001,f0048,5,216,short_branch_artifact,0.5855,3
p0006_00000001_f0048_5,00000001,f0048,5,217,short_branch_artifact,0.5184,3
p0006_00000001_f0048_5,00000001,f0048,5,223,short_branch_artifact,0.6285,3
p0006_00000001_f0048_5,00000001,f0048,5,227,short_branch_artifact,0.6404,3
p0006_00000001_f0048_5,00000001,f0048,5,230,short_branch_artifact,0.6379,3
p0006_00000001_f0049_5,00000001,f0049,5,3,bifurcation,0.9367,3
p0006_00000001_f0049_5,00000001,f0049,5,5,short_branch_artifact,0.6023,3
p0006_00000001_f0049_5,00000001,f0049,5,6,short_branch_artifact,0.5696,3
p0006_00000001_f0049_5,00000001,f0049,5,7,short_branch_artifact,0.6453,3
p0006_00000001_f0049_5,00000001,f0049,5,8,bifurcation,0.8327,3
p0006_00000001_f0049_5,00000001,f0049,5,9,short_branch_artifact,0.5549,3
p0006_00000001_f0049_5,00000001,f0049,5,11,short_branch_artifact,0.4785,3
p0006_00000001_f0049_5,00000001,f0049,5,13,short_branch_artifact,0.517,3
p0006_00000001_f0049_5,00000001,f0049,5,15,bifurcation,0.8801,3
p0006_00000001_f0049_5,00000001,f0049,5,23,short_branch_artifact,0.5743,3
p0006_00000001_f0049_5,00000001,f0049,5,27,short_branch_artifact,0.5844,3
p0006_00000001_f0049_5,00000001,f0049,5,28,short_branch_artifact,0.5667,3
p0006_00000001_f0049_5,00000001,f0049,5,32,short_branch_artifact,0.529,3
p0006_00000001_f0049_5,00000001,f0049,5,39,short_branch_artifact,0.6179,3
p0006_00000001_f0049_5,00000001,f0049,5,40,short_branch_artifact,0.5285,3
p0006_00000001_f0049_5,00000001,f0049,5,41,bifurcation,0.8829,3
p0006_00000001_f0049_5,00000001,f0049,5,49,short_branch_artifact,0.5324,3
p0006_00000001_f0049_5,00000001,f0049,5,61,crossing_or_overlap,0.856,4
p0006_00000001_f0049_5,00000001,f0049,5,69,bifurcation,0.762,3
p0006_00000001_f0049_5,00000001,f0049,5,71,short_branch_artifact,0.5979,3
p0006_00000001_f0049_5,00000001,f0049,5,72,short_branch_artifact,0.6288,3
p0006_00000001_f0049_5,00000001,f0049,5,78,short_branch_artifact,0.6128,3
p0006_00000001_f0049_5,00000001,f0049,5,79,short_branch_artifact,0.5934,3
p0006_00000001_f0049_5,00000001,f0049,5,96,short_branch_artifact,0.5389,3
p0006_00000001_f0049_5,00000001,f0049,5,97,short_branch_artifact,0.6093,3
p0006_00000001_f0049_5,00000001,f0049,5,99,short_branch_artifact,0.5779,3
p0006_00000001_f0049_5,00000001,f0049,5,108,bifurcation,1.0,3
p0006_00000001_f0049_5,00000001,f0049,5,116,bifurcation,1.0,3
p0006_00000001_f0049_5,00000001,f0049,5,121,crossing_or_overlap,0.7364,4
p0006_00000001_f0049_5,00000001,f0049,5,127,short_branch_artifact,0.5492,3
p0006_00000001_f0049_5,00000001,f0049,5,135,short_branch_artifact,0.6386,3
p0006_00000001_f0049_5,00000001,f0049,5,152,bifurcation,1.0,3
p0006_00000001_f0049_5,00000001,f0049,5,164,short_branch_artifact,0.6208,3
p0006_00000001_f0049_5,00000001,f0049,5,169,short_branch_artifact,0.6045,3
p0006_00000001_f0049_5,00000001,f0049,5,177,short_branch_artifact,0.5788,3
p0006_00000001_f0049_5,00000001,f0049,5,181,bifurcation,0.9796,3
p0006_00000001_f0049_5,00000001,f0049,5,184,short_branch_artifact,0.5758,3
p0006_00000001_f0049_5,00000001,f0049,5,189,crossing_or_overlap,0.8728,4
p0006_00000001_f0049_5,00000001,f0049,5,217,short_branch_artifact,0.5306,3
p0006_00000001_f0049_5,00000001,f0049,5,220,short_branch_artifact,0.5293,3
p0006_00000001_f0049_5,00000001,f0049,5,222,short_branch_artifact,0.6263,3
p0006_00000001_f0049_5,00000001,f0049,5,228,short_branch_artifact,0.6136,3
p0006_00000001_f0049_5,00000001,f0049,5,237,short_branch_artifact,0.6282,3
p0006_00000001_f0050_5,00000001,f0050,5,7,short_branch_artifact,0.5938,3
p0006_00000001_f0050_5,00000001,f0050,5,8,short_branch_artifact,0.6459,3
p0006_00000001_f0050_5,00000001,f0050,5,9,short_branch_artifact,0.5958,3
p0006_00000001_f0050_5,00000001,f0050,5,10,short_branch_artifact,0.5514,3
p0006_00000001_f0050_5,00000001,f0050,5,12,short_branch_artifact,0.4865,3
p0006_00000001_f0050_5,00000001,f0050,5,14,short_branch_artifact,0.5458,3
p0006_00000001_f0050_5,00000001,f0050,5,15,short_branch_artifact,0.4639,3
p0006_00000001_f0050_5,00000001,f0050,5,19,short_branch_artifact,0.4501,3
p0006_00000001_f0050_5,00000001,f0050,5,20,short_branch_artifact,0.5867,3
p0006_00000001_f0050_5,00000001,f0050,5,30,short_branch_artifact,0.6251,3
p0006_00000001_f0050_5,00000001,f0050,5,31,short_branch_artifact,0.5452,3
p0006_00000001_f0050_5,00000001,f0050,5,33,short_branch_artifact,0.6294,3
p0006_00000001_f0050_5,00000001,f0050,5,38,short_branch_artifact,0.5224,3
p0006_00000001_f0050_5,00000001,f0050,5,44,bifurcation,0.9192,3
p0006_00000001_f0050_5,00000001,f0050,5,45,short_branch_artifact,0.5542,3
p0006_00000001_f0050_5,00000001,f0050,5,46,short_branch_artifact,0.6224,3
p0006_00000001_f0050_5,00000001,f0050,5,54,crossing_or_overlap,0.6537,4
p0006_00000001_f0050_5,00000001,f0050,5,67,short_branch_artifact,0.6115,3
p0006_00000001_f0050_5,00000001,f0050,5,68,short_branch_artifact,0.6248,3
p0006_00000001_f0050_5,00000001,f0050,5,69,short_branch_artifact,0.5683,3
p0006_00000001_f0050_5,00000001,f0050,5,72,short_branch_artifact,0.5553,3
p0006_00000001_f0050_5,00000001,f0050,5,73,short_branch_artifact,0.5867,3
p0006_00000001_f0050_5,00000001,f0050,5,81,short_branch_artifact,0.5731,3
p0006_00000001_f0050_5,00000001,f0050,5,82,short_branch_artifact,0.5839,3
p0006_00000001_f0050_5,00000001,f0050,5,86,bifurcation,0.9796,3
p0006_00000001_f0050_5,00000001,f0050,5,99,short_branch_artifact,0.5423,3
p0006_00000001_f0050_5,00000001,f0050,5,103,short_branch_artifact,0.6219,3
p0006_00000001_f0050_5,00000001,f0050,5,114,bifurcation,0.9628,3
p0006_00000001_f0050_5,00000001,f0050,5,116,short_branch_artifact,0.6312,3
p0006_00000001_f0050_5,00000001,f0050,5,118,short_branch_artifact,0.6027,3
p0006_00000001_f0050_5,00000001,f0050,5,123,short_branch_artifact,0.5856,3
p0006_00000001_f0050_5,00000001,f0050,5,138,short_branch_artifact,0.6358,3
p0006_00000001_f0050_5,00000001,f0050,5,147,bifurcation,0.9523,3
p0006_00000001_f0050_5,00000001,f0050,5,154,short_branch_artifact,0.5555,3
p0006_00000001_f0050_5,00000001,f0050,5,157,short_branch_artifact,0.5911,3
p0006_00000001_f0050_5,00000001,f0050,5,168,short_branch_artifact,0.5997,3
p0006_00000001_f0050_5,00000001,f0050,5,177,short_branch_artifact,0.6381,3
p0006_00000001_f0050_5,00000001,f0050,5,179,short_branch_artifact,0.6186,3
p0006_00000001_f0050_5,00000001,f0050,5,187,short_branch_artifact,0.6124,3
p0006_00000001_f0050_5,00000001,f0050,5,194,short_branch_artifact,0.5776,3
p0006_00000001_f0050_5,00000001,f0050,5,200,crossing_or_overlap,0.8071,4
p0006_00000001_f0050_5,00000001,f0050,5,233,short_branch_artifact,0.5698,3
p0006_00000001_f0050_5,00000001,f0050,5,235,short_branch_artifact,0.5126,3
p0006_00000001_f0050_5,00000001,f0050,5,237,short_branch_artifact,0.625,3
p0006_00000001_f0050_5,00000001,f0050,5,238,short_branch_artifact,0.5942,3
p0006_00000001_f0050_5,00000001,f0050,5,242,short_branch_artifact,0.637,3
p0006_00000001_f0050_5,00000001,f0050,5,243,short_branch_artifact,0.6047,3
p0006_00000001_f0050_5,00000001,f0050,5,246,short_branch_artifact,0.634,3
p0006_00000001_f0051_5,00000001,f0051,5,5,short_branch_artifact,0.6124,3
p0006_00000001_f0051_5,00000001,f0051,5,7,short_branch_artifact,0.6342,3
p0006_00000001_f0051_5,00000001,f0051,5,12,short_branch_artifact,0.5627,3
p0006_00000001_f0051_5,00000001,f0051,5,13,short_branch_artifact,0.5876,3
p0006_00000001_f0051_5,00000001,f0051,5,14,short_branch_artifact,0.5148,3
p0006_00000001_f0051_5,00000001,f0051,5,16,bifurcation,0.8909,3
p0006_00000001_f0051_5,00000001,f0051,5,23,short_branch_artifact,0.5159,3
p0006_00000001_f0051_5,00000001,f0051,5,24,short_branch_artifact,0.6123,3
p0006_00000001_f0051_5,00000001,f0051,5,33,short_branch_artifact,0.62,3
p0006_00000001_f0051_5,00000001,f0051,5,43,short_branch_artifact,0.6024,3
p0006_00000001_f0051_5,00000001,f0051,5,49,crossing_or_overlap,0.7672,4
p0006_00000001_f0051_5,00000001,f0051,5,54,uncertain_high_order_branch,0.6722,4
p0006_00000001_f0051_5,00000001,f0051,5,57,short_branch_artifact,0.5572,3
p0006_00000001_f0051_5,00000001,f0051,5,59,bifurcation,1.0,3
p0006_00000001_f0051_5,00000001,f0051,5,60,short_branch_artifact,0.5642,3
p0006_00000001_f0051_5,00000001,f0051,5,68,short_branch_artifact,0.557,3
p0006_00000001_f0051_5,00000001,f0051,5,69,short_branch_artifact,0.5561,3
p0006_00000001_f0051_5,00000001,f0051,5,77,short_branch_artifact,0.6015,3
p0006_00000001_f0051_5,00000001,f0051,5,78,short_branch_artifact,0.5583,3
p0006_00000001_f0051_5,00000001,f0051,5,79,short_branch_artifact,0.5915,3
p0006_00000001_f0051_5,00000001,f0051,5,89,crossing_or_overlap,0.8279,4
p0006_00000001_f0051_5,00000001,f0051,5,94,short_branch_artifact,0.5968,3
p0006_00000001_f0051_5,00000001,f0051,5,100,bifurcation,1.0,3
p0006_00000001_f0051_5,00000001,f0051,5,104,short_branch_artifact,0.5804,3
p0006_00000001_f0051_5,00000001,f0051,5,128,short_branch_artifact,0.6269,3
p0006_00000001_f0051_5,00000001,f0051,5,141,short_branch_artifact,0.5997,3
p0006_00000001_f0051_5,00000001,f0051,5,153,bifurcation,0.9177,3
p0006_00000001_f0051_5,00000001,f0051,5,156,bifurcation,1.0,3
p0006_00000001_f0051_5,00000001,f0051,5,160,crossing_or_overlap,0.9301,4
p0006_00000001_f0051_5,00000001,f0051,5,162,short_branch_artifact,0.6307,3
p0006_00000001_f0051_5,00000001,f0051,5,167,crossing_or_overlap,0.9055,4
p0006_00000001_f0051_5,00000001,f0051,5,190,short_branch_artifact,0.6062,3
p0006_00000001_f0051_5,00000001,f0051,5,197,crossing_or_overlap,0.7616,4
p0006_00000001_f0051_5,00000001,f0051,5,203,short_branch_artifact,0.6286,3
p0006_00000001_f0051_5,00000001,f0051,5,204,crossing_or_overlap,0.8135,4
p0006_00000001_f0051_5,00000001,f0051,5,206,short_branch_artifact,0.6403,3
p0006_00000001_f0052_5,00000001,f0052,5,3,short_branch_artifact,0.6071,3
p0006_00000001_f0052_5,00000001,f0052,5,9,short_branch_artifact,0.6248,3
p0006_00000001_f0052_5,00000001,f0052,5,14,short_branch_artifact,0.5919,3
p0006_00000001_f0052_5,00000001,f0052,5,15,short_branch_artifact,0.6283,3
p0006_00000001_f0052_5,00000001,f0052,5,18,bifurcation,0.9079,3
p0006_00000001_f0052_5,00000001,f0052,5,22,short_branch_artifact,0.528,3
p0006_00000001_f0052_5,00000001,f0052,5,27,bifurcation,0.9306,3
p0006_00000001_f0052_5,00000001,f0052,5,31,short_branch_artifact,0.6146,3
p0006_00000001_f0052_5,00000001,f0052,5,36,short_branch_artifact,0.5685,3
p0006_00000001_f0052_5,00000001,f0052,5,44,short_branch_artifact,0.6247,3
p0006_00000001_f0052_5,00000001,f0052,5,54,crossing_or_overlap,0.7079,4
p0006_00000001_f0052_5,00000001,f0052,5,57,short_branch_artifact,0.5924,3
p0006_00000001_f0052_5,00000001,f0052,5,66,short_branch_artifact,0.5451,3
p0006_00000001_f0052_5,00000001,f0052,5,70,bifurcation,0.9342,3
p0006_00000001_f0052_5,00000001,f0052,5,71,short_branch_artifact,0.5833,3
p0006_00000001_f0052_5,00000001,f0052,5,85,short_branch_artifact,0.5674,3
p0006_00000001_f0052_5,00000001,f0052,5,86,bifurcation,0.9435,3
p0006_00000001_f0052_5,00000001,f0052,5,94,short_branch_artifact,0.6076,3
p0006_00000001_f0052_5,00000001,f0052,5,97,bifurcation,0.9574,3
p0006_00000001_f0052_5,00000001,f0052,5,104,short_branch_artifact,0.6342,3
p0006_00000001_f0052_5,00000001,f0052,5,115,short_branch_artifact,0.5654,3
p0006_00000001_f0052_5,00000001,f0052,5,117,short_branch_artifact,0.6215,3
p0006_00000001_f0052_5,00000001,f0052,5,124,short_branch_artifact,0.6372,3
p0006_00000001_f0052_5,00000001,f0052,5,134,short_branch_artifact,0.5874,3
p0006_00000001_f0052_5,00000001,f0052,5,145,short_branch_artifact,0.5793,3
p0006_00000001_f0052_5,00000001,f0052,5,162,short_branch_artifact,0.6212,3
p0006_00000001_f0052_5,00000001,f0052,5,164,short_branch_artifact,0.5895,3
p0006_00000001_f0052_5,00000001,f0052,5,176,short_branch_artifact,0.5814,3
p0006_00000001_f0052_5,00000001,f0052,5,179,bifurcation,0.9408,3
p0006_00000001_f0052_5,00000001,f0052,5,183,short_branch_artifact,0.6373,3
p0006_00000001_f0052_5,00000001,f0052,5,184,short_branch_artifact,0.6469,3
p0006_00000001_f0052_5,00000001,f0052,5,188,short_branch_artifact,0.6189,3
p0006_00000001_f0052_5,00000001,f0052,5,198,short_branch_artifact,0.6175,3
p0006_00000001_f0052_5,00000001,f0052,5,213,crossing_or_overlap,0.6785,4
p0006_00000001_f0052_5,00000001,f0052,5,214,short_branch_artifact,0.6076,3
p0006_00000001_f0052_5,00000001,f0052,5,216,short_branch_artifact,0.5977,3
p0006_00000001_f0052_5,00000001,f0052,5,217,short_branch_artifact,0.6228,3
p0006_00000001_f0052_5,00000001,f0052,5,218,short_branch_artifact,0.6268,3
p0006_00000001_f0052_5,00000001,f0052,5,219,short_branch_artifact,0.6336,3
p0006_00000001_f0052_5,00000001,f0052,5,222,short_branch_artifact,0.6319,3
p0006_00000001_f0052_5,00000001,f0052,5,223,short_branch_artifact,0.6369,3
p0006_00000001_f0052_5,00000001,f0052,5,225,short_branch_artifact,0.6404,3
p0006_00000001_f0052_5,00000001,f0052,5,229,short_branch_artifact,0.6143,3
p0006_00000001_f0053_5,00000001,f0053,5,1,bifurcation,0.9609,3
p0006_00000001_f0053_5,00000001,f0053,5,4,short_branch_artifact,0.6127,3
p0006_00000001_f0053_5,00000001,f0053,5,15,short_branch_artifact,0.6367,3
p0006_00000001_f0053_5,00000001,f0053,5,21,short_branch_artifact,0.5848,3
p0006_00000001_f0053_5,00000001,f0053,5,22,short_branch_artifact,0.6307,3
p0006_00000001_f0053_5,00000001,f0053,5,27,bifurcation,0.9356,3
p0006_00000001_f0053_5,00000001,f0053,5,28,short_branch_artifact,0.5441,3
p0006_00000001_f0053_5,00000001,f0053,5,29,short_branch_artifact,0.5793,3
p0006_00000001_f0053_5,00000001,f0053,5,30,bifurcation,0.7728,3
p0006_00000001_f0053_5,00000001,f0053,5,31,short_branch_artifact,0.6226,3
p0006_00000001_f0053_5,00000001,f0053,5,32,short_branch_artifact,0.596,3
p0006_00000001_f0053_5,00000001,f0053,5,34,short_branch_artifact,0.5495,3
p0006_00000001_f0053_5,00000001,f0053,5,45,short_branch_artifact,0.5768,3
p0006_00000001_f0053_5,00000001,f0053,5,47,short_branch_artifact,0.6073,3
p0006_00000001_f0053_5,00000001,f0053,5,52,short_branch_artifact,0.5118,3
p0006_00000001_f0053_5,00000001,f0053,5,62,short_branch_artifact,0.5784,3
p0006_00000001_f0053_5,00000001,f0053,5,65,short_branch_artifact,0.6085,3
p0006_00000001_f0053_5,00000001,f0053,5,66,short_branch_artifact,0.6098,3
p0006_00000001_f0053_5,00000001,f0053,5,71,bifurcation,0.9787,3
p0006_00000001_f0053_5,00000001,f0053,5,75,short_branch_artifact,0.5685,3
p0006_00000001_f0053_5,00000001,f0053,5,80,short_branch_artifact,0.6226,3
p0006_00000001_f0053_5,00000001,f0053,5,83,short_branch_artifact,0.5897,3
p0006_00000001_f0053_5,00000001,f0053,5,88,short_branch_artifact,0.6126,3
p0006_00000001_f0053_5,00000001,f0053,5,103,bifurcation,0.9481,3
p0006_00000001_f0053_5,00000001,f0053,5,113,short_branch_artifact,0.6207,3
p0006_00000001_f0053_5,00000001,f0053,5,126,short_branch_artifact,0.6206,3
p0006_00000001_f0053_5,00000001,f0053,5,130,short_branch_artifact,0.5987,3
p0006_00000001_f0053_5,00000001,f0053,5,139,crossing_or_overlap,0.8893,4
p0006_00000001_f0053_5,00000001,f0053,5,156,short_branch_artifact,0.6,3
p0006_00000001_f0053_5,00000001,f0053,5,163,short_branch_artifact,0.6007,3
p0006_00000001_f0053_5,00000001,f0053,5,167,short_branch_artifact,0.6415,3
p0006_00000001_f0053_5,00000001,f0053,5,169,crossing_or_overlap,0.7476,4
p0006_00000001_f0053_5,00000001,f0053,5,188,crossing_or_overlap,0.8187,4
p0006_00000001_f0053_5,00000001,f0053,5,189,short_branch_artifact,0.6274,3
p0006_00000001_f0053_5,00000001,f0053,5,194,short_branch_artifact,0.6242,3
p0006_00000001_f0053_5,00000001,f0053,5,201,crossing_or_overlap,0.6814,4
p0006_00000001_f0053_5,00000001,f0053,5,206,bifurcation,1.0,3
p0006_00000001_f0053_5,00000001,f0053,5,208,short_branch_artifact,0.6229,3
p0006_00000001_f0054_5,00000001,f0054,5,8,short_branch_artifact,0.6012,3
p0006_00000001_f0054_5,00000001,f0054,5,9,short_branch_artifact,0.5969,3
p0006_00000001_f0054_5,00000001,f0054,5,14,short_branch_artifact,0.5241,3
p0006_00000001_f0054_5,00000001,f0054,5,16,short_branch_artifact,0.5317,3
p0006_00000001_f0054_5,00000001,f0054,5,18,short_branch_artifact,0.6232,3
p0006_00000001_f0054_5,00000001,f0054,5,19,crossing_or_overlap,0.9052,4
p0006_00000001_f0054_5,00000001,f0054,5,27,short_branch_artifact,0.5667,3
p0006_00000001_f0054_5,00000001,f0054,5,28,short_branch_artifact,0.5328,3
p0006_00000001_f0054_5,00000001,f0054,5,41,short_branch_artifact,0.5291,3
p0006_00000001_f0054_5,00000001,f0054,5,44,short_branch_artifact,0.6104,3
p0006_00000001_f0054_5,00000001,f0054,5,48,bifurcation,0.9968,3
p0006_00000001_f0054_5,00000001,f0054,5,49,short_branch_artifact,0.6275,3
p0006_00000001_f0054_5,00000001,f0054,5,50,short_branch_artifact,0.616,3
p0006_00000001_f0054_5,00000001,f0054,5,51,short_branch_artifact,0.5979,3
p0006_00000001_f0054_5,00000001,f0054,5,57,short_branch_artifact,0.5899,3
p0006_00000001_f0054_5,00000001,f0054,5,70,crossing_or_overlap,0.7642,4
p0006_00000001_f0054_5,00000001,f0054,5,72,bifurcation,0.9708,3
p0006_00000001_f0054_5,00000001,f0054,5,79,short_branch_artifact,0.6399,3
p0006_00000001_f0054_5,00000001,f0054,5,105,short_branch_artifact,0.6111,3
p0006_00000001_f0054_5,00000001,f0054,5,106,short_branch_artifact,0.6066,3
p0006_00000001_f0054_5,00000001,f0054,5,109,short_branch_artifact,0.6251,3
p0006_00000001_f0054_5,00000001,f0054,5,110,short_branch_artifact,0.5985,3
p0006_00000001_f0054_5,00000001,f0054,5,113,short_branch_artifact,0.5861,3
p0006_00000001_f0054_5,00000001,f0054,5,115,short_branch_artifact,0.5752,3
p0006_00000001_f0054_5,00000001,f0054,5,116,short_branch_artifact,0.5726,3
p0006_00000001_f0054_5,00000001,f0054,5,123,short_branch_artifact,0.6347,3
p0006_00000001_f0054_5,00000001,f0054,5,142,short_branch_artifact,0.5927,3
p0006_00000001_f0054_5,00000001,f0054,5,148,short_branch_artifact,0.6232,3
p0006_00000001_f0054_5,00000001,f0054,5,149,short_branch_artifact,0.5817,3
p0006_00000001_f0054_5,00000001,f0054,5,152,short_branch_artifact,0.6116,3
p0006_00000001_f0054_5,00000001,f0054,5,160,short_branch_artifact,0.5957,3
p0006_00000001_f0054_5,00000001,f0054,5,165,short_branch_artifact,0.6047,3
p0006_00000001_f0054_5,00000001,f0054,5,180,crossing_or_overlap,0.9243,4
p0006_00000001_f0054_5,00000001,f0054,5,184,short_branch_artifact,0.6358,3
p0006_00000001_f0054_5,00000001,f0054,5,192,uncertain_high_order_branch,0.6898,4
p0006_00000001_f0054_5,00000001,f0054,5,201,bifurcation,1.0,3
p0006_00000001_f0054_5,00000001,f0054,5,203,short_branch_artifact,0.6349,3
p0006_00000001_f0054_5,00000001,f0054,5,208,short_branch_artifact,0.6436,3
p0006_00000001_f0054_5,00000001,f0054,5,218,short_branch_artifact,0.6359,3
p0006_00000001_f0055_5,00000001,f0055,5,1,short_branch_artifact,0.6466,3
p0006_00000001_f0055_5,00000001,f0055,5,11,short_branch_artifact,0.5887,3
p0006_00000001_f0055_5,00000001,f0055,5,16,short_branch_artifact,0.5871,3
p0006_00000001_f0055_5,00000001,f0055,5,17,short_branch_artifact,0.5894,3
p0006_00000001_f0055_5,00000001,f0055,5,23,short_branch_artifact,0.5722,3
p0006_00000001_f0055_5,00000001,f0055,5,26,short_branch_artifact,0.5479,3
p0006_00000001_f0055_5,00000001,f0055,5,28,crossing_or_overlap,0.906,4
p0006_00000001_f0055_5,00000001,f0055,5,29,short_branch_artifact,0.6357,3
p0006_00000001_f0055_5,00000001,f0055,5,31,short_branch_artifact,0.5909,3
p0006_00000001_f0055_5,00000001,f0055,5,41,bifurcation,0.9448,3
p0006_00000001_f0055_5,00000001,f0055,5,42,short_branch_artifact,0.6108,3
p0006_00000001_f0055_5,00000001,f0055,5,53,short_branch_artifact,0.5263,3
p0006_00000001_f0055_5,00000001,f0055,5,60,short_branch_artifact,0.495,3
p0006_00000001_f0055_5,00000001,f0055,5,62,bifurcation,0.9537,3
p0006_00000001_f0055_5,00000001,f0055,5,64,uncertain_high_order_branch,0.6985,4
p0006_00000001_f0055_5,00000001,f0055,5,75,short_branch_artifact,0.6176,3
p0006_00000001_f0055_5,00000001,f0055,5,89,short_branch_artifact,0.5985,3
p0006_00000001_f0055_5,00000001,f0055,5,91,short_branch_artifact,0.6368,3
p0006_00000001_f0055_5,00000001,f0055,5,112,bifurcation,1.0,3
p0006_00000001_f0055_5,00000001,f0055,5,113,short_branch_artifact,0.6096,3
p0006_00000001_f0055_5,00000001,f0055,5,133,crossing_or_overlap,0.887,4
p0006_00000001_f0055_5,00000001,f0055,5,136,short_branch_artifact,0.648,3
p0006_00000001_f0055_5,00000001,f0055,5,139,short_branch_artifact,0.6279,3
p0006_00000001_f0055_5,00000001,f0055,5,159,short_branch_artifact,0.6327,3
p0006_00000001_f0055_5,00000001,f0055,5,162,crossing_or_overlap,0.875,4
p0006_00000001_f0055_5,00000001,f0055,5,163,short_branch_artifact,0.6153,3
p0006_00000001_f0055_5,00000001,f0055,5,165,bifurcation,0.9687,3
p0006_00000001_f0055_5,00000001,f0055,5,168,short_branch_artifact,0.6378,3
p0006_00000001_f0055_5,00000001,f0055,5,170,short_branch_artifact,0.6369,3
p0006_00000001_f0055_5,00000001,f0055,5,175,short_branch_artifact,0.626,3
p0006_00000001_f0055_5,00000001,f0055,5,177,bifurcation,1.0,3
p0006_00000001_f0055_5,00000001,f0055,5,180,short_branch_artifact,0.6377,3
p0006_00000001_f0055_5,00000001,f0055,5,184,short_branch_artifact,0.6182,3
p0006_00000001_f0055_5,00000001,f0055,5,186,short_branch_artifact,0.5823,3
p0006_00000001_f0056_5,00000001,f0056,5,9,bifurcation,0.8976,3
p0006_00000001_f0056_5,00000001,f0056,5,12,short_branch_artifact,0.598,3
p0006_00000001_f0056_5,00000001,f0056,5,13,short_branch_artifact,0.6047,3
p0006_00000001_f0056_5,00000001,f0056,5,18,short_branch_artifact,0.5931,3
p0006_00000001_f0056_5,00000001,f0056,5,21,short_branch_artifact,0.5639,3
p0006_00000001_f0056_5,00000001,f0056,5,22,uncertain_high_order_branch,0.6897,4
p0006_00000001_f0056_5,00000001,f0056,5,24,short_branch_artifact,0.6162,3
p0006_00000001_f0056_5,00000001,f0056,5,27,short_branch_artifact,0.629,3
p0006_00000001_f0056_5,00000001,f0056,5,29,short_branch_artifact,0.5923,3
p0006_00000001_f0056_5,00000001,f0056,5,36,bifurcation,0.9722,3
p0006_00000001_f0056_5,00000001,f0056,5,44,short_branch_artifact,0.4688,3
p0006_00000001_f0056_5,00000001,f0056,5,45,short_branch_artifact,0.6311,3
p0006_00000001_f0056_5,00000001,f0056,5,46,short_branch_artifact,0.608,3
p0006_00000001_f0056_5,00000001,f0056,5,48,short_branch_artifact,0.4967,3
p0006_00000001_f0056_5,00000001,f0056,5,51,short_branch_artifact,0.5082,3
p0006_00000001_f0056_5,00000001,f0056,5,56,bifurcation,1.0,3
p0006_00000001_f0056_5,00000001,f0056,5,58,short_branch_artifact,0.5631,3
p0006_00000001_f0056_5,00000001,f0056,5,62,short_branch_artifact,0.6126,3
p0006_00000001_f0056_5,00000001,f0056,5,63,short_branch_artifact,0.6278,3
p0006_00000001_f0056_5,00000001,f0056,5,66,short_branch_artifact,0.5651,3
p0006_00000001_f0056_5,00000001,f0056,5,67,short_branch_artifact,0.6023,3
p0006_00000001_f0056_5,00000001,f0056,5,69,short_branch_artifact,0.5685,3
p0006_00000001_f0056_5,00000001,f0056,5,70,short_branch_artifact,0.6085,3
p0006_00000001_f0056_5,00000001,f0056,5,74,crossing_or_overlap,0.6223,4
p0006_00000001_f0056_5,00000001,f0056,5,83,short_branch_artifact,0.6278,3
p0006_00000001_f0056_5,00000001,f0056,5,88,bifurcation,0.9694,3
p0006_00000001_f0056_5,00000001,f0056,5,103,short_branch_artifact,0.6194,3
p0006_00000001_f0056_5,00000001,f0056,5,105,short_branch_artifact,0.632,3
p0006_00000001_f0056_5,00000001,f0056,5,106,short_branch_artifact,0.6416,3
p0006_00000001_f0056_5,00000001,f0056,5,117,short_branch_artifact,0.5916,3
p0006_00000001_f0056_5,00000001,f0056,5,120,short_branch_artifact,0.5918,3
p0006_00000001_f0056_5,00000001,f0056,5,121,short_branch_artifact,0.6375,3
p0006_00000001_f0056_5,00000001,f0056,5,125,short_branch_artifact,0.6227,3
p0006_00000001_f0056_5,00000001,f0056,5,141,bifurcation,0.9616,3
p0006_00000001_f0056_5,00000001,f0056,5,145,short_branch_artifact,0.597,3
p0006_00000001_f0056_5,00000001,f0056,5,149,short_branch_artifact,0.6373,3
p0006_00000001_f0056_5,00000001,f0056,5,165,bifurcation,1.0,3
p0006_00000001_f0056_5,00000001,f0056,5,167,short_branch_artifact,0.6416,3
p0006_00000001_f0056_5,00000001,f0056,5,170,crossing_or_overlap,0.8315,4
p0006_00000001_f0056_5,00000001,f0056,5,172,short_branch_artifact,0.6359,3
p0006_00000001_f0056_5,00000001,f0056,5,173,short_branch_artifact,0.6311,3
p0006_00000001_f0056_5,00000001,f0056,5,175,crossing_or_overlap,0.7641,4
p0006_00000001_f0056_5,00000001,f0056,5,176,short_branch_artifact,0.6297,3
p0006_00000001_f0056_5,00000001,f0056,5,178,short_branch_artifact,0.6328,3
p0006_00000001_f0056_5,00000001,f0056,5,184,short_branch_artifact,0.6037,3
p0006_00000001_f0056_5,00000001,f0056,5,186,short_branch_artifact,0.589,3
p0006_00000001_f0056_5,00000001,f0056,5,188,short_branch_artifact,0.6093,3
p0006_00000001_f0056_5,00000001,f0056,5,190,short_branch_artifact,0.5989,3
p0006_00000001_f0056_5,00000001,f0056,5,194,short_branch_artifact,0.5953,3
p0006_00000001_f0056_5,00000001,f0056,5,196,short_branch_artifact,0.6103,3
p0006_00000002_f0015_5,00000002,f0015,5,3,bifurcation,0.8732,3
p0006_00000002_f0016_5,00000002,f0016,5,1,bifurcation,0.9325,3
p0006_00000002_f0017_5,00000002,f0017,5,2,short_branch_artifact,0.5575,3
p0006_00000002_f0018_5,00000002,f0018,5,4,bifurcation,0.9737,3
p0006_00000002_f0019_5,00000002,f0019,5,12,short_branch_artifact,0.6174,3
p0006_00000002_f0019_5,00000002,f0019,5,16,short_branch_artifact,0.6025,3
p0006_00000002_f0020_5,00000002,f0020,5,12,short_branch_artifact,0.57,3
p0006_00000002_f0020_5,00000002,f0020,5,16,short_branch_artifact,0.596,3
p0006_00000002_f0020_5,00000002,f0020,5,22,short_branch_artifact,0.599,3
p0006_00000002_f0020_5,00000002,f0020,5,25,bifurcation,0.9065,3
p0006_00000002_f0021_5,00000002,f0021,5,11,short_branch_artifact,0.5902,3
p0006_00000002_f0021_5,00000002,f0021,5,16,bifurcation,0.9568,3
p0006_00000002_f0021_5,00000002,f0021,5,21,short_branch_artifact,0.6102,3
p0006_00000002_f0022_5,00000002,f0022,5,14,short_branch_artifact,0.6122,3
p0006_00000002_f0022_5,00000002,f0022,5,15,short_branch_artifact,0.5598,3
p0006_00000002_f0022_5,00000002,f0022,5,19,bifurcation,0.7663,3
p0006_00000002_f0022_5,00000002,f0022,5,24,short_branch_artifact,0.6293,3
p0006_00000002_f0022_5,00000002,f0022,5,29,short_branch_artifact,0.5831,3
p0006_00000002_f0022_5,00000002,f0022,5,31,short_branch_artifact,0.5877,3
p0006_00000002_f0022_5,00000002,f0022,5,34,short_branch_artifact,0.5733,3
p0006_00000002_f0022_5,00000002,f0022,5,42,short_branch_artifact,0.5657,3
p0006_00000002_f0022_5,00000002,f0022,5,50,bifurcation,1.0,3
p0006_00000002_f0022_5,00000002,f0022,5,67,short_branch_artifact,0.6155,3
p0006_00000002_f0022_5,00000002,f0022,5,72,short_branch_artifact,0.6182,3
p0006_00000002_f0023_5,00000002,f0023,5,11,short_branch_artifact,0.5802,3
p0006_00000002_f0023_5,00000002,f0023,5,13,short_branch_artifact,0.45,3
p0006_00000002_f0023_5,00000002,f0023,5,16,short_branch_artifact,0.6019,3
p0006_00000002_f0023_5,00000002,f0023,5,20,short_branch_artifact,0.5867,3
p0006_00000002_f0023_5,00000002,f0023,5,22,short_branch_artifact,0.45,3
p0006_00000002_f0023_5,00000002,f0023,5,24,short_branch_artifact,0.5111,3
p0006_00000002_f0023_5,00000002,f0023,5,29,short_branch_artifact,0.5661,3
p0006_00000002_f0023_5,00000002,f0023,5,30,uncertain_high_order_branch,0.683,4
p0006_00000002_f0023_5,00000002,f0023,5,40,bifurcation,1.0,3
p0006_00000002_f0024_5,00000002,f0024,5,14,short_branch_artifact,0.5868,3
p0006_00000002_f0024_5,00000002,f0024,5,17,short_branch_artifact,0.5127,3
p0006_00000002_f0024_5,00000002,f0024,5,21,short_branch_artifact,0.5446,3
p0006_00000002_f0024_5,00000002,f0024,5,26,short_branch_artifact,0.6178,3
p0006_00000002_f0024_5,00000002,f0024,5,29,short_branch_artifact,0.6072,3
p0006_00000002_f0024_5,00000002,f0024,5,30,short_branch_artifact,0.631,3
p0006_00000002_f0024_5,00000002,f0024,5,32,short_branch_artifact,0.562,3
p0006_00000002_f0024_5,00000002,f0024,5,33,short_branch_artifact,0.5953,3
p0006_00000002_f0024_5,00000002,f0024,5,35,short_branch_artifact,0.5833,3
p0006_00000002_f0024_5,00000002,f0024,5,37,bifurcation,1.0,3
p0006_00000002_f0024_5,00000002,f0024,5,41,short_branch_artifact,0.5987,3
p0006_00000002_f0024_5,00000002,f0024,5,42,short_branch_artifact,0.6035,3
p0006_00000002_f0024_5,00000002,f0024,5,49,short_branch_artifact,0.6352,3
p0006_00000002_f0024_5,00000002,f0024,5,56,bifurcation,1.0,3
p0006_00000002_f0024_5,00000002,f0024,5,59,crossing_or_overlap,0.7604,4
p0006_00000002_f0024_5,00000002,f0024,5,78,short_branch_artifact,0.6275,3
p0006_00000002_f0025_5,00000002,f0025,5,20,short_branch_artifact,0.4655,3
p0006_00000002_f0025_5,00000002,f0025,5,21,uncertain_high_order_branch,0.7173,4
p0006_00000002_f0025_5,00000002,f0025,5,22,crossing_or_overlap,0.7961,4
p0006_00000002_f0025_5,00000002,f0025,5,25,bifurcation,0.8688,3
p0006_00000002_f0025_5,00000002,f0025,5,27,bifurcation,1.0,3
p0006_00000002_f0025_5,00000002,f0025,5,28,short_branch_artifact,0.45,3
p0006_00000002_f0025_5,00000002,f0025,5,29,short_branch_artifact,0.5806,3
p0006_00000002_f0025_5,00000002,f0025,5,31,short_branch_artifact,0.5155,3
p0006_00000002_f0025_5,00000002,f0025,5,33,short_branch_artifact,0.4727,3
p0006_00000002_f0025_5,00000002,f0025,5,34,short_branch_artifact,0.4584,3
p0006_00000002_f0025_5,00000002,f0025,5,36,short_branch_artifact,0.5986,3
p0006_00000002_f0025_5,00000002,f0025,5,41,short_branch_artifact,0.5092,3
p0006_00000002_f0025_5,00000002,f0025,5,44,uncertain_high_order_branch,0.5843,4
p0006_00000002_f0025_5,00000002,f0025,5,47,bifurcation,0.7546,3
p0006_00000002_f0025_5,00000002,f0025,5,52,short_branch_artifact,0.6163,3
p0006_00000002_f0025_5,00000002,f0025,5,56,bifurcation,0.974,3
p0006_00000002_f0025_5,00000002,f0025,5,71,short_branch_artifact,0.5877,3
p0006_00000002_f0025_5,00000002,f0025,5,74,short_branch_artifact,0.6358,3
p0006_00000002_f0025_5,00000002,f0025,5,75,bifurcation,1.0,3
p0006_00000002_f0025_5,00000002,f0025,5,77,short_branch_artifact,0.6141,3
p0006_00000002_f0025_5,00000002,f0025,5,79,short_branch_artifact,0.6142,3
p0006_00000002_f0025_5,00000002,f0025,5,84,crossing_or_overlap,0.8458,4
p0006_00000002_f0025_5,00000002,f0025,5,86,short_branch_artifact,0.5974,3
p0006_00000002_f0025_5,00000002,f0025,5,96,short_branch_artifact,0.6188,3
p0006_00000002_f0025_5,00000002,f0025,5,97,short_branch_artifact,0.6199,3
p0006_00000002_f0025_5,00000002,f0025,5,124,short_branch_artifact,0.6309,3
p0006_00000002_f0025_5,00000002,f0025,5,125,short_branch_artifact,0.6316,3
p0006_00000002_f0026_5,00000002,f0026,5,13,short_branch_artifact,0.543,3
p0006_00000002_f0026_5,00000002,f0026,5,14,short_branch_artifact,0.5608,3
p0006_00000002_f0026_5,00000002,f0026,5,17,short_branch_artifact,0.5236,3
p0006_00000002_f0026_5,00000002,f0026,5,18,short_branch_artifact,0.5026,3
p0006_00000002_f0026_5,00000002,f0026,5,20,short_branch_artifact,0.6051,3
p0006_00000002_f0026_5,00000002,f0026,5,23,short_branch_artifact,0.45,3
p0006_00000002_f0026_5,00000002,f0026,5,27,crossing_or_overlap,0.7985,4
p0006_00000002_f0026_5,00000002,f0026,5,29,short_branch_artifact,0.5986,3
p0006_00000002_f0026_5,00000002,f0026,5,35,short_branch_artifact,0.5525,3
p0006_00000002_f0026_5,00000002,f0026,5,37,short_branch_artifact,0.5559,3
p0006_00000002_f0026_5,00000002,f0026,5,40,short_branch_artifact,0.6122,3
p0006_00000002_f0026_5,00000002,f0026,5,43,short_branch_artifact,0.5248,3
p0006_00000002_f0026_5,00000002,f0026,5,44,short_branch_artifact,0.5623,3
p0006_00000002_f0026_5,00000002,f0026,5,45,short_branch_artifact,0.6267,3
p0006_00000002_f0026_5,00000002,f0026,5,60,crossing_or_overlap,0.6564,4
p0006_00000002_f0026_5,00000002,f0026,5,66,short_branch_artifact,0.6091,3
p0006_00000002_f0026_5,00000002,f0026,5,69,bifurcation,1.0,3
p0006_00000002_f0026_5,00000002,f0026,5,77,short_branch_artifact,0.6262,3
p0006_00000002_f0026_5,00000002,f0026,5,78,short_branch_artifact,0.6354,3
p0006_00000002_f0026_5,00000002,f0026,5,80,short_branch_artifact,0.6239,3
p0006_00000002_f0026_5,00000002,f0026,5,82,crossing_or_overlap,0.8018,4
p0006_00000002_f0026_5,00000002,f0026,5,93,crossing_or_overlap,0.9081,4
p0006_00000002_f0026_5,00000002,f0026,5,94,crossing_or_overlap,0.7721,4
p0006_00000002_f0026_5,00000002,f0026,5,104,short_branch_artifact,0.613,3
p0006_00000002_f0026_5,00000002,f0026,5,114,short_branch_artifact,0.6418,3
p0006_00000002_f0026_5,00000002,f0026,5,124,short_branch_artifact,0.6207,3
p0006_00000002_f0026_5,00000002,f0026,5,139,crossing_or_overlap,0.7216,4
p0006_00000002_f0027_5,00000002,f0027,5,4,short_branch_artifact,0.5668,3
p0006_00000002_f0027_5,00000002,f0027,5,5,short_branch_artifact,0.5339,3
p0006_00000002_f0027_5,00000002,f0027,5,12,short_branch_artifact,0.6001,3
p0006_00000002_f0027_5,00000002,f0027,5,16,short_branch_artifact,0.5172,3
p0006_00000002_f0027_5,00000002,f0027,5,18,short_branch_artifact,0.5032,3
p0006_00000002_f0027_5,00000002,f0027,5,19,short_branch_artifact,0.4985,3
p0006_00000002_f0027_5,00000002,f0027,5,21,crossing_or_overlap,0.7502,4
p0006_00000002_f0027_5,00000002,f0027,5,24,short_branch_artifact,0.5088,3
p0006_00000002_f0027_5,00000002,f0027,5,27,crossing_or_overlap,0.6442,4
p0006_00000002_f0027_5,00000002,f0027,5,37,short_branch_artifact,0.5965,3
p0006_00000002_f0027_5,00000002,f0027,5,40,short_branch_artifact,0.637,3
p0006_00000002_f0027_5,00000002,f0027,5,43,short_branch_artifact,0.6022,3
p0006_00000002_f0027_5,00000002,f0027,5,47,short_branch_artifact,0.5776,3
p0006_00000002_f0027_5,00000002,f0027,5,49,short_branch_artifact,0.6238,3
p0006_00000002_f0027_5,00000002,f0027,5,55,short_branch_artifact,0.6279,3
p0006_00000002_f0027_5,00000002,f0027,5,65,short_branch_artifact,0.5896,3
p0006_00000002_f0027_5,00000002,f0027,5,69,short_branch_artifact,0.5937,3
p0006_00000002_f0027_5,00000002,f0027,5,82,bifurcation,0.9642,3
p0006_00000002_f0027_5,00000002,f0027,5,88,crossing_or_overlap,0.7885,4
p0006_00000002_f0027_5,00000002,f0027,5,98,crossing_or_overlap,0.8686,4
p0006_00000002_f0027_5,00000002,f0027,5,124,short_branch_artifact,0.6025,3
p0006_00000002_f0027_5,00000002,f0027,5,132,short_branch_artifact,0.6398,3
p0006_00000002_f0027_5,00000002,f0027,5,136,short_branch_artifact,0.6334,3
p0006_00000002_f0027_5,00000002,f0027,5,138,bifurcation,1.0,3
p0006_00000002_f0027_5,00000002,f0027,5,151,short_branch_artifact,0.648,3
p0006_00000002_f0027_5,00000002,f0027,5,156,bifurcation,1.0,3
p0006_00000002_f0027_5,00000002,f0027,5,166,crossing_or_overlap,0.6972,4
p0006_00000002_f0028_5,00000002,f0028,5,2,short_branch_artifact,0.5252,3
p0006_00000002_f0028_5,00000002,f0028,5,3,short_branch_artifact,0.5007,3
p0006_00000002_f0028_5,00000002,f0028,5,4,short_branch_artifact,0.5406,3
p0006_00000002_f0028_5,00000002,f0028,5,7,short_branch_artifact,0.4715,3
p0006_00000002_f0028_5,00000002,f0028,5,9,bifurcation,0.9076,3
p0006_00000002_f0028_5,00000002,f0028,5,13,short_branch_artifact,0.4799,3
p0006_00000002_f0028_5,00000002,f0028,5,16,short_branch_artifact,0.5271,3
p0006_00000002_f0028_5,00000002,f0028,5,17,short_branch_artifact,0.4996,3
p0006_00000002_f0028_5,00000002,f0028,5,18,uncertain_high_order_branch,0.6507,4
p0006_00000002_f0028_5,00000002,f0028,5,26,short_branch_artifact,0.5758,3
p0006_00000002_f0028_5,00000002,f0028,5,37,short_branch_artifact,0.642,3
p0006_00000002_f0028_5,00000002,f0028,5,43,short_branch_artifact,0.6128,3
p0006_00000002_f0028_5,00000002,f0028,5,50,uncertain_high_order_branch,0.6748,4
p0006_00000002_f0028_5,00000002,f0028,5,51,short_branch_artifact,0.5302,3
p0006_00000002_f0028_5,00000002,f0028,5,52,bifurcation,0.9954,3
p0006_00000002_f0028_5,00000002,f0028,5,58,short_branch_artifact,0.5459,3
p0006_00000002_f0028_5,00000002,f0028,5,67,short_branch_artifact,0.6123,3
p0006_00000002_f0028_5,00000002,f0028,5,72,short_branch_artifact,0.5769,3
p0006_00000002_f0028_5,00000002,f0028,5,75,bifurcation,1.0,3
p0006_00000002_f0028_5,00000002,f0028,5,77,crossing_or_overlap,0.8208,4
p0006_00000002_f0028_5,00000002,f0028,5,88,crossing_or_overlap,0.8547,4
p0006_00000002_f0028_5,00000002,f0028,5,93,crossing_or_overlap,0.754,4
p0006_00000002_f0028_5,00000002,f0028,5,103,short_branch_artifact,0.6216,3
p0006_00000002_f0028_5,00000002,f0028,5,104,short_branch_artifact,0.6173,3
p0006_00000002_f0028_5,00000002,f0028,5,116,short_branch_artifact,0.6287,3
p0006_00000002_f0028_5,00000002,f0028,5,117,short_branch_artifact,0.6314,3
p0006_00000002_f0028_5,00000002,f0028,5,119,short_branch_artifact,0.6365,3
p0006_00000002_f0028_5,00000002,f0028,5,124,short_branch_artifact,0.6422,3
p0006_00000002_f0028_5,00000002,f0028,5,129,short_branch_artifact,0.6392,3
p0006_00000002_f0028_5,00000002,f0028,5,134,short_branch_artifact,0.6162,3
p0006_00000002_f0028_5,00000002,f0028,5,135,short_branch_artifact,0.6394,3
p0006_00000002_f0028_5,00000002,f0028,5,138,short_branch_artifact,0.6171,3
p0006_00000002_f0028_5,00000002,f0028,5,152,short_branch_artifact,0.6378,3
p0006_00000002_f0028_5,00000002,f0028,5,153,short_branch_artifact,0.6028,3
p0006_00000002_f0028_5,00000002,f0028,5,160,short_branch_artifact,0.6313,3
p0006_00000002_f0028_5,00000002,f0028,5,161,short_branch_artifact,0.6223,3
p0006_00000002_f0029_5,00000002,f0029,5,2,bifurcation,0.8974,3
p0006_00000002_f0029_5,00000002,f0029,5,8,short_branch_artifact,0.5349,3
p0006_00000002_f0029_5,00000002,f0029,5,12,short_branch_artifact,0.6155,3
p0006_00000002_f0029_5,00000002,f0029,5,15,bifurcation,0.9348,3
p0006_00000002_f0029_5,00000002,f0029,5,21,short_branch_artifact,0.4594,3
p0006_00000002_f0029_5,00000002,f0029,5,22,bifurcation,0.8757,3
p0006_00000002_f0029_5,00000002,f0029,5,25,short_branch_artifact,0.5928,3
p0006_00000002_f0029_5,00000002,f0029,5,27,short_branch_artifact,0.5834,3
p0006_00000002_f0029_5,00000002,f0029,5,38,uncertain_high_order_branch,0.6121,4
p0006_00000002_f0029_5,00000002,f0029,5,49,short_branch_artifact,0.6053,3
p0006_00000002_f0029_5,00000002,f0029,5,50,short_branch_artifact,0.5728,3
p0006_00000002_f0029_5,00000002,f0029,5,58,short_branch_artifact,0.5796,3
p0006_00000002_f0029_5,00000002,f0029,5,64,bifurcation,0.9509,3
p0006_00000002_f0029_5,00000002,f0029,5,69,short_branch_artifact,0.5854,3
p0006_00000002_f0029_5,00000002,f0029,5,70,short_branch_artifact,0.5938,3
p0006_00000002_f0029_5,00000002,f0029,5,84,short_branch_artifact,0.5916,3
p0006_00000002_f0029_5,00000002,f0029,5,88,crossing_or_overlap,0.7319,4
p0006_00000002_f0029_5,00000002,f0029,5,92,short_branch_artifact,0.6141,3
p0006_00000002_f0029_5,00000002,f0029,5,94,short_branch_artifact,0.6073,3
p0006_00000002_f0029_5,00000002,f0029,5,96,crossing_or_overlap,0.8582,4
p0006_00000002_f0029_5,00000002,f0029,5,99,crossing_or_overlap,0.8759,4
p0006_00000002_f0029_5,00000002,f0029,5,101,short_branch_artifact,0.6024,3
p0006_00000002_f0029_5,00000002,f0029,5,105,short_branch_artifact,0.5965,3
p0006_00000002_f0029_5,00000002,f0029,5,107,crossing_or_overlap,0.7524,4
p0006_00000002_f0029_5,00000002,f0029,5,113,crossing_or_overlap,0.7874,4
p0006_00000002_f0029_5,00000002,f0029,5,132,short_branch_artifact,0.6259,3
p0006_00000002_f0029_5,00000002,f0029,5,141,short_branch_artifact,0.6395,3
p0006_00000002_f0029_5,00000002,f0029,5,149,short_branch_artifact,0.6436,3
p0006_00000002_f0029_5,00000002,f0029,5,153,short_branch_artifact,0.6319,3
p0006_00000002_f0029_5,00000002,f0029,5,156,short_branch_artifact,0.6395,3
p0006_00000002_f0029_5,00000002,f0029,5,159,short_branch_artifact,0.6361,3
p0006_00000002_f0029_5,00000002,f0029,5,171,short_branch_artifact,0.6211,3
p0006_00000002_f0029_5,00000002,f0029,5,175,short_branch_artifact,0.6285,3
p0006_00000002_f0029_5,00000002,f0029,5,178,short_branch_artifact,0.6071,3
p0006_00000002_f0029_5,00000002,f0029,5,187,crossing_or_overlap,0.7829,4
p0006_00000002_f0029_5,00000002,f0029,5,206,short_branch_artifact,0.6383,3
p0006_00000002_f0029_5,00000002,f0029,5,210,short_branch_artifact,0.636,3
p0006_00000002_f0030_5,00000002,f0030,5,6,uncertain_high_order_branch,0.6839,4
p0006_00000002_f0030_5,00000002,f0030,5,14,short_branch_artifact,0.5538,3
p0006_00000002_f0030_5,00000002,f0030,5,15,short_branch_artifact,0.5976,3
p0006_00000002_f0030_5,00000002,f0030,5,16,short_branch_artifact,0.5513,3
p0006_00000002_f0030_5,00000002,f0030,5,25,short_branch_artifact,0.5623,3
p0006_00000002_f0030_5,00000002,f0030,5,30,short_branch_artifact,0.5479,3
p0006_00000002_f0030_5,00000002,f0030,5,32,uncertain_complex_junction,0.6165,5
p0006_00000002_f0030_5,00000002,f0030,5,33,short_branch_artifact,0.5182,3
p0006_00000002_f0030_5,00000002,f0030,5,46,short_branch_artifact,0.5671,3
p0006_00000002_f0030_5,00000002,f0030,5,51,short_branch_artifact,0.5603,3
p0006_00000002_f0030_5,00000002,f0030,5,52,short_branch_artifact,0.5898,3
p0006_00000002_f0030_5,00000002,f0030,5,57,bifurcation,1.0,3
p0006_00000002_f0030_5,00000002,f0030,5,58,bifurcation,1.0,3
p0006_00000002_f0030_5,00000002,f0030,5,70,short_branch_artifact,0.5738,3
p0006_00000002_f0030_5,00000002,f0030,5,72,crossing_or_overlap,0.7608,4
p0006_00000002_f0030_5,00000002,f0030,5,75,short_branch_artifact,0.5699,3
p0006_00000002_f0030_5,00000002,f0030,5,77,short_branch_artifact,0.6297,3
p0006_00000002_f0030_5,00000002,f0030,5,81,bifurcation,1.0,3
p0006_00000002_f0030_5,00000002,f0030,5,82,short_branch_artifact,0.5872,3
p0006_00000002_f0030_5,00000002,f0030,5,88,short_branch_artifact,0.6026,3
p0006_00000002_f0030_5,00000002,f0030,5,100,bifurcation,1.0,3
p0006_00000002_f0030_5,00000002,f0030,5,117,short_branch_artifact,0.6392,3
p0006_00000002_f0030_5,00000002,f0030,5,134,short_branch_artifact,0.634,3
p0006_00000002_f0030_5,00000002,f0030,5,141,short_branch_artifact,0.6314,3
p0006_00000002_f0030_5,00000002,f0030,5,144,short_branch_artifact,0.6275,3
p0006_00000002_f0030_5,00000002,f0030,5,147,short_branch_artifact,0.6128,3
p0006_00000002_f0030_5,00000002,f0030,5,152,short_branch_artifact,0.629,3
p0006_00000002_f0030_5,00000002,f0030,5,153,short_branch_artifact,0.6427,3
p0006_00000002_f0031_5,00000002,f0031,5,16,bifurcation,0.9987,3
p0006_00000002_f0031_5,00000002,f0031,5,21,uncertain_high_order_branch,0.6185,4
p0006_00000002_f0031_5,00000002,f0031,5,25,short_branch_artifact,0.515,3
p0006_00000002_f0031_5,00000002,f0031,5,26,crossing_or_overlap,0.62,4
p0006_00000002_f0031_5,00000002,f0031,5,32,short_branch_artifact,0.5864,3
p0006_00000002_f0031_5,00000002,f0031,5,45,short_branch_artifact,0.5874,3
p0006_00000002_f0031_5,00000002,f0031,5,46,short_branch_artifact,0.6086,3
p0006_00000002_f0031_5,00000002,f0031,5,49,short_branch_artifact,0.6099,3
p0006_00000002_f0031_5,00000002,f0031,5,51,short_branch_artifact,0.6406,3
p0006_00000002_f0031_5,00000002,f0031,5,60,short_branch_artifact,0.5716,3
p0006_00000002_f0031_5,00000002,f0031,5,64,short_branch_artifact,0.5795,3
p0006_00000002_f0031_5,00000002,f0031,5,67,short_branch_artifact,0.5662,3
p0006_00000002_f0031_5,00000002,f0031,5,70,bifurcation,1.0,3
p0006_00000002_f0031_5,00000002,f0031,5,74,crossing_or_overlap,0.8317,4
p0006_00000002_f0031_5,00000002,f0031,5,79,short_branch_artifact,0.5869,3
p0006_00000002_f0031_5,00000002,f0031,5,109,short_branch_artifact,0.6257,3
p0006_00000002_f0031_5,00000002,f0031,5,112,crossing_or_overlap,0.8897,4
p0006_00000002_f0031_5,00000002,f0031,5,121,bifurcation,1.0,3
p0006_00000002_f0031_5,00000002,f0031,5,125,short_branch_artifact,0.6187,3
p0006_00000002_f0031_5,00000002,f0031,5,126,uncertain_complex_junction,0.75,5
p0006_00000002_f0032_5,00000002,f0032,5,9,short_branch_artifact,0.6047,3
p0006_00000002_f0032_5,00000002,f0032,5,13,short_branch_artifact,0.5763,3
p0006_00000002_f0032_5,00000002,f0032,5,20,short_branch_artifact,0.5114,3
p0006_00000002_f0032_5,00000002,f0032,5,23,short_branch_artifact,0.4599,3
p0006_00000002_f0032_5,00000002,f0032,5,24,uncertain_high_order_branch,0.6165,4
p0006_00000002_f0032_5,00000002,f0032,5,30,short_branch_artifact,0.5515,3
p0006_00000002_f0032_5,00000002,f0032,5,33,short_branch_artifact,0.5111,3
p0006_00000002_f0032_5,00000002,f0032,5,41,short_branch_artifact,0.5943,3
p0006_00000002_f0032_5,00000002,f0032,5,44,short_branch_artifact,0.5609,3
p0006_00000002_f0032_5,00000002,f0032,5,47,short_branch_artifact,0.6079,3
p0006_00000002_f0032_5,00000002,f0032,5,52,bifurcation,0.8775,3
p0006_00000002_f0032_5,00000002,f0032,5,53,short_branch_artifact,0.5679,3
p0006_00000002_f0032_5,00000002,f0032,5,54,bifurcation,1.0,3
p0006_00000002_f0032_5,00000002,f0032,5,55,short_branch_artifact,0.5699,3
p0006_00000002_f0032_5,00000002,f0032,5,57,short_branch_artifact,0.5911,3
p0006_00000002_f0032_5,00000002,f0032,5,65,bifurcation,1.0,3
p0006_00000002_f0032_5,00000002,f0032,5,68,bifurcation,0.9354,3
p0006_00000002_f0032_5,00000002,f0032,5,79,short_branch_artifact,0.6023,3
p0006_00000002_f0032_5,00000002,f0032,5,80,short_branch_artifact,0.6256,3
p0006_00000002_f0032_5,00000002,f0032,5,91,short_branch_artifact,0.6075,3
p0006_00000002_f0032_5,00000002,f0032,5,108,short_branch_artifact,0.6384,3
p0006_00000002_f0032_5,00000002,f0032,5,117,short_branch_artifact,0.6274,3
p0006_00000002_f0032_5,00000002,f0032,5,122,short_branch_artifact,0.6172,3
p0006_00000002_f0032_5,00000002,f0032,5,125,short_branch_artifact,0.6002,3
p0006_00000002_f0032_5,00000002,f0032,5,132,short_branch_artifact,0.6274,3
p0006_00000002_f0032_5,00000002,f0032,5,136,short_branch_artifact,0.6176,3
p0006_00000002_f0033_5,00000002,f0033,5,9,short_branch_artifact,0.6138,3
p0006_00000002_f0033_5,00000002,f0033,5,12,bifurcation,1.0,3
p0006_00000002_f0033_5,00000002,f0033,5,26,short_branch_artifact,0.5161,3
p0006_00000002_f0033_5,00000002,f0033,5,29,short_branch_artifact,0.5864,3
p0006_00000002_f0033_5,00000002,f0033,5,30,short_branch_artifact,0.4804,3
p0006_00000002_f0033_5,00000002,f0033,5,33,short_branch_artifact,0.5587,3
p0006_00000002_f0033_5,00000002,f0033,5,39,short_branch_artifact,0.6179,3
p0006_00000002_f0033_5,00000002,f0033,5,41,short_branch_artifact,0.5859,3
p0006_00000002_f0033_5,00000002,f0033,5,46,bifurcation,1.0,3
p0006_00000002_f0033_5,00000002,f0033,5,49,short_branch_artifact,0.6144,3
p0006_00000002_f0033_5,00000002,f0033,5,51,short_branch_artifact,0.6436,3
p0006_00000002_f0033_5,00000002,f0033,5,56,crossing_or_overlap,0.7475,4
p0006_00000002_f0033_5,00000002,f0033,5,58,crossing_or_overlap,0.7658,4
p0006_00000002_f0033_5,00000002,f0033,5,61,crossing_or_overlap,0.6662,4
p0006_00000002_f0033_5,00000002,f0033,5,65,short_branch_artifact,0.6383,3
p0006_00000002_f0033_5,00000002,f0033,5,66,short_branch_artifact,0.5565,3
p0006_00000002_f0033_5,00000002,f0033,5,73,bifurcation,1.0,3
p0006_00000002_f0033_5,00000002,f0033,5,83,short_branch_artifact,0.6031,3
p0006_00000002_f0033_5,00000002,f0033,5,84,short_branch_artifact,0.6283,3
p0006_00000002_f0033_5,00000002,f0033,5,92,crossing_or_overlap,0.9053,4
p0006_00000002_f0033_5,00000002,f0033,5,96,short_branch_artifact,0.6263,3
p0006_00000002_f0033_5,00000002,f0033,5,101,short_branch_artifact,0.6181,3
p0006_00000002_f0033_5,00000002,f0033,5,103,short_branch_artifact,0.6272,3
p0006_00000002_f0033_5,00000002,f0033,5,105,short_branch_artifact,0.5983,3
p0006_00000002_f0033_5,00000002,f0033,5,108,short_branch_artifact,0.6083,3
p0006_00000002_f0033_5,00000002,f0033,5,111,short_branch_artifact,0.6286,3
p0006_00000002_f0033_5,00000002,f0033,5,118,short_branch_artifact,0.6158,3
p0006_00000002_f0033_5,00000002,f0033,5,122,bifurcation,0.9618,3
p0006_00000002_f0033_5,00000002,f0033,5,128,short_branch_artifact,0.619,3
p0006_00000002_f0033_5,00000002,f0033,5,133,short_branch_artifact,0.6409,3
p0006_00000002_f0033_5,00000002,f0033,5,141,short_branch_artifact,0.6315,3
p0006_00000002_f0033_5,00000002,f0033,5,143,short_branch_artifact,0.6228,3
p0006_00000002_f0033_5,00000002,f0033,5,147,bifurcation,1.0,3
p0006_00000002_f0033_5,00000002,f0033,5,154,uncertain_complex_junction,0.75,5
p0006_00000002_f0033_5,00000002,f0033,5,171,bifurcation,1.0,3
p0006_00000002_f0033_5,00000002,f0033,5,175,uncertain_complex_junction,0.75,6
p0006_00000002_f0033_5,00000002,f0033,5,176,short_branch_artifact,0.6387,3
p0006_00000002_f0033_5,00000002,f0033,5,178,short_branch_artifact,0.6383,3
p0006_00000002_f0033_5,00000002,f0033,5,179,short_branch_artifact,0.6479,3
p0006_00000002_f0034_5,00000002,f0034,5,8,short_branch_artifact,0.6009,3
p0006_00000002_f0034_5,00000002,f0034,5,10,bifurcation,1.0,3
p0006_00000002_f0034_5,00000002,f0034,5,12,short_branch_artifact,0.45,3
p0006_00000002_f0034_5,00000002,f0034,5,14,short_branch_artifact,0.627,3
p0006_00000002_f0034_5,00000002,f0034,5,19,short_branch_artifact,0.5518,3
p0006_00000002_f0034_5,00000002,f0034,5,20,short_branch_artifact,0.6289,3
p0006_00000002_f0034_5,00000002,f0034,5,25,short_branch_artifact,0.5649,3
p0006_00000002_f0034_5,00000002,f0034,5,27,short_branch_artifact,0.642,3
p0006_00000002_f0034_5,00000002,f0034,5,30,short_branch_artifact,0.45,3
p0006_00000002_f0034_5,00000002,f0034,5,32,short_branch_artifact,0.4653,3
p0006_00000002_f0034_5,00000002,f0034,5,35,short_branch_artifact,0.517,3
p0006_00000002_f0034_5,00000002,f0034,5,40,short_branch_artifact,0.6386,3
p0006_00000002_f0034_5,00000002,f0034,5,41,short_branch_artifact,0.5164,3
p0006_00000002_f0034_5,00000002,f0034,5,42,short_branch_artifact,0.522,3
p0006_00000002_f0034_5,00000002,f0034,5,44,short_branch_artifact,0.5756,3
p0006_00000002_f0034_5,00000002,f0034,5,45,short_branch_artifact,0.5829,3
p0006_00000002_f0034_5,00000002,f0034,5,51,short_branch_artifact,0.5677,3
p0006_00000002_f0034_5,00000002,f0034,5,54,short_branch_artifact,0.6054,3
p0006_00000002_f0034_5,00000002,f0034,5,55,bifurcation,0.9352,3
p0006_00000002_f0034_5,00000002,f0034,5,59,short_branch_artifact,0.6145,3
p0006_00000002_f0034_5,00000002,f0034,5,61,short_branch_artifact,0.5987,3
p0006_00000002_f0034_5,00000002,f0034,5,64,bifurcation,1.0,3
p0006_00000002_f0034_5,00000002,f0034,5,65,short_branch_artifact,0.5788,3
p0006_00000002_f0034_5,00000002,f0034,5,80,bifurcation,0.9947,3
p0006_00000002_f0034_5,00000002,f0034,5,85,crossing_or_overlap,0.6602,4
p0006_00000002_f0034_5,00000002,f0034,5,89,short_branch_artifact,0.5454,3
p0006_00000002_f0034_5,00000002,f0034,5,91,short_branch_artifact,0.6254,3
p0006_00000002_f0034_5,00000002,f0034,5,92,short_branch_artifact,0.6114,3
p0006_00000002_f0034_5,00000002,f0034,5,96,crossing_or_overlap,0.8997,4
p0006_00000002_f0034_5,00000002,f0034,5,99,short_branch_artifact,0.5334,3
p0006_00000002_f0034_5,00000002,f0034,5,105,short_branch_artifact,0.643,3
p0006_00000002_f0034_5,00000002,f0034,5,110,crossing_or_overlap,0.8558,4
p0006_00000002_f0034_5,00000002,f0034,5,115,short_branch_artifact,0.6219,3
p0006_00000002_f0034_5,00000002,f0034,5,118,bifurcation,1.0,3
p0006_00000002_f0034_5,00000002,f0034,5,129,short_branch_artifact,0.6272,3
p0006_00000002_f0034_5,00000002,f0034,5,132,bifurcation,1.0,3
p0006_00000002_f0034_5,00000002,f0034,5,135,short_branch_artifact,0.6239,3
p0006_00000002_f0034_5,00000002,f0034,5,140,short_branch_artifact,0.6303,3
p0006_00000002_f0034_5,00000002,f0034,5,143,crossing_or_overlap,0.8676,4
p0006_00000002_f0034_5,00000002,f0034,5,158,short_branch_artifact,0.6445,3
p0006_00000002_f0034_5,00000002,f0034,5,165,short_branch_artifact,0.6268,3
p0006_00000002_f0034_5,00000002,f0034,5,166,short_branch_artifact,0.6139,3
p0006_00000002_f0034_5,00000002,f0034,5,169,short_branch_artifact,0.6158,3
p0006_00000002_f0035_5,00000002,f0035,5,7,short_branch_artifact,0.5963,3
p0006_00000002_f0035_5,00000002,f0035,5,10,short_branch_artifact,0.45,3
p0006_00000002_f0035_5,00000002,f0035,5,12,short_branch_artifact,0.6362,3
p0006_00000002_f0035_5,00000002,f0035,5,13,crossing_or_overlap,0.7037,4
p0006_00000002_f0035_5,00000002,f0035,5,21,short_branch_artifact,0.45,3
p0006_00000002_f0035_5,00000002,f0035,5,24,short_branch_artifact,0.4581,3
p0006_00000002_f0035_5,00000002,f0035,5,25,short_branch_artifact,0.4772,3
p0006_00000002_f0035_5,00000002,f0035,5,36,uncertain_high_order_branch,0.6742,4
p0006_00000002_f0035_5,00000002,f0035,5,37,short_branch_artifact,0.5098,3
p0006_00000002_f0035_5,00000002,f0035,5,40,short_branch_artifact,0.585,3
p0006_00000002_f0035_5,00000002,f0035,5,42,short_branch_artifact,0.5308,3
p0006_00000002_f0035_5,00000002,f0035,5,44,short_branch_artifact,0.6352,3
p0006_00000002_f0035_5,00000002,f0035,5,48,bifurcation,0.8902,3
p0006_00000002_f0035_5,00000002,f0035,5,51,uncertain_complex_junction,0.649,5
p0006_00000002_f0035_5,00000002,f0035,5,55,short_branch_artifact,0.6273,3
p0006_00000002_f0035_5,00000002,f0035,5,58,short_branch_artifact,0.5842,3
p0006_00000002_f0035_5,00000002,f0035,5,63,short_branch_artifact,0.6046,3
p0006_00000002_f0035_5,00000002,f0035,5,64,short_branch_artifact,0.5661,3
p0006_00000002_f0035_5,00000002,f0035,5,70,short_branch_artifact,0.6051,3
p0006_00000002_f0035_5,00000002,f0035,5,72,short_branch_artifact,0.5603,3
p0006_00000002_f0035_5,00000002,f0035,5,76,short_branch_artifact,0.5892,3
p0006_00000002_f0035_5,00000002,f0035,5,78,short_branch_artifact,0.5532,3
p0006_00000002_f0035_5,00000002,f0035,5,87,short_branch_artifact,0.6243,3
p0006_00000002_f0035_5,00000002,f0035,5,88,short_branch_artifact,0.623,3
p0006_00000002_f0035_5,00000002,f0035,5,91,short_branch_artifact,0.6228,3
p0006_00000002_f0035_5,00000002,f0035,5,95,short_branch_artifact,0.6163,3
p0006_00000002_f0035_5,00000002,f0035,5,100,bifurcation,0.9316,3
p0006_00000002_f0035_5,00000002,f0035,5,101,short_branch_artifact,0.6268,3
p0006_00000002_f0035_5,00000002,f0035,5,105,crossing_or_overlap,0.9011,4
p0006_00000002_f0035_5,00000002,f0035,5,108,crossing_or_overlap,0.7959,4
p0006_00000002_f0035_5,00000002,f0035,5,113,uncertain_complex_junction,0.7262,5
p0006_00000002_f0035_5,00000002,f0035,5,116,crossing_or_overlap,0.9121,4
p0006_00000002_f0035_5,00000002,f0035,5,142,bifurcation,0.9816,3
p0006_00000002_f0035_5,00000002,f0035,5,154,short_branch_artifact,0.6231,3
p0006_00000002_f0035_5,00000002,f0035,5,163,short_branch_artifact,0.6367,3
p0006_00000002_f0035_5,00000002,f0035,5,167,crossing_or_overlap,0.7259,4
p0006_00000002_f0035_5,00000002,f0035,5,170,short_branch_artifact,0.6345,3
p0006_00000002_f0035_5,00000002,f0035,5,191,short_branch_artifact,0.6377,3
p0006_00000002_f0036_5,00000002,f0036,5,10,short_branch_artifact,0.6135,3
p0006_00000002_f0036_5,00000002,f0036,5,11,bifurcation,1.0,3
p0006_00000002_f0036_5,00000002,f0036,5,17,short_branch_artifact,0.6487,3
p0006_00000002_f0036_5,00000002,f0036,5,18,short_branch_artifact,0.4876,3
p0006_00000002_f0036_5,00000002,f0036,5,22,short_branch_artifact,0.4774,3
p0006_00000002_f0036_5,00000002,f0036,5,27,short_branch_artifact,0.4789,3
p0006_00000002_f0036_5,00000002,f0036,5,29,short_branch_artifact,0.6063,3
p0006_00000002_f0036_5,00000002,f0036,5,35,uncertain_high_order_branch,0.6154,4
p0006_00000002_f0036_5,00000002,f0036,5,41,short_branch_artifact,0.5899,3
p0006_00000002_f0036_5,00000002,f0036,5,42,short_branch_artifact,0.491,3
p0006_00000002_f0036_5,00000002,f0036,5,44,bifurcation,0.8731,3
p0006_00000002_f0036_5,00000002,f0036,5,45,short_branch_artifact,0.5887,3
p0006_00000002_f0036_5,00000002,f0036,5,55,bifurcation,0.9631,3
p0006_00000002_f0036_5,00000002,f0036,5,60,bifurcation,0.9406,3
p0006_00000002_f0036_5,00000002,f0036,5,64,short_branch_artifact,0.6157,3
p0006_00000002_f0036_5,00000002,f0036,5,71,bifurcation,0.9455,3
p0006_00000002_f0036_5,00000002,f0036,5,75,short_branch_artifact,0.619,3
p0006_00000002_f0036_5,00000002,f0036,5,87,short_branch_artifact,0.5954,3
p0006_00000002_f0036_5,00000002,f0036,5,91,short_branch_artifact,0.6135,3
p0006_00000002_f0036_5,00000002,f0036,5,100,short_branch_artifact,0.6261,3
p0006_00000002_f0036_5,00000002,f0036,5,101,short_branch_artifact,0.6435,3
p0006_00000002_f0036_5,00000002,f0036,5,104,short_branch_artifact,0.6329,3
p0006_00000002_f0036_5,00000002,f0036,5,115,bifurcation,1.0,3
p0006_00000002_f0036_5,00000002,f0036,5,118,short_branch_artifact,0.6138,3
p0006_00000002_f0036_5,00000002,f0036,5,126,crossing_or_overlap,0.7933,4
p0006_00000002_f0036_5,00000002,f0036,5,133,bifurcation,1.0,3
p0006_00000002_f0036_5,00000002,f0036,5,151,short_branch_artifact,0.6279,3
p0006_00000002_f0037_5,00000002,f0037,5,12,short_branch_artifact,0.5445,3
p0006_00000002_f0037_5,00000002,f0037,5,14,short_branch_artifact,0.5826,3
p0006_00000002_f0037_5,00000002,f0037,5,15,bifurcation,0.8693,3
p0006_00000002_f0037_5,00000002,f0037,5,16,short_branch_artifact,0.5208,3
p0006_00000002_f0037_5,00000002,f0037,5,17,short_branch_artifact,0.5542,3
p0006_00000002_f0037_5,00000002,f0037,5,18,short_branch_artifact,0.5568,3
p0006_00000002_f0037_5,00000002,f0037,5,20,short_branch_artifact,0.4728,3
p0006_00000002_f0037_5,00000002,f0037,5,24,crossing_or_overlap,0.8819,4
p0006_00000002_f0037_5,00000002,f0037,5,29,short_branch_artifact,0.5373,3
p0006_00000002_f0037_5,00000002,f0037,5,30,short_branch_artifact,0.534,3
p0006_00000002_f0037_5,00000002,f0037,5,31,short_branch_artifact,0.6353,3
p0006_00000002_f0037_5,00000002,f0037,5,33,short_branch_artifact,0.6149,3
p0006_00000002_f0037_5,00000002,f0037,5,37,bifurcation,0.9701,3
p0006_00000002_f0037_5,00000002,f0037,5,39,short_branch_artifact,0.6062,3
p0006_00000002_f0037_5,00000002,f0037,5,40,short_branch_artifact,0.5846,3
p0006_00000002_f0037_5,00000002,f0037,5,41,short_branch_artifact,0.6141,3
p0006_00000002_f0037_5,00000002,f0037,5,51,short_branch_artifact,0.5797,3
p0006_00000002_f0037_5,00000002,f0037,5,55,short_branch_artifact,0.5983,3
p0006_00000002_f0037_5,00000002,f0037,5,60,short_branch_artifact,0.6185,3
p0006_00000002_f0037_5,00000002,f0037,5,63,short_branch_artifact,0.6174,3
p0006_00000002_f0037_5,00000002,f0037,5,68,short_branch_artifact,0.628,3
p0006_00000002_f0037_5,00000002,f0037,5,69,short_branch_artifact,0.6009,3
p0006_00000002_f0037_5,00000002,f0037,5,70,short_branch_artifact,0.6024,3
p0006_00000002_f0037_5,00000002,f0037,5,72,short_branch_artifact,0.5901,3
p0006_00000002_f0037_5,00000002,f0037,5,74,crossing_or_overlap,0.7019,4
p0006_00000002_f0037_5,00000002,f0037,5,83,crossing_or_overlap,0.8789,4
p0006_00000002_f0037_5,00000002,f0037,5,110,short_branch_artifact,0.6326,3
p0006_00000002_f0037_5,00000002,f0037,5,114,short_branch_artifact,0.6362,3
p0006_00000002_f0037_5,00000002,f0037,5,127,bifurcation,1.0,3
p0006_00000002_f0037_5,00000002,f0037,5,134,short_branch_artifact,0.6372,3
p0006_00000002_f0037_5,00000002,f0037,5,137,short_branch_artifact,0.639,3
p0006_00000002_f0037_5,00000002,f0037,5,145,crossing_or_overlap,0.7659,4
p0006_00000002_f0037_5,00000002,f0037,5,167,short_branch_artifact,0.6456,3
p0006_00000002_f0037_5,00000002,f0037,5,170,short_branch_artifact,0.6414,3
p0006_00000002_f0038_5,00000002,f0038,5,9,bifurcation,0.7894,3
p0006_00000002_f0038_5,00000002,f0038,5,17,uncertain_high_order_branch,0.6161,4
p0006_00000002_f0038_5,00000002,f0038,5,19,uncertain_high_order_branch,0.7547,4
p0006_00000002_f0038_5,00000002,f0038,5,23,bifurcation,0.8854,3
p0006_00000002_f0038_5,00000002,f0038,5,24,crossing_or_overlap,0.7623,4
p0006_00000002_f0038_5,00000002,f0038,5,25,short_branch_artifact,0.5601,3
p0006_00000002_f0038_5,00000002,f0038,5,27,short_branch_artifact,0.5238,3
p0006_00000002_f0038_5,00000002,f0038,5,30,short_branch_artifact,0.45,3
p0006_00000002_f0038_5,00000002,f0038,5,31,uncertain_high_order_branch,0.6945,4
p0006_00000002_f0038_5,00000002,f0038,5,33,crossing_or_overlap,0.7229,4
p0006_00000002_f0038_5,00000002,f0038,5,36,short_branch_artifact,0.6048,3
p0006_00000002_f0038_5,00000002,f0038,5,41,short_branch_artifact,0.5352,3
p0006_00000002_f0038_5,00000002,f0038,5,43,short_branch_artifact,0.5479,3
p0006_00000002_f0038_5,00000002,f0038,5,44,short_branch_artifact,0.635,3
p0006_00000002_f0038_5,00000002,f0038,5,50,uncertain_complex_junction,0.5663,5
p0006_00000002_f0038_5,00000002,f0038,5,54,crossing_or_overlap,0.6869,4
p0006_00000002_f0038_5,00000002,f0038,5,56,bifurcation,0.9384,3
p0006_00000002_f0038_5,00000002,f0038,5,62,short_branch_artifact,0.4988,3
p0006_00000002_f0038_5,00000002,f0038,5,64,crossing_or_overlap,0.7262,4
p0006_00000002_f0038_5,00000002,f0038,5,69,short_branch_artifact,0.6325,3
p0006_00000002_f0038_5,00000002,f0038,5,72,short_branch_artifact,0.5046,3
p0006_00000002_f0038_5,00000002,f0038,5,73,short_branch_artifact,0.5951,3
p0006_00000002_f0038_5,00000002,f0038,5,83,short_branch_artifact,0.6052,3
p0006_00000002_f0038_5,00000002,f0038,5,91,short_branch_artifact,0.6255,3
p0006_00000002_f0038_5,00000002,f0038,5,101,short_branch_artifact,0.6258,3
p0006_00000002_f0038_5,00000002,f0038,5,107,short_branch_artifact,0.6066,3
p0006_00000002_f0038_5,00000002,f0038,5,108,short_branch_artifact,0.5734,3
p0006_00000002_f0038_5,00000002,f0038,5,110,short_branch_artifact,0.6118,3
p0006_00000002_f0038_5,00000002,f0038,5,119,crossing_or_overlap,0.865,4
p0006_00000002_f0038_5,00000002,f0038,5,120,short_branch_artifact,0.6045,3
p0006_00000002_f0038_5,00000002,f0038,5,121,short_branch_artifact,0.5882,3
p0006_00000002_f0038_5,00000002,f0038,5,147,short_branch_artifact,0.6271,3
p0006_00000002_f0038_5,00000002,f0038,5,153,short_branch_artifact,0.6413,3
p0006_00000002_f0038_5,00000002,f0038,5,159,short_branch_artifact,0.6225,3
p0006_00000002_f0038_5,00000002,f0038,5,167,short_branch_artifact,0.6477,3
p0006_00000002_f0038_5,00000002,f0038,5,169,short_branch_artifact,0.6431,3
p0006_00000002_f0038_5,00000002,f0038,5,173,short_branch_artifact,0.6219,3
p0006_00000002_f0038_5,00000002,f0038,5,177,short_branch_artifact,0.6243,3
p0006_00000002_f0038_5,00000002,f0038,5,180,bifurcation,1.0,3
p0006_00000002_f0038_5,00000002,f0038,5,181,bifurcation,1.0,3
p0006_00000002_f0038_5,00000002,f0038,5,193,short_branch_artifact,0.6209,3
p0006_00000002_f0038_5,00000002,f0038,5,196,short_branch_artifact,0.6289,3
p0006_00000002_f0038_5,00000002,f0038,5,221,short_branch_artifact,0.6262,3
p0006_00000002_f0039_5,00000002,f0039,5,8,uncertain_high_order_branch,0.573,4
p0006_00000002_f0039_5,00000002,f0039,5,9,short_branch_artifact,0.5913,3
p0006_00000002_f0039_5,00000002,f0039,5,12,short_branch_artifact,0.4582,3
p0006_00000002_f0039_5,00000002,f0039,5,13,bifurcation,0.8797,3
p0006_00000002_f0039_5,00000002,f0039,5,14,crossing_or_overlap,0.8164,4
p0006_00000002_f0039_5,00000002,f0039,5,16,short_branch_artifact,0.5347,3
p0006_00000002_f0039_5,00000002,f0039,5,20,short_branch_artifact,0.5341,3
p0006_00000002_f0039_5,00000002,f0039,5,21,short_branch_artifact,0.45,3
p0006_00000002_f0039_5,00000002,f0039,5,25,short_branch_artifact,0.556,3
p0006_00000002_f0039_5,00000002,f0039,5,31,short_branch_artifact,0.5819,3
p0006_00000002_f0039_5,00000002,f0039,5,36,bifurcation,1.0,3
p0006_00000002_f0039_5,00000002,f0039,5,37,short_branch_artifact,0.5485,3
p0006_00000002_f0039_5,00000002,f0039,5,41,short_branch_artifact,0.6328,3
p0006_00000002_f0039_5,00000002,f0039,5,42,short_branch_artifact,0.539,3
p0006_00000002_f0039_5,00000002,f0039,5,46,short_branch_artifact,0.5833,3
p0006_00000002_f0039_5,00000002,f0039,5,48,short_branch_artifact,0.6065,3
p0006_00000002_f0039_5,00000002,f0039,5,57,short_branch_artifact,0.5536,3
p0006_00000002_f0039_5,00000002,f0039,5,60,short_branch_artifact,0.6264,3
p0006_00000002_f0039_5,00000002,f0039,5,63,short_branch_artifact,0.5893,3
p0006_00000002_f0039_5,00000002,f0039,5,66,short_branch_artifact,0.6119,3
p0006_00000002_f0039_5,00000002,f0039,5,69,crossing_or_overlap,0.6624,4
p0006_00000002_f0039_5,00000002,f0039,5,79,bifurcation,1.0,3
p0006_00000002_f0039_5,00000002,f0039,5,83,bifurcation,1.0,3
p0006_00000002_f0039_5,00000002,f0039,5,93,short_branch_artifact,0.5561,3
p0006_00000002_f0039_5,00000002,f0039,5,108,short_branch_artifact,0.5377,3
p0006_00000002_f0039_5,00000002,f0039,5,117,bifurcation,1.0,3
p0006_00000002_f0039_5,00000002,f0039,5,127,short_branch_artifact,0.5758,3
p0006_00000002_f0039_5,00000002,f0039,5,134,short_branch_artifact,0.6001,3
p0006_00000002_f0039_5,00000002,f0039,5,147,crossing_or_overlap,0.8258,4
p0006_00000002_f0039_5,00000002,f0039,5,151,short_branch_artifact,0.6108,3
p0006_00000002_f0039_5,00000002,f0039,5,164,bifurcation,1.0,3
p0006_00000002_f0039_5,00000002,f0039,5,165,short_branch_artifact,0.624,3
p0006_00000002_f0039_5,00000002,f0039,5,169,crossing_or_overlap,0.8646,4
p0006_00000002_f0039_5,00000002,f0039,5,175,bifurcation,1.0,3
p0006_00000002_f0039_5,00000002,f0039,5,188,short_branch_artifact,0.6193,3
p0006_00000002_f0039_5,00000002,f0039,5,191,short_branch_artifact,0.6248,3
p0006_00000002_f0039_5,00000002,f0039,5,209,crossing_or_overlap,0.9349,4
p0006_00000002_f0039_5,00000002,f0039,5,219,short_branch_artifact,0.6466,3
p0006_00000002_f0040_5,00000002,f0040,5,1,uncertain_high_order_branch,0.6065,4
p0006_00000002_f0040_5,00000002,f0040,5,2,short_branch_artifact,0.5303,3
p0006_00000002_f0040_5,00000002,f0040,5,10,short_branch_artifact,0.584,3
p0006_00000002_f0040_5,00000002,f0040,5,11,bifurcation,0.8879,3
p0006_00000002_f0040_5,00000002,f0040,5,12,bifurcation,0.9314,3
p0006_00000002_f0040_5,00000002,f0040,5,14,short_branch_artifact,0.486,3
p0006_00000002_f0040_5,00000002,f0040,5,15,short_branch_artifact,0.5766,3
p0006_00000002_f0040_5,00000002,f0040,5,22,short_branch_artifact,0.5303,3
p0006_00000002_f0040_5,00000002,f0040,5,37,short_branch_artifact,0.6184,3
p0006_00000002_f0040_5,00000002,f0040,5,42,short_branch_artifact,0.6128,3
p0006_00000002_f0040_5,00000002,f0040,5,44,short_branch_artifact,0.6321,3
p0006_00000002_f0040_5,00000002,f0040,5,49,short_branch_artifact,0.6203,3
p0006_00000002_f0040_5,00000002,f0040,5,52,short_branch_artifact,0.49,3
p0006_00000002_f0040_5,00000002,f0040,5,59,short_branch_artifact,0.5463,3
p0006_00000002_f0040_5,00000002,f0040,5,60,short_branch_artifact,0.4789,3
p0006_00000002_f0040_5,00000002,f0040,5,69,uncertain_high_order_branch,0.6248,4
p0006_00000002_f0040_5,00000002,f0040,5,72,short_branch_artifact,0.5115,3
p0006_00000002_f0040_5,00000002,f0040,5,75,bifurcation,1.0,3
p0006_00000002_f0040_5,00000002,f0040,5,76,short_branch_artifact,0.5953,3
p0006_00000002_f0040_5,00000002,f0040,5,85,bifurcation,0.9428,3
p0006_00000002_f0040_5,00000002,f0040,5,86,crossing_or_overlap,0.8253,4
p0006_00000002_f0040_5,00000002,f0040,5,93,crossing_or_overlap,0.9014,4
p0006_00000002_f0040_5,00000002,f0040,5,98,short_branch_artifact,0.6229,3
p0006_00000002_f0040_5,00000002,f0040,5,104,short_branch_artifact,0.5862,3
p0006_00000002_f0040_5,00000002,f0040,5,105,short_branch_artifact,0.5643,3
p0006_00000002_f0040_5,00000002,f0040,5,107,short_branch_artifact,0.5675,3
p0006_00000002_f0040_5,00000002,f0040,5,110,short_branch_artifact,0.5893,3
p0006_00000002_f0040_5,00000002,f0040,5,114,short_branch_artifact,0.622,3
p0006_00000002_f0040_5,00000002,f0040,5,115,short_branch_artifact,0.6454,3
p0006_00000002_f0040_5,00000002,f0040,5,120,bifurcation,1.0,3
p0006_00000002_f0040_5,00000002,f0040,5,128,short_branch_artifact,0.5627,3
p0006_00000002_f0040_5,00000002,f0040,5,142,short_branch_artifact,0.6173,3
p0006_00000002_f0040_5,00000002,f0040,5,147,short_branch_artifact,0.6358,3
p0006_00000002_f0040_5,00000002,f0040,5,148,short_branch_artifact,0.5891,3
p0006_00000002_f0040_5,00000002,f0040,5,149,short_branch_artifact,0.6328,3
p0006_00000002_f0040_5,00000002,f0040,5,158,short_branch_artifact,0.6435,3
p0006_00000002_f0040_5,00000002,f0040,5,160,short_branch_artifact,0.5894,3
p0006_00000002_f0040_5,00000002,f0040,5,175,short_branch_artifact,0.6354,3
p0006_00000002_f0040_5,00000002,f0040,5,180,short_branch_artifact,0.6346,3
p0006_00000002_f0040_5,00000002,f0040,5,183,short_branch_artifact,0.609,3
p0006_00000002_f0040_5,00000002,f0040,5,184,short_branch_artifact,0.6118,3
p0006_00000002_f0040_5,00000002,f0040,5,187,short_branch_artifact,0.622,3
p0006_00000002_f0040_5,00000002,f0040,5,196,crossing_or_overlap,0.8468,4
p0006_00000002_f0040_5,00000002,f0040,5,219,short_branch_artifact,0.6443,3
p0006_00000002_f0040_5,00000002,f0040,5,221,short_branch_artifact,0.6296,3
p0006_00000002_f0040_5,00000002,f0040,5,225,short_branch_artifact,0.6242,3
p0006_00000002_f0040_5,00000002,f0040,5,235,short_branch_artifact,0.6366,3
p0006_00000002_f0040_5,00000002,f0040,5,240,short_branch_artifact,0.6448,3
p0006_00000002_f0041_5,00000002,f0041,5,2,uncertain_high_order_branch,0.678,4
p0006_00000002_f0041_5,00000002,f0041,5,11,short_branch_artifact,0.5505,3
p0006_00000002_f0041_5,00000002,f0041,5,16,bifurcation,0.9434,3
p0006_00000002_f0041_5,00000002,f0041,5,17,uncertain_high_order_branch,0.7088,4
p0006_00000002_f0041_5,00000002,f0041,5,19,short_branch_artifact,0.529,3
p0006_00000002_f0041_5,00000002,f0041,5,22,short_branch_artifact,0.5625,3
p0006_00000002_f0041_5,00000002,f0041,5,34,short_branch_artifact,0.6026,3
p0006_00000002_f0041_5,00000002,f0041,5,40,short_branch_artifact,0.6162,3
p0006_00000002_f0041_5,00000002,f0041,5,41,short_branch_artifact,0.589,3
p0006_00000002_f0041_5,00000002,f0041,5,42,short_branch_artifact,0.609,3
p0006_00000002_f0041_5,00000002,f0041,5,44,short_branch_artifact,0.5733,3
p0006_00000002_f0041_5,00000002,f0041,5,49,short_branch_artifact,0.6048,3
p0006_00000002_f0041_5,00000002,f0041,5,50,short_branch_artifact,0.583,3
p0006_00000002_f0041_5,00000002,f0041,5,52,short_branch_artifact,0.5497,3
p0006_00000002_f0041_5,00000002,f0041,5,53,short_branch_artifact,0.6181,3
p0006_00000002_f0041_5,00000002,f0041,5,54,short_branch_artifact,0.6089,3
p0006_00000002_f0041_5,00000002,f0041,5,67,short_branch_artifact,0.5701,3
p0006_00000002_f0041_5,00000002,f0041,5,71,crossing_or_overlap,0.6404,4
p0006_00000002_f0041_5,00000002,f0041,5,72,short_branch_artifact,0.6345,3
p0006_00000002_f0041_5,00000002,f0041,5,77,short_branch_artifact,0.5819,3
p0006_00000002_f0041_5,00000002,f0041,5,78,bifurcation,0.998,3
p0006_00000002_f0041_5,00000002,f0041,5,79,short_branch_artifact,0.613,3
p0006_00000002_f0041_5,00000002,f0041,5,80,short_branch_artifact,0.5472,3
p0006_00000002_f0041_5,00000002,f0041,5,81,short_branch_artifact,0.6101,3
p0006_00000002_f0041_5,00000002,f0041,5,82,short_branch_artifact,0.6139,3
p0006_00000002_f0041_5,00000002,f0041,5,83,short_branch_artifact,0.6294,3
p0006_00000002_f0041_5,00000002,f0041,5,89,crossing_or_overlap,0.7225,4
p0006_00000002_f0041_5,00000002,f0041,5,91,short_branch_artifact,0.5932,3
p0006_00000002_f0041_5,00000002,f0041,5,93,short_branch_artifact,0.6277,3
p0006_00000002_f0041_5,00000002,f0041,5,99,short_branch_artifact,0.5755,3
p0006_00000002_f0041_5,00000002,f0041,5,116,short_branch_artifact,0.6095,3
p0006_00000002_f0041_5,00000002,f0041,5,127,short_branch_artifact,0.6374,3
p0006_00000002_f0041_5,00000002,f0041,5,132,short_branch_artifact,0.6118,3
p0006_00000002_f0041_5,00000002,f0041,5,142,bifurcation,1.0,3
p0006_00000002_f0041_5,00000002,f0041,5,143,short_branch_artifact,0.633,3
p0006_00000002_f0041_5,00000002,f0041,5,146,short_branch_artifact,0.6211,3
p0006_00000002_f0041_5,00000002,f0041,5,153,short_branch_artifact,0.6204,3
p0006_00000002_f0041_5,00000002,f0041,5,164,short_branch_artifact,0.6298,3
p0006_00000002_f0041_5,00000002,f0041,5,165,short_branch_artifact,0.6219,3
p0006_00000002_f0042_5,00000002,f0042,5,4,short_branch_artifact,0.5292,3
p0006_00000002_f0042_5,00000002,f0042,5,18,short_branch_artifact,0.5843,3
p0006_00000002_f0042_5,00000002,f0042,5,21,short_branch_artifact,0.4581,3
p0006_00000002_f0042_5,00000002,f0042,5,27,bifurcation,0.9259,3
p0006_00000002_f0042_5,00000002,f0042,5,29,crossing_or_overlap,0.7896,4
p0006_00000002_f0042_5,00000002,f0042,5,31,short_branch_artifact,0.5775,3
p0006_00000002_f0042_5,00000002,f0042,5,32,short_branch_artifact,0.5613,3
p0006_00000002_f0042_5,00000002,f0042,5,33,uncertain_high_order_branch,0.5694,4
p0006_00000002_f0042_5,00000002,f0042,5,48,short_branch_artifact,0.5591,3
p0006_00000002_f0042_5,00000002,f0042,5,58,short_branch_artifact,0.5846,3
p0006_00000002_f0042_5,00000002,f0042,5,59,short_branch_artifact,0.6341,3
p0006_00000002_f0042_5,00000002,f0042,5,65,uncertain_complex_junction,0.6943,5
p0006_00000002_f0042_5,00000002,f0042,5,77,short_branch_artifact,0.5894,3
p0006_00000002_f0042_5,00000002,f0042,5,78,short_branch_artifact,0.6067,3
p0006_00000002_f0042_5,00000002,f0042,5,80,short_branch_artifact,0.5537,3
p0006_00000002_f0042_5,00000002,f0042,5,83,short_branch_artifact,0.5313,3
p0006_00000002_f0042_5,00000002,f0042,5,85,short_branch_artifact,0.6233,3
p0006_00000002_f0042_5,00000002,f0042,5,86,short_branch_artifact,0.5262,3
p0006_00000002_f0042_5,00000002,f0042,5,88,bifurcation,1.0,3
p0006_00000002_f0042_5,00000002,f0042,5,89,short_branch_artifact,0.622,3
p0006_00000002_f0042_5,00000002,f0042,5,91,short_branch_artifact,0.6212,3
p0006_00000002_f0042_5,00000002,f0042,5,94,uncertain_high_order_branch,0.7525,4
p0006_00000002_f0042_5,00000002,f0042,5,101,short_branch_artifact,0.5549,3
p0006_00000002_f0042_5,00000002,f0042,5,107,bifurcation,0.9783,3
p0006_00000002_f0042_5,00000002,f0042,5,130,short_branch_artifact,0.6327,3
p0006_00000002_f0042_5,00000002,f0042,5,138,short_branch_artifact,0.6431,3
p0006_00000002_f0042_5,00000002,f0042,5,147,short_branch_artifact,0.6321,3
p0006_00000002_f0042_5,00000002,f0042,5,148,short_branch_artifact,0.6459,3
p0006_00000002_f0042_5,00000002,f0042,5,149,short_branch_artifact,0.6219,3
p0006_00000002_f0042_5,00000002,f0042,5,151,short_branch_artifact,0.6149,3
p0006_00000002_f0042_5,00000002,f0042,5,162,short_branch_artifact,0.6444,3
p0006_00000002_f0042_5,00000002,f0042,5,164,short_branch_artifact,0.6246,3
p0006_00000002_f0043_5,00000002,f0043,5,11,short_branch_artifact,0.5641,3
p0006_00000002_f0043_5,00000002,f0043,5,13,short_branch_artifact,0.6376,3
p0006_00000002_f0043_5,00000002,f0043,5,15,short_branch_artifact,0.5588,3
p0006_00000002_f0043_5,00000002,f0043,5,16,short_branch_artifact,0.5556,3
p0006_00000002_f0043_5,00000002,f0043,5,18,short_branch_artifact,0.5733,3
p0006_00000002_f0043_5,00000002,f0043,5,20,short_branch_artifact,0.5678,3
p0006_00000002_f0043_5,00000002,f0043,5,21,short_branch_artifact,0.5763,3
p0006_00000002_f0043_5,00000002,f0043,5,22,uncertain_complex_junction,0.7041,5
p0006_00000002_f0043_5,00000002,f0043,5,23,short_branch_artifact,0.5881,3
p0006_00000002_f0043_5,00000002,f0043,5,38,short_branch_artifact,0.6025,3
p0006_00000002_f0043_5,00000002,f0043,5,39,short_branch_artifact,0.6149,3
p0006_00000002_f0043_5,00000002,f0043,5,42,short_branch_artifact,0.5997,3
p0006_00000002_f0043_5,00000002,f0043,5,45,short_branch_artifact,0.5712,3
p0006_00000002_f0043_5,00000002,f0043,5,53,short_branch_artifact,0.6226,3
p0006_00000002_f0043_5,00000002,f0043,5,54,short_branch_artifact,0.611,3
p0006_00000002_f0043_5,00000002,f0043,5,58,short_branch_artifact,0.5913,3
p0006_00000002_f0043_5,00000002,f0043,5,61,short_branch_artifact,0.6382,3
p0006_00000002_f0043_5,00000002,f0043,5,62,short_branch_artifact,0.6243,3
p0006_00000002_f0043_5,00000002,f0043,5,64,short_branch_artifact,0.5998,3
p0006_00000002_f0043_5,00000002,f0043,5,73,crossing_or_overlap,0.6641,4
p0006_00000002_f0043_5,00000002,f0043,5,98,bifurcation,1.0,3
p0006_00000002_f0043_5,00000002,f0043,5,105,short_branch_artifact,0.6453,3
p0006_00000002_f0043_5,00000002,f0043,5,107,short_branch_artifact,0.6046,3
p0006_00000002_f0043_5,00000002,f0043,5,116,short_branch_artifact,0.6136,3
p0006_00000002_f0043_5,00000002,f0043,5,117,short_branch_artifact,0.6296,3
p0006_00000002_f0043_5,00000002,f0043,5,118,short_branch_artifact,0.6315,3
p0006_00000002_f0043_5,00000002,f0043,5,127,short_branch_artifact,0.6344,3
p0006_00000002_f0043_5,00000002,f0043,5,128,bifurcation,1.0,3
p0006_00000002_f0043_5,00000002,f0043,5,133,short_branch_artifact,0.6486,3
p0006_00000002_f0043_5,00000002,f0043,5,144,bifurcation,1.0,3
p0006_00000002_f0043_5,00000002,f0043,5,169,short_branch_artifact,0.6415,3
p0006_00000002_f0044_5,00000002,f0044,5,9,bifurcation,0.9806,3
p0006_00000002_f0044_5,00000002,f0044,5,13,short_branch_artifact,0.6275,3
p0006_00000002_f0044_5,00000002,f0044,5,15,short_branch_artifact,0.5464,3
p0006_00000002_f0044_5,00000002,f0044,5,18,short_branch_artifact,0.5652,3
p0006_00000002_f0044_5,00000002,f0044,5,20,short_branch_artifact,0.5129,3
p0006_00000002_f0044_5,00000002,f0044,5,22,short_branch_artifact,0.5502,3
p0006_00000002_f0044_5,00000002,f0044,5,24,short_branch_artifact,0.5344,3
p0006_00000002_f0044_5,00000002,f0044,5,32,short_branch_artifact,0.5864,3
p0006_00000002_f0044_5,00000002,f0044,5,33,short_branch_artifact,0.6142,3
p0006_00000002_f0044_5,00000002,f0044,5,36,bifurcation,0.9926,3
p0006_00000002_f0044_5,00000002,f0044,5,41,short_branch_artifact,0.583,3
p0006_00000002_f0044_5,00000002,f0044,5,42,short_branch_artifact,0.6116,3
p0006_00000002_f0044_5,00000002,f0044,5,47,short_branch_artifact,0.6338,3
p0006_00000002_f0044_5,00000002,f0044,5,49,short_branch_artifact,0.6124,3
p0006_00000002_f0044_5,00000002,f0044,5,51,short_branch_artifact,0.5134,3
p0006_00000002_f0044_5,00000002,f0044,5,54,short_branch_artifact,0.6129,3
p0006_00000002_f0044_5,00000002,f0044,5,59,short_branch_artifact,0.561,3
p0006_00000002_f0044_5,00000002,f0044,5,66,bifurcation,0.9867,3
p0006_00000002_f0044_5,00000002,f0044,5,67,short_branch_artifact,0.5141,3
p0006_00000002_f0044_5,00000002,f0044,5,69,short_branch_artifact,0.6242,3
p0006_00000002_f0044_5,00000002,f0044,5,72,short_branch_artifact,0.5922,3
p0006_00000002_f0044_5,00000002,f0044,5,86,short_branch_artifact,0.618,3
p0006_00000002_f0044_5,00000002,f0044,5,93,short_branch_artifact,0.5872,3
p0006_00000002_f0044_5,00000002,f0044,5,109,bifurcation,1.0,3
p0006_00000002_f0044_5,00000002,f0044,5,115,short_branch_artifact,0.6057,3
p0006_00000002_f0044_5,00000002,f0044,5,117,crossing_or_overlap,0.8021,4
p0006_00000002_f0044_5,00000002,f0044,5,127,short_branch_artifact,0.6215,3
p0006_00000002_f0044_5,00000002,f0044,5,132,short_branch_artifact,0.6177,3
p0006_00000002_f0044_5,00000002,f0044,5,133,short_branch_artifact,0.6138,3
p0006_00000002_f0044_5,00000002,f0044,5,148,crossing_or_overlap,0.8052,4
p0006_00000002_f0044_5,00000002,f0044,5,159,short_branch_artifact,0.6395,3
p0006_00000002_f0044_5,00000002,f0044,5,169,short_branch_artifact,0.626,3
p0006_00000002_f0044_5,00000002,f0044,5,179,bifurcation,1.0,3
p0006_00000002_f0045_5,00000002,f0045,5,6,short_branch_artifact,0.6072,3
p0006_00000002_f0045_5,00000002,f0045,5,11,short_branch_artifact,0.567,3
p0006_00000002_f0045_5,00000002,f0045,5,15,short_branch_artifact,0.6321,3
p0006_00000002_f0045_5,00000002,f0045,5,16,short_branch_artifact,0.6436,3
p0006_00000002_f0045_5,00000002,f0045,5,20,short_branch_artifact,0.4742,3
p0006_00000002_f0045_5,00000002,f0045,5,24,short_branch_artifact,0.4858,3
p0006_00000002_f0045_5,00000002,f0045,5,25,short_branch_artifact,0.4949,3
p0006_00000002_f0045_5,00000002,f0045,5,29,short_branch_artifact,0.5575,3
p0006_00000002_f0045_5,00000002,f0045,5,31,short_branch_artifact,0.4849,3
p0006_00000002_f0045_5,00000002,f0045,5,37,short_branch_artifact,0.5853,3
p0006_00000002_f0045_5,00000002,f0045,5,46,crossing_or_overlap,0.853,4
p0006_00000002_f0045_5,00000002,f0045,5,48,short_branch_artifact,0.6032,3
p0006_00000002_f0045_5,00000002,f0045,5,51,short_branch_artifact,0.6305,3
p0006_00000002_f0045_5,00000002,f0045,5,53,short_branch_artifact,0.635,3
p0006_00000002_f0045_5,00000002,f0045,5,58,short_branch_artifact,0.5816,3
p0006_00000002_f0045_5,00000002,f0045,5,61,short_branch_artifact,0.5691,3
p0006_00000002_f0045_5,00000002,f0045,5,64,short_branch_artifact,0.5754,3
p0006_00000002_f0045_5,00000002,f0045,5,71,short_branch_artifact,0.5822,3
p0006_00000002_f0045_5,00000002,f0045,5,74,crossing_or_overlap,0.7693,4
p0006_00000002_f0045_5,00000002,f0045,5,76,short_branch_artifact,0.5983,3
p0006_00000002_f0045_5,00000002,f0045,5,77,short_branch_artifact,0.6468,3
p0006_00000002_f0045_5,00000002,f0045,5,78,short_branch_artifact,0.6153,3
p0006_00000002_f0045_5,00000002,f0045,5,79,short_branch_artifact,0.5811,3
p0006_00000002_f0045_5,00000002,f0045,5,81,short_branch_artifact,0.6307,3
p0006_00000002_f0045_5,00000002,f0045,5,83,short_branch_artifact,0.5713,3
p0006_00000002_f0045_5,00000002,f0045,5,84,short_branch_artifact,0.6156,3
p0006_00000002_f0045_5,00000002,f0045,5,86,short_branch_artifact,0.5298,3
p0006_00000002_f0045_5,00000002,f0045,5,87,short_branch_artifact,0.5262,3
p0006_00000002_f0045_5,00000002,f0045,5,88,uncertain_high_order_branch,0.6746,4
p0006_00000002_f0045_5,00000002,f0045,5,106,short_branch_artifact,0.625,3
p0006_00000002_f0045_5,00000002,f0045,5,118,short_branch_artifact,0.6089,3
p0006_00000002_f0045_5,00000002,f0045,5,131,crossing_or_overlap,0.8251,4
p0006_00000002_f0045_5,00000002,f0045,5,138,short_branch_artifact,0.5902,3
p0006_00000002_f0045_5,00000002,f0045,5,139,short_branch_artifact,0.6332,3
p0006_00000002_f0045_5,00000002,f0045,5,140,short_branch_artifact,0.6388,3
p0006_00000002_f0045_5,00000002,f0045,5,142,short_branch_artifact,0.5971,3
p0006_00000002_f0045_5,00000002,f0045,5,156,crossing_or_overlap,0.908,4
p0006_00000002_f0045_5,00000002,f0045,5,162,short_branch_artifact,0.639,3
p0006_00000002_f0045_5,00000002,f0045,5,166,short_branch_artifact,0.6239,3
p0006_00000002_f0045_5,00000002,f0045,5,167,short_branch_artifact,0.6313,3
p0006_00000002_f0045_5,00000002,f0045,5,170,short_branch_artifact,0.6185,3
p0006_00000002_f0045_5,00000002,f0045,5,173,short_branch_artifact,0.6433,3
p0006_00000002_f0046_5,00000002,f0046,5,9,short_branch_artifact,0.6087,3
p0006_00000002_f0046_5,00000002,f0046,5,16,short_branch_artifact,0.5597,3
p0006_00000002_f0046_5,00000002,f0046,5,20,short_branch_artifact,0.6393,3
p0006_00000002_f0046_5,00000002,f0046,5,21,short_branch_artifact,0.6257,3
p0006_00000002_f0046_5,00000002,f0046,5,28,short_branch_artifact,0.4626,3
p0006_00000002_f0046_5,00000002,f0046,5,29,short_branch_artifact,0.4839,3
p0006_00000002_f0046_5,00000002,f0046,5,30,short_branch_artifact,0.4666,3
p0006_00000002_f0046_5,00000002,f0046,5,36,uncertain_high_order_branch,0.527,4
p0006_00000002_f0046_5,00000002,f0046,5,37,short_branch_artifact,0.4867,3
p0006_00000002_f0046_5,00000002,f0046,5,38,uncertain_high_order_branch,0.6543,4
p0006_00000002_f0046_5,00000002,f0046,5,40,short_branch_artifact,0.5913,3
p0006_00000002_f0046_5,00000002,f0046,5,42,short_branch_artifact,0.5952,3
p0006_00000002_f0046_5,00000002,f0046,5,43,uncertain_high_order_branch,0.6123,4
p0006_00000002_f0046_5,00000002,f0046,5,48,short_branch_artifact,0.6184,3
p0006_00000002_f0046_5,00000002,f0046,5,50,short_branch_artifact,0.5957,3
p0006_00000002_f0046_5,00000002,f0046,5,51,short_branch_artifact,0.6009,3
p0006_00000002_f0046_5,00000002,f0046,5,56,short_branch_artifact,0.5995,3
p0006_00000002_f0046_5,00000002,f0046,5,57,short_branch_artifact,0.6446,3
p0006_00000002_f0046_5,00000002,f0046,5,64,bifurcation,0.9893,3
p0006_00000002_f0046_5,00000002,f0046,5,68,bifurcation,0.933,3
p0006_00000002_f0046_5,00000002,f0046,5,76,short_branch_artifact,0.6017,3
p0006_00000002_f0046_5,00000002,f0046,5,77,short_branch_artifact,0.6008,3
p0006_00000002_f0046_5,00000002,f0046,5,78,bifurcation,1.0,3
p0006_00000002_f0046_5,00000002,f0046,5,82,uncertain_high_order_branch,0.6528,4
p0006_00000002_f0046_5,00000002,f0046,5,87,short_branch_artifact,0.6037,3
p0006_00000002_f0046_5,00000002,f0046,5,88,short_branch_artifact,0.6014,3
p0006_00000002_f0046_5,00000002,f0046,5,90,short_branch_artifact,0.6187,3
p0006_00000002_f0046_5,00000002,f0046,5,92,short_branch_artifact,0.5999,3
p0006_00000002_f0046_5,00000002,f0046,5,97,short_branch_artifact,0.6419,3
p0006_00000002_f0046_5,00000002,f0046,5,106,crossing_or_overlap,0.7578,4
p0006_00000002_f0046_5,00000002,f0046,5,107,uncertain_high_order_branch,0.6092,4
p0006_00000002_f0046_5,00000002,f0046,5,109,short_branch_artifact,0.6127,3
p0006_00000002_f0046_5,00000002,f0046,5,114,short_branch_artifact,0.5968,3
p0006_00000002_f0046_5,00000002,f0046,5,117,short_branch_artifact,0.6253,3
p0006_00000002_f0046_5,00000002,f0046,5,121,short_branch_artifact,0.613,3
p0006_00000002_f0046_5,00000002,f0046,5,131,bifurcation,0.9947,3
p0006_00000002_f0046_5,00000002,f0046,5,142,short_branch_artifact,0.6377,3
p0006_00000002_f0046_5,00000002,f0046,5,154,short_branch_artifact,0.6023,3
p0006_00000002_f0046_5,00000002,f0046,5,158,short_branch_artifact,0.6357,3
p0006_00000002_f0046_5,00000002,f0046,5,159,short_branch_artifact,0.6073,3
p0006_00000002_f0046_5,00000002,f0046,5,160,short_branch_artifact,0.5787,3
p0006_00000002_f0046_5,00000002,f0046,5,162,short_branch_artifact,0.6042,3
p0006_00000002_f0046_5,00000002,f0046,5,168,short_branch_artifact,0.6058,3
p0006_00000002_f0046_5,00000002,f0046,5,172,short_branch_artifact,0.6088,3
p0006_00000002_f0046_5,00000002,f0046,5,180,short_branch_artifact,0.6422,3
p0006_00000002_f0046_5,00000002,f0046,5,191,short_branch_artifact,0.6213,3
p0006_00000002_f0046_5,00000002,f0046,5,200,short_branch_artifact,0.6456,3
p0006_00000002_f0046_5,00000002,f0046,5,207,bifurcation,1.0,3
p0006_00000002_f0047_5,00000002,f0047,5,5,short_branch_artifact,0.5905,3
p0006_00000002_f0047_5,00000002,f0047,5,11,short_branch_artifact,0.5767,3
p0006_00000002_f0047_5,00000002,f0047,5,12,short_branch_artifact,0.6336,3
p0006_00000002_f0047_5,00000002,f0047,5,16,short_branch_artifact,0.6248,3
p0006_00000002_f0047_5,00000002,f0047,5,19,short_branch_artifact,0.45,3
p0006_00000002_f0047_5,00000002,f0047,5,21,short_branch_artifact,0.45,3
p0006_00000002_f0047_5,00000002,f0047,5,24,short_branch_artifact,0.4639,3
p0006_00000002_f0047_5,00000002,f0047,5,25,short_branch_artifact,0.5345,3
p0006_00000002_f0047_5,00000002,f0047,5,32,short_branch_artifact,0.5179,3
p0006_00000002_f0047_5,00000002,f0047,5,34,short_branch_artifact,0.5769,3
p0006_00000002_f0047_5,00000002,f0047,5,39,bifurcation,0.8793,3
p0006_00000002_f0047_5,00000002,f0047,5,44,bifurcation,0.8935,3
p0006_00000002_f0047_5,00000002,f0047,5,46,short_branch_artifact,0.6342,3
p0006_00000002_f0047_5,00000002,f0047,5,52,short_branch_artifact,0.5441,3
p0006_00000002_f0047_5,00000002,f0047,5,64,short_branch_artifact,0.5995,3
p0006_00000002_f0047_5,00000002,f0047,5,65,crossing_or_overlap,0.6561,4
p0006_00000002_f0047_5,00000002,f0047,5,67,short_branch_artifact,0.6092,3
p0006_00000002_f0047_5,00000002,f0047,5,69,crossing_or_overlap,0.6649,4
p0006_00000002_f0047_5,00000002,f0047,5,78,short_branch_artifact,0.6031,3
p0006_00000002_f0047_5,00000002,f0047,5,82,short_branch_artifact,0.6006,3
p0006_00000002_f0047_5,00000002,f0047,5,85,short_branch_artifact,0.6472,3
p0006_00000002_f0047_5,00000002,f0047,5,91,short_branch_artifact,0.6274,3
p0006_00000002_f0047_5,00000002,f0047,5,113,crossing_or_overlap,0.6247,4
p0006_00000002_f0047_5,00000002,f0047,5,115,short_branch_artifact,0.6399,3
p0006_00000002_f0047_5,00000002,f0047,5,119,bifurcation,1.0,3
p0006_00000002_f0047_5,00000002,f0047,5,122,short_branch_artifact,0.6481,3
p0006_00000002_f0047_5,00000002,f0047,5,131,short_branch_artifact,0.6341,3
p0006_00000002_f0047_5,00000002,f0047,5,132,short_branch_artifact,0.6064,3
p0006_00000002_f0047_5,00000002,f0047,5,133,short_branch_artifact,0.6174,3
p0006_00000002_f0047_5,00000002,f0047,5,143,uncertain_complex_junction,0.7454,5
p0006_00000002_f0047_5,00000002,f0047,5,154,crossing_or_overlap,0.9427,4
p0006_00000002_f0047_5,00000002,f0047,5,167,short_branch_artifact,0.6452,3
p0006_00000002_f0047_5,00000002,f0047,5,170,short_branch_artifact,0.6408,3
p0006_00000002_f0047_5,00000002,f0047,5,178,short_branch_artifact,0.6362,3
p0006_00000002_f0047_5,00000002,f0047,5,187,bifurcation,1.0,3
p0006_00000002_f0048_5,00000002,f0048,5,18,short_branch_artifact,0.568,3
p0006_00000002_f0048_5,00000002,f0048,5,21,short_branch_artifact,0.5696,3
p0006_00000002_f0048_5,00000002,f0048,5,27,short_branch_artifact,0.5058,3
p0006_00000002_f0048_5,00000002,f0048,5,31,short_branch_artifact,0.6421,3
p0006_00000002_f0048_5,00000002,f0048,5,32,short_branch_artifact,0.4948,3
p0006_00000002_f0048_5,00000002,f0048,5,39,short_branch_artifact,0.5592,3
p0006_00000002_f0048_5,00000002,f0048,5,40,bifurcation,1.0,3
p0006_00000002_f0048_5,00000002,f0048,5,47,short_branch_artifact,0.5912,3
p0006_00000002_f0048_5,00000002,f0048,5,49,short_branch_artifact,0.6256,3
p0006_00000002_f0048_5,00000002,f0048,5,51,short_branch_artifact,0.5728,3
p0006_00000002_f0048_5,00000002,f0048,5,52,short_branch_artifact,0.6143,3
p0006_00000002_f0048_5,00000002,f0048,5,57,bifurcation,0.937,3
p0006_00000002_f0048_5,00000002,f0048,5,69,bifurcation,0.9135,3
p0006_00000002_f0048_5,00000002,f0048,5,72,short_branch_artifact,0.5704,3
p0006_00000002_f0048_5,00000002,f0048,5,75,crossing_or_overlap,0.6352,4
p0006_00000002_f0048_5,00000002,f0048,5,78,short_branch_artifact,0.6158,3
p0006_00000002_f0048_5,00000002,f0048,5,80,short_branch_artifact,0.5868,3
p0006_00000002_f0048_5,00000002,f0048,5,81,short_branch_artifact,0.6308,3
p0006_00000002_f0048_5,00000002,f0048,5,82,bifurcation,0.9553,3
p0006_00000002_f0048_5,00000002,f0048,5,84,short_branch_artifact,0.5964,3
p0006_00000002_f0048_5,00000002,f0048,5,86,short_branch_artifact,0.6023,3
p0006_00000002_f0048_5,00000002,f0048,5,101,short_branch_artifact,0.6106,3
p0006_00000002_f0048_5,00000002,f0048,5,102,short_branch_artifact,0.6115,3
p0006_00000002_f0048_5,00000002,f0048,5,112,short_branch_artifact,0.6411,3
p0006_00000002_f0048_5,00000002,f0048,5,122,short_branch_artifact,0.5961,3
p0006_00000002_f0048_5,00000002,f0048,5,123,bifurcation,0.9895,3
p0006_00000002_f0048_5,00000002,f0048,5,124,short_branch_artifact,0.5847,3
p0006_00000002_f0048_5,00000002,f0048,5,125,bifurcation,1.0,3
p0006_00000002_f0048_5,00000002,f0048,5,128,short_branch_artifact,0.6184,3
p0006_00000002_f0048_5,00000002,f0048,5,129,short_branch_artifact,0.614,3
p0006_00000002_f0048_5,00000002,f0048,5,139,short_branch_artifact,0.6124,3
p0006_00000002_f0048_5,00000002,f0048,5,147,short_branch_artifact,0.6429,3
p0006_00000002_f0048_5,00000002,f0048,5,148,short_branch_artifact,0.6265,3
p0006_00000002_f0048_5,00000002,f0048,5,152,short_branch_artifact,0.6311,3
p0006_00000002_f0048_5,00000002,f0048,5,153,bifurcation,0.9917,3
p0006_00000002_f0048_5,00000002,f0048,5,167,short_branch_artifact,0.6442,3
p0006_00000002_f0048_5,00000002,f0048,5,171,short_branch_artifact,0.6425,3
p0006_00000002_f0048_5,00000002,f0048,5,174,short_branch_artifact,0.6393,3
p0006_00000002_f0048_5,00000002,f0048,5,175,short_branch_artifact,0.6385,3
p0006_00000002_f0048_5,00000002,f0048,5,185,crossing_or_overlap,0.8436,4
p0006_00000002_f0048_5,00000002,f0048,5,189,bifurcation,0.9742,3
p0006_00000002_f0049_5,00000002,f0049,5,11,short_branch_artifact,0.5108,3
p0006_00000002_f0049_5,00000002,f0049,5,18,short_branch_artifact,0.5515,3
p0006_00000002_f0049_5,00000002,f0049,5,19,bifurcation,0.8,3
p0006_00000002_f0049_5,00000002,f0049,5,20,crossing_or_overlap,0.7079,4
p0006_00000002_f0049_5,00000002,f0049,5,21,short_branch_artifact,0.5607,3
p0006_00000002_f0049_5,00000002,f0049,5,23,short_branch_artifact,0.4515,3
p0006_00000002_f0049_5,00000002,f0049,5,27,short_branch_artifact,0.564,3
p0006_00000002_f0049_5,00000002,f0049,5,33,uncertain_high_order_branch,0.6038,4
p0006_00000002_f0049_5,00000002,f0049,5,44,short_branch_artifact,0.5105,3
p0006_00000002_f0049_5,00000002,f0049,5,47,short_branch_artifact,0.602,3
p0006_00000002_f0049_5,00000002,f0049,5,48,short_branch_artifact,0.6129,3
p0006_00000002_f0049_5,00000002,f0049,5,49,short_branch_artifact,0.6292,3
p0006_00000002_f0049_5,00000002,f0049,5,51,short_branch_artifact,0.5693,3
p0006_00000002_f0049_5,00000002,f0049,5,52,short_branch_artifact,0.591,3
p0006_00000002_f0049_5,00000002,f0049,5,56,uncertain_high_order_branch,0.6633,4
p0006_00000002_f0049_5,00000002,f0049,5,62,short_branch_artifact,0.5289,3
p0006_00000002_f0049_5,00000002,f0049,5,67,short_branch_artifact,0.5229,3
p0006_00000002_f0049_5,00000002,f0049,5,68,short_branch_artifact,0.615,3
p0006_00000002_f0049_5,00000002,f0049,5,70,short_branch_artifact,0.6069,3
p0006_00000002_f0049_5,00000002,f0049,5,71,short_branch_artifact,0.5813,3
p0006_00000002_f0049_5,00000002,f0049,5,73,short_branch_artifact,0.4908,3
p0006_00000002_f0049_5,00000002,f0049,5,77,crossing_or_overlap,0.8114,4
p0006_00000002_f0049_5,00000002,f0049,5,78,short_branch_artifact,0.5798,3
p0006_00000002_f0049_5,00000002,f0049,5,80,short_branch_artifact,0.5906,3
p0006_00000002_f0049_5,00000002,f0049,5,82,short_branch_artifact,0.6031,3
p0006_00000002_f0049_5,00000002,f0049,5,85,short_branch_artifact,0.5983,3
p0006_00000002_f0049_5,00000002,f0049,5,90,bifurcation,0.999,3
p0006_00000002_f0049_5,00000002,f0049,5,94,bifurcation,1.0,3
p0006_00000002_f0049_5,00000002,f0049,5,96,short_branch_artifact,0.5846,3
p0006_00000002_f0049_5,00000002,f0049,5,98,short_branch_artifact,0.5993,3
p0006_00000002_f0049_5,00000002,f0049,5,110,short_branch_artifact,0.6261,3
p0006_00000002_f0049_5,00000002,f0049,5,113,short_branch_artifact,0.605,3
p0006_00000002_f0049_5,00000002,f0049,5,126,short_branch_artifact,0.6365,3
p0006_00000002_f0049_5,00000002,f0049,5,128,short_branch_artifact,0.6259,3
p0006_00000002_f0049_5,00000002,f0049,5,132,short_branch_artifact,0.6461,3
p0006_00000002_f0049_5,00000002,f0049,5,133,short_branch_artifact,0.6458,3
p0006_00000002_f0049_5,00000002,f0049,5,134,short_branch_artifact,0.6242,3
p0006_00000002_f0049_5,00000002,f0049,5,136,short_branch_artifact,0.6433,3
p0006_00000002_f0049_5,00000002,f0049,5,139,short_branch_artifact,0.6109,3
p0006_00000002_f0049_5,00000002,f0049,5,142,short_branch_artifact,0.6205,3
p0006_00000002_f0049_5,00000002,f0049,5,151,short_branch_artifact,0.6353,3
p0006_00000002_f0049_5,00000002,f0049,5,152,short_branch_artifact,0.5469,3
p0006_00000002_f0049_5,00000002,f0049,5,159,bifurcation,0.9255,3
p0006_00000002_f0049_5,00000002,f0049,5,167,short_branch_artifact,0.6429,3
p0006_00000002_f0049_5,00000002,f0049,5,170,short_branch_artifact,0.6115,3
p0006_00000002_f0049_5,00000002,f0049,5,172,short_branch_artifact,0.6239,3
p0006_00000002_f0049_5,00000002,f0049,5,174,bifurcation,0.9533,3
p0006_00000002_f0049_5,00000002,f0049,5,175,bifurcation,0.9838,3
p0006_00000002_f0049_5,00000002,f0049,5,178,short_branch_artifact,0.6285,3
p0006_00000002_f0049_5,00000002,f0049,5,187,short_branch_artifact,0.5872,3
p0006_00000002_f0049_5,00000002,f0049,5,188,short_branch_artifact,0.6075,3
p0006_00000002_f0049_5,00000002,f0049,5,194,short_branch_artifact,0.5824,3
p0006_00000002_f0049_5,00000002,f0049,5,200,bifurcation,1.0,3
p0006_00000002_f0049_5,00000002,f0049,5,214,short_branch_artifact,0.6227,3
p0006_00000002_f0049_5,00000002,f0049,5,220,short_branch_artifact,0.6301,3
p0006_00000002_f0049_5,00000002,f0049,5,225,short_branch_artifact,0.643,3
p0006_00000002_f0049_5,00000002,f0049,5,233,crossing_or_overlap,0.9367,4
p0006_00000002_f0049_5,00000002,f0049,5,235,bifurcation,1.0,3
p0006_00000002_f0049_5,00000002,f0049,5,250,bifurcation,1.0,3
p0006_00000002_f0049_5,00000002,f0049,5,257,crossing_or_overlap,0.9252,4
p0006_00000002_f0049_5,00000002,f0049,5,267,short_branch_artifact,0.6403,3
p0006_00000002_f0050_5,00000002,f0050,5,8,short_branch_artifact,0.5346,3
p0006_00000002_f0050_5,00000002,f0050,5,13,short_branch_artifact,0.4551,3
p0006_00000002_f0050_5,00000002,f0050,5,15,short_branch_artifact,0.5494,3
p0006_00000002_f0050_5,00000002,f0050,5,16,uncertain_high_order_branch,0.6241,4
p0006_00000002_f0050_5,00000002,f0050,5,17,bifurcation,0.9414,3
p0006_00000002_f0050_5,00000002,f0050,5,25,short_branch_artifact,0.4722,3
p0006_00000002_f0050_5,00000002,f0050,5,26,uncertain_high_order_branch,0.6879,4
p0006_00000002_f0050_5,00000002,f0050,5,31,short_branch_artifact,0.5672,3
p0006_00000002_f0050_5,00000002,f0050,5,33,short_branch_artifact,0.4838,3
p0006_00000002_f0050_5,00000002,f0050,5,38,short_branch_artifact,0.6059,3
p0006_00000002_f0050_5,00000002,f0050,5,40,short_branch_artifact,0.5613,3
p0006_00000002_f0050_5,00000002,f0050,5,42,bifurcation,0.9991,3
p0006_00000002_f0050_5,00000002,f0050,5,43,short_branch_artifact,0.6159,3
p0006_00000002_f0050_5,00000002,f0050,5,44,short_branch_artifact,0.5635,3
p0006_00000002_f0050_5,00000002,f0050,5,48,crossing_or_overlap,0.639,4
p0006_00000002_f0050_5,00000002,f0050,5,74,short_branch_artifact,0.6337,3
p0006_00000002_f0050_5,00000002,f0050,5,77,short_branch_artifact,0.5947,3
p0006_00000002_f0050_5,00000002,f0050,5,95,short_branch_artifact,0.6261,3
p0006_00000002_f0050_5,00000002,f0050,5,98,short_branch_artifact,0.6122,3
p0006_00000002_f0050_5,00000002,f0050,5,101,short_branch_artifact,0.5902,3
p0006_00000002_f0050_5,00000002,f0050,5,112,short_branch_artifact,0.5692,3
p0006_00000002_f0050_5,00000002,f0050,5,123,short_branch_artifact,0.5441,3
p0006_00000002_f0050_5,00000002,f0050,5,126,short_branch_artifact,0.606,3
p0006_00000002_f0050_5,00000002,f0050,5,137,short_branch_artifact,0.6292,3
p0006_00000002_f0050_5,00000002,f0050,5,139,short_branch_artifact,0.6178,3
p0006_00000002_f0050_5,00000002,f0050,5,143,short_branch_artifact,0.613,3
p0006_00000002_f0050_5,00000002,f0050,5,149,short_branch_artifact,0.5798,3
p0006_00000002_f0050_5,00000002,f0050,5,170,bifurcation,0.9595,3
p0006_00000002_f0050_5,00000002,f0050,5,171,crossing_or_overlap,0.8821,4
p0006_00000002_f0050_5,00000002,f0050,5,175,bifurcation,1.0,3
p0006_00000002_f0050_5,00000002,f0050,5,189,crossing_or_overlap,0.6794,4
p0006_00000002_f0050_5,00000002,f0050,5,203,short_branch_artifact,0.6191,3
p0006_00000002_f0050_5,00000002,f0050,5,204,short_branch_artifact,0.6422,3
p0006_00000002_f0050_5,00000002,f0050,5,206,short_branch_artifact,0.6344,3
p0006_00000002_f0050_5,00000002,f0050,5,207,short_branch_artifact,0.6431,3
p0006_00000002_f0050_5,00000002,f0050,5,212,short_branch_artifact,0.6339,3
p0006_00000002_f0051_5,00000002,f0051,5,5,short_branch_artifact,0.545,3
p0006_00000002_f0051_5,00000002,f0051,5,7,short_branch_artifact,0.5163,3
p0006_00000002_f0051_5,00000002,f0051,5,10,bifurcation,0.8934,3
p0006_00000002_f0051_5,00000002,f0051,5,12,crossing_or_overlap,0.8411,4
p0006_00000002_f0051_5,00000002,f0051,5,13,bifurcation,0.7988,3
p0006_00000002_f0051_5,00000002,f0051,5,14,short_branch_artifact,0.511,3
p0006_00000002_f0051_5,00000002,f0051,5,17,short_branch_artifact,0.5226,3
p0006_00000002_f0051_5,00000002,f0051,5,24,short_branch_artifact,0.6006,3
p0006_00000002_f0051_5,00000002,f0051,5,32,short_branch_artifact,0.6035,3
p0006_00000002_f0051_5,00000002,f0051,5,33,short_branch_artifact,0.606,3
p0006_00000002_f0051_5,00000002,f0051,5,38,short_branch_artifact,0.6412,3
p0006_00000002_f0051_5,00000002,f0051,5,39,short_branch_artifact,0.6024,3
p0006_00000002_f0051_5,00000002,f0051,5,40,short_branch_artifact,0.5773,3
p0006_00000002_f0051_5,00000002,f0051,5,43,short_branch_artifact,0.605,3
p0006_00000002_f0051_5,00000002,f0051,5,46,short_branch_artifact,0.5938,3
p0006_00000002_f0051_5,00000002,f0051,5,49,short_branch_artifact,0.5668,3
p0006_00000002_f0051_5,00000002,f0051,5,52,uncertain_high_order_branch,0.6652,4
p0006_00000002_f0051_5,00000002,f0051,5,73,short_branch_artifact,0.6072,3
p0006_00000002_f0051_5,00000002,f0051,5,76,short_branch_artifact,0.6229,3
p0006_00000002_f0051_5,00000002,f0051,5,77,crossing_or_overlap,0.6693,4
p0006_00000002_f0051_5,00000002,f0051,5,81,short_branch_artifact,0.5983,3
p0006_00000002_f0051_5,00000002,f0051,5,83,short_branch_artifact,0.5398,3
p0006_00000002_f0051_5,00000002,f0051,5,87,short_branch_artifact,0.6277,3
p0006_00000002_f0051_5,00000002,f0051,5,89,short_branch_artifact,0.6159,3
p0006_00000002_f0051_5,00000002,f0051,5,92,short_branch_artifact,0.5738,3
p0006_00000002_f0051_5,00000002,f0051,5,97,short_branch_artifact,0.5749,3
p0006_00000002_f0051_5,00000002,f0051,5,100,bifurcation,1.0,3
p0006_00000002_f0051_5,00000002,f0051,5,114,short_branch_artifact,0.5738,3
p0006_00000002_f0051_5,00000002,f0051,5,117,short_branch_artifact,0.541,3
p0006_00000002_f0051_5,00000002,f0051,5,134,short_branch_artifact,0.6317,3
p0006_00000002_f0051_5,00000002,f0051,5,151,short_branch_artifact,0.5907,3
p0006_00000002_f0051_5,00000002,f0051,5,154,crossing_or_overlap,0.8295,4
p0006_00000002_f0051_5,00000002,f0051,5,158,short_branch_artifact,0.5779,3
p0006_00000002_f0051_5,00000002,f0051,5,159,bifurcation,1.0,3
p0006_00000002_f0051_5,00000002,f0051,5,167,crossing_or_overlap,0.8502,4
p0006_00000002_f0051_5,00000002,f0051,5,177,short_branch_artifact,0.6354,3
p0006_00000002_f0051_5,00000002,f0051,5,179,short_branch_artifact,0.5861,3
p0006_00000002_f0051_5,00000002,f0051,5,199,short_branch_artifact,0.641,3
p0006_00000002_f0051_5,00000002,f0051,5,206,short_branch_artifact,0.622,3
p0006_00000002_f0051_5,00000002,f0051,5,208,short_branch_artifact,0.618,3
p0006_00000002_f0052_5,00000002,f0052,5,0,short_branch_artifact,0.539,3
p0006_00000002_f0052_5,00000002,f0052,5,1,short_branch_artifact,0.6219,3
p0006_00000002_f0052_5,00000002,f0052,5,6,short_branch_artifact,0.5419,3
p0006_00000002_f0052_5,00000002,f0052,5,7,short_branch_artifact,0.6006,3
p0006_00000002_f0052_5,00000002,f0052,5,8,bifurcation,1.0,3
p0006_00000002_f0052_5,00000002,f0052,5,9,short_branch_artifact,0.5526,3
p0006_00000002_f0052_5,00000002,f0052,5,13,short_branch_artifact,0.5514,3
p0006_00000002_f0052_5,00000002,f0052,5,17,short_branch_artifact,0.6078,3
p0006_00000002_f0052_5,00000002,f0052,5,30,bifurcation,0.9571,3
p0006_00000002_f0052_5,00000002,f0052,5,31,short_branch_artifact,0.5847,3
p0006_00000002_f0052_5,00000002,f0052,5,34,short_branch_artifact,0.6285,3
p0006_00000002_f0052_5,00000002,f0052,5,35,short_branch_artifact,0.6179,3
p0006_00000002_f0052_5,00000002,f0052,5,37,bifurcation,0.9419,3
p0006_00000002_f0052_5,00000002,f0052,5,38,short_branch_artifact,0.5527,3
p0006_00000002_f0052_5,00000002,f0052,5,42,short_branch_artifact,0.6229,3
p0006_00000002_f0052_5,00000002,f0052,5,47,short_branch_artifact,0.5503,3
p0006_00000002_f0052_5,00000002,f0052,5,56,short_branch_artifact,0.6134,3
p0006_00000002_f0052_5,00000002,f0052,5,58,short_branch_artifact,0.6205,3
p0006_00000002_f0052_5,00000002,f0052,5,59,bifurcation,1.0,3
p0006_00000002_f0052_5,00000002,f0052,5,67,short_branch_artifact,0.6279,3
p0006_00000002_f0052_5,00000002,f0052,5,83,bifurcation,0.9893,3
p0006_00000002_f0052_5,00000002,f0052,5,125,crossing_or_overlap,0.6566,4
p0006_00000002_f0052_5,00000002,f0052,5,126,short_branch_artifact,0.6406,3
p0006_00000002_f0052_5,00000002,f0052,5,130,short_branch_artifact,0.6085,3
p0006_00000002_f0052_5,00000002,f0052,5,131,short_branch_artifact,0.6388,3
p0006_00000002_f0052_5,00000002,f0052,5,135,short_branch_artifact,0.6251,3
p0006_00000002_f0052_5,00000002,f0052,5,143,bifurcation,1.0,3
p0006_00000002_f0052_5,00000002,f0052,5,145,bifurcation,0.914,3
p0006_00000002_f0052_5,00000002,f0052,5,146,short_branch_artifact,0.5653,3
p0006_00000002_f0052_5,00000002,f0052,5,149,short_branch_artifact,0.5898,3
p0006_00000002_f0052_5,00000002,f0052,5,153,bifurcation,1.0,3
p0006_00000002_f0052_5,00000002,f0052,5,175,short_branch_artifact,0.5967,3
p0006_00000002_f0052_5,00000002,f0052,5,176,short_branch_artifact,0.642,3
p0006_00000002_f0052_5,00000002,f0052,5,181,crossing_or_overlap,0.9285,4
p0006_00000002_f0052_5,00000002,f0052,5,185,short_branch_artifact,0.6328,3
p0006_00000002_f0052_5,00000002,f0052,5,190,bifurcation,1.0,3
p0006_00000002_f0052_5,00000002,f0052,5,195,short_branch_artifact,0.6425,3
p0006_00000002_f0052_5,00000002,f0052,5,203,short_branch_artifact,0.5955,3
